CustomerID,City,Zip Code,Tenure Months,Contract,Internet Service,Payment Method,Monthly Charges,Total Charges,Online Security,Online Backup,Device Protection,Tech Support,Streaming TV,Streaming Movies,prob_stay,prob_churn,churn_risk_pct,risk_band
0002-ORFBO,Frazier Park,93225,9,One year,DSL,Mailed check,65.6,593.3,No,Yes,No,Yes,Yes,No,0.7550725011478553,0.2449274988521447,24.5,Low
0003-MKNFE,Glendale,91206,9,Month-to-month,DSL,Mailed check,59.9,542.4,No,No,No,No,No,Yes,0.5635055869129257,0.43649441308707426,43.6,Medium
0013-MHZWF,Midpines,95345,9,Month-to-month,DSL,Credit card (automatic),69.4,571.45,No,No,No,Yes,Yes,Yes,0.8882318247485435,0.11176817525145659,11.2,Low
0013-SMEOE,Lompoc,93437,71,Two year,Fiber optic,Bank transfer (automatic),109.7,7904.25,Yes,Yes,Yes,Yes,Yes,Yes,0.9574296089247047,0.04257039107529527,4.3,Very low
0014-BMAQU,Napa,94558,63,Two year,Fiber optic,Credit card (automatic),84.65,5377.8,Yes,No,No,Yes,No,No,0.9522610572062495,0.047738942793750475,4.8,Very low
0015-UOCOJ,Simi Valley,93063,7,Month-to-month,DSL,Electronic check,48.2,340.35,Yes,No,No,No,No,No,0.6292944867176644,0.37070551328233564,37.1,Medium
0016-QLJIS,Sheridan,95681,65,Two year,DSL,Mailed check,90.45,5957.9,Yes,Yes,Yes,Yes,Yes,Yes,0.9931447034613881,0.006855296538611968,0.7,Very low
0017-DINOC,Rancho Santa Fe,92091,54,Two year,DSL,Credit card (automatic),45.2,2460.55,Yes,No,No,Yes,Yes,No,0.9771879774316317,0.022812022568368354,2.3,Very low
0017-IUDMW,Sunnyvale,94086,72,Two year,Fiber optic,Credit card (automatic),116.8,8456.75,Yes,Yes,Yes,Yes,Yes,Yes,0.9890097135460327,0.01099028645396723,1.1,Very low
0018-NYROU,Antelope,95843,5,Month-to-month,Fiber optic,Electronic check,68.95,351.5,No,No,No,No,No,No,0.26280902889527236,0.7371909711047276,73.7,Very high
0019-EFAEP,La Mesa,91942,72,Two year,Fiber optic,Bank transfer (automatic),101.3,7261.25,Yes,Yes,Yes,No,Yes,No,0.954371556888891,0.045628443111109064,4.6,Very low
0019-GFNTW,Los Olivos,93441,56,Two year,DSL,Bank transfer (automatic),45.05,2560.1,Yes,Yes,Yes,Yes,No,No,0.9852634529214443,0.014736547078555639,1.5,Very low
0020-INWCK,Woodlake,93286,71,Two year,Fiber optic,Credit card (automatic),95.75,6849.4,No,Yes,Yes,No,No,Yes,0.9829156357478136,0.017084364252186412,1.7,Very low
0020-JDNXP,Point Reyes Station,94956,34,One year,DSL,Mailed check,61.25,1993.2,Yes,No,Yes,Yes,Yes,Yes,0.9698153523126565,0.03018464768734356,3.0,Very low
0021-IKXGC,San Marcos,92078,1,Month-to-month,Fiber optic,Electronic check,72.1,72.1,No,No,No,No,No,No,0.22325885624435815,0.7767411437556418,77.7,Very high
0023-UYUPN,Ahwahnee,93601,50,One year,No,Electronic check,25.2,1306.3,No,No,No,No,No,No,0.9442594117951681,0.05574058820483183,5.6,Very low
0027-KWYKW,Alpaugh,93201,23,Month-to-month,Fiber optic,Electronic check,83.75,1849.95,No,No,No,No,Yes,No,0.6367484292447666,0.3632515707552334,36.3,Medium
0030-FNXPP,Keeler,93530,3,Month-to-month,No,Mailed check,19.85,57.2,No,No,No,No,No,No,0.8074994828328951,0.19250051716710492,19.3,Low
0036-IHMOT,Parlier,93648,55,One year,Fiber optic,Bank transfer (automatic),103.7,5656.75,No,Yes,Yes,Yes,Yes,Yes,0.9637670035862737,0.03623299641372631,3.6,Very low
0040-HALCW,Modesto,95358,54,Two year,No,Credit card (automatic),20.4,1090.6,No,No,No,No,No,No,0.997334034728885,0.0026659652711149987,0.3,Very low
0042-JVWOJ,Glen Ellen,95442,26,One year,No,Bank transfer (automatic),19.6,471.85,No,No,No,No,No,No,0.935269599947222,0.06473040005277803,6.5,Very low
0042-RLHYP,Eureka,95503,69,Two year,No,Bank transfer (automatic),19.7,1396.9,No,No,No,No,No,No,0.998324741442881,0.0016752585571189887,0.2,Very low
0048-LUMLS,Moss Beach,94038,37,One year,Fiber optic,Credit card (automatic),91.2,3247.55,No,No,No,No,Yes,Yes,0.9313607181128604,0.06863928188713965,6.9,Very low
0048-PIHNL,Los Angeles,90058,49,One year,No,Bank transfer (automatic),20.45,900.9,No,No,No,No,No,No,0.9715585741212386,0.028441425878761376,2.8,Very low
0052-DCKON,Los Angeles,90063,66,One year,Fiber optic,Bank transfer (automatic),115.8,7942.15,Yes,Yes,Yes,Yes,Yes,Yes,0.9167667784197804,0.08323322158021967,8.3,Very low
0052-YNYOT,Calexico,92231,67,One year,No,Electronic check,20.55,1343.4,No,No,No,No,No,No,0.9828501437470655,0.017149856252934515,1.7,Very low
0056-EPFBG,Redding,96003,20,Two year,DSL,Credit card (automatic),39.4,825.4,Yes,No,Yes,Yes,No,No,0.9802440664097394,0.019755933590260635,2.0,Very low
0057-QBUQH,San Martin,95046,43,Two year,No,Electronic check,25.1,1070.15,No,No,No,No,No,No,0.9912516928481125,0.008748307151887446,0.9,Very low
0058-EVZWM,Stockton,95209,55,Month-to-month,Fiber optic,Bank transfer (automatic),89.8,4959.6,Yes,No,No,No,Yes,No,0.6809306494380651,0.3190693505619348,31.9,Medium
0060-FUALY,Los Angeles,90003,59,Month-to-month,Fiber optic,Electronic check,94.75,5597.65,Yes,Yes,No,No,Yes,No,0.6521885519251447,0.34781144807485526,34.8,Medium
0064-SUDOG,Huntington Park,90255,12,Two year,No,Bank transfer (automatic),20.3,224.5,No,No,No,No,No,No,0.9887119127689619,0.011288087231038137,1.1,Very low
0064-YIJGF,Yermo,92398,27,Month-to-month,Fiber optic,Bank transfer (automatic),75.75,1929.0,No,No,No,No,No,No,0.7929830088419703,0.2070169911580297,20.7,Low
0068-FIGTF,Fremont,94539,27,One year,DSL,Mailed check,78.2,2078.95,No,Yes,Yes,Yes,Yes,Yes,0.8931183479927693,0.10688165200723067,10.7,Low
0071-NDAFP,Santa Rosa,95405,25,Two year,No,Credit card (automatic),25.5,630.6,No,No,No,No,No,No,0.9901179064296175,0.009882093570382477,1.0,Very low
0074-HDKDG,San Jose,95126,25,One year,DSL,Bank transfer (automatic),61.6,1611.0,Yes,Yes,Yes,No,No,No,0.8900381782620549,0.10996182173794515,11.0,Low
0076-LVEPS,Tujunga,91042,29,Month-to-month,DSL,Mailed check,45.0,1242.45,Yes,Yes,Yes,Yes,No,No,0.9586847654110653,0.04131523458893467,4.1,Very low
0078-XZMHT,Visalia,93291,72,Two year,DSL,Bank transfer (automatic),85.15,6316.2,No,Yes,Yes,Yes,Yes,Yes,0.9646843515287831,0.0353156484712169,3.5,Very low
0080-EMYVY,Lodi,95240,14,One year,DSL,Credit card (automatic),51.45,727.85,No,Yes,No,No,No,No,0.8848749173183279,0.11512508268167211,11.5,Low
0080-OROZO,El Portal,95318,35,One year,Fiber optic,Electronic check,99.25,3532.0,No,No,Yes,Yes,Yes,Yes,0.6885419357472949,0.31145806425270506,31.1,Medium
0082-LDZUE,Calistoga,94515,1,Month-to-month,DSL,Mailed check,44.3,44.3,No,No,No,No,No,No,0.5594347865190121,0.4405652134809878,44.1,Medium
0082-OQIQY,Farmington,95230,29,Month-to-month,Fiber optic,Electronic check,94.2,2607.6,No,No,No,Yes,Yes,Yes,0.45600337878971753,0.5439966212102825,54.4,High
0083-PIVIK,Tulelake,96134,64,One year,DSL,Electronic check,81.25,5567.55,Yes,Yes,Yes,Yes,Yes,No,0.9668686306064734,0.033131369393526566,3.3,Very low
0089-IIQKO,Coleville,96107,39,Month-to-month,Fiber optic,Credit card (automatic),99.95,3767.4,No,No,No,Yes,Yes,Yes,0.8310976705454935,0.16890232945450642,16.9,Low
0093-EXYQL,Ojai,93023,40,Month-to-month,Fiber optic,Electronic check,91.55,3673.6,No,No,No,No,Yes,Yes,0.46270074598519473,0.5372992540148053,53.7,High
0096-BXERS,Inverness,94937,6,Month-to-month,DSL,Electronic check,50.35,314.55,No,No,No,No,No,No,0.46988446685118546,0.5301155331488145,53.0,High
0096-FCPUF,Santa Rosa,95404,30,Month-to-month,DSL,Mailed check,64.5,1888.45,Yes,No,No,No,No,Yes,0.7261241557276155,0.2738758442723846,27.4,Medium
0098-BOWSO,San Jose,95131,27,Month-to-month,No,Electronic check,19.4,529.8,No,No,No,No,No,No,0.8318586919823113,0.16814130801768865,16.8,Low
0100-DUVFC,Wilmington,90744,70,One year,Fiber optic,Electronic check,104.8,7308.95,No,Yes,Yes,No,Yes,Yes,0.7467092773850301,0.2532907226149699,25.3,Medium
0103-CSITQ,Modesto,95357,57,One year,Fiber optic,Bank transfer (automatic),109.4,6252.7,No,Yes,Yes,Yes,Yes,Yes,0.800085026354431,0.199914973645569,20.0,Low
0104-PPXDV,San Diego,92113,58,One year,DSL,Credit card (automatic),50.3,2878.55,No,No,Yes,No,No,No,0.9582817114657657,0.04171828853423434,4.2,Very low
0106-GHRQR,Rancho Palos Verdes,90275,16,Month-to-month,DSL,Bank transfer (automatic),71.4,1212.1,No,Yes,Yes,No,No,Yes,0.5891843270980311,0.41081567290196885,41.1,Medium
0106-UGRDO,Kenwood,95452,69,Two year,Fiber optic,Electronic check,116.0,8182.85,Yes,Yes,Yes,Yes,Yes,Yes,0.9133123961284645,0.08668760387153553,8.7,Very low
0111-KLBQG,Morongo Valley,92256,32,Month-to-month,Fiber optic,Mailed check,93.95,2861.45,No,Yes,No,No,Yes,Yes,0.7829912998738765,0.21700870012612353,21.7,Low
0112-QAWRZ,Palo Verde,92266,16,Month-to-month,Fiber optic,Bank transfer (automatic),90.8,1442.2,No,No,Yes,No,Yes,No,0.6685989881141663,0.33140101188583376,33.1,Medium
0114-IGABW,Cambria,93428,71,Two year,DSL,Bank transfer (automatic),58.25,4145.9,No,Yes,Yes,Yes,Yes,Yes,0.9706590300261455,0.029340969973854512,2.9,Very low
0114-PEGZZ,Round Mountain,96084,33,Month-to-month,Fiber optic,Electronic check,107.55,3645.5,No,Yes,Yes,No,Yes,Yes,0.4444953299119758,0.5555046700880242,55.6,High
0114-RSRRW,Klamath,95548,10,Month-to-month,No,Bank transfer (automatic),19.95,187.75,No,No,No,No,No,No,0.7557423195095881,0.24425768049041185,24.4,Low
0118-JPNOY,Le Grand,95333,26,Month-to-month,Fiber optic,Credit card (automatic),85.8,2193.65,Yes,No,No,No,Yes,No,0.6079836147977455,0.3920163852022544,39.2,Medium
0121-SNYRK,Redway,95560,50,One year,DSL,Mailed check,35.4,1748.9,Yes,No,No,Yes,No,No,0.9447487068190132,0.055251293180986795,5.5,Very low
0123-CRBRT,Monterey Park,91755,61,Two year,DSL,Mailed check,88.1,5526.75,Yes,Yes,Yes,Yes,Yes,Yes,0.9728072931440955,0.02719270685590449,2.7,Very low
0128-MKWSG,Stevenson Ranch,91381,26,Month-to-month,DSL,Mailed check,45.8,1147.0,Yes,No,No,Yes,No,Yes,0.9534954583566148,0.046504541643385265,4.7,Very low
0129-KPTWJ,North Highlands,95660,72,Month-to-month,Fiber optic,Electronic check,94.65,6747.35,No,No,Yes,No,Yes,Yes,0.6616863610101712,0.3383136389898288,33.8,Medium
0129-QMPDR,La Puente,91746,44,One year,No,Bank transfer (automatic),20.5,865.05,No,No,No,No,No,No,0.9522598089912784,0.047740191008721566,4.8,Very low
0130-SXOUN,Glenhaven,95443,66,Month-to-month,Fiber optic,Credit card (automatic),89.4,5976.9,No,Yes,No,No,No,Yes,0.8275601729989883,0.17243982700101163,17.2,Low
0134-XWXCE,Santa Monica,90403,44,One year,DSL,Bank transfer (automatic),74.85,3268.05,No,No,Yes,Yes,Yes,Yes,0.9348860818115968,0.06511391818840317,6.5,Very low
0136-IFMYD,Los Angeles,90001,69,Two year,Fiber optic,Electronic check,109.95,7634.25,No,Yes,Yes,Yes,Yes,Yes,0.875423047839362,0.124576952160638,12.5,Low
0139-IVFJG,Inyokern,93527,2,Month-to-month,Fiber optic,Electronic check,90.35,190.5,Yes,Yes,No,No,Yes,No,0.35628858511902606,0.6437114148809739,64.4,High
0141-YEAYS,Lone Pine,93545,27,Month-to-month,Fiber optic,Bank transfer (automatic),86.45,2401.05,No,Yes,Yes,No,No,No,0.5313373262993932,0.4686626737006067,46.9,High
0142-GVYSN,Randsburg,93554,26,Month-to-month,No,Electronic check,20.3,511.25,No,No,No,No,No,No,0.8271008646503942,0.17289913534960577,17.3,Low
0147-ESWWR,Atascadero,93422,39,Month-to-month,Fiber optic,Electronic check,101.25,3949.15,No,No,No,Yes,Yes,Yes,0.3840111406413176,0.6159888593586824,61.6,High
0164-APGRB,Calistoga,94515,72,Two year,Fiber optic,Electronic check,114.9,8496.7,Yes,Yes,Yes,Yes,Yes,Yes,0.9392741462026293,0.060725853797370694,6.1,Very low
0164-XAIRP,La Mirada,90638,24,Two year,No,Bank transfer (automatic),19.55,470.2,No,No,No,No,No,No,0.9602475717356753,0.03975242826432467,4.0,Very low
0168-XZKBB,Boron,93516,19,Month-to-month,Fiber optic,Electronic check,86.85,1564.4,No,No,No,No,Yes,No,0.23276927285054327,0.7672307271494567,76.7,Very high
0174-QRVVY,San Marcos,92078,71,Two year,No,Credit card (automatic),25.35,1847.55,No,No,No,No,No,No,0.9978806416876521,0.0021193583123479084,0.2,Very low
0177-PXBAT,Desert Center,92239,33,Month-to-month,Fiber optic,Bank transfer (automatic),109.9,3694.7,Yes,No,Yes,Yes,Yes,Yes,0.5175610502621312,0.4824389497378688,48.2,High
0178-CIIKR,Crows Landing,95313,3,Month-to-month,No,Mailed check,19.95,58.0,No,No,No,No,No,No,0.8074994828328951,0.19250051716710492,19.3,Low
0178-SZBHO,Tuolumne,95379,47,Month-to-month,Fiber optic,Electronic check,87.2,4017.45,No,Yes,No,No,Yes,No,0.8601882207581093,0.13981177924189073,14.0,Low
0181-RITDD,San Diego,92120,62,Two year,Fiber optic,Mailed check,108.15,6825.65,Yes,Yes,Yes,Yes,Yes,Yes,0.9909345284994475,0.009065471500552516,0.9,Very low
0186-CAERR,Auburn,95603,71,One year,Fiber optic,Bank transfer (automatic),116.3,8309.55,Yes,Yes,Yes,Yes,Yes,Yes,0.9237944431203675,0.07620555687963247,7.6,Very low
0187-QSXOE,Fresno,93725,7,Month-to-month,Fiber optic,Electronic check,89.0,605.45,No,No,No,No,Yes,Yes,0.17407406614472765,0.8259259338552724,82.6,Very high
0187-WZNAB,Del Rey,93616,27,Month-to-month,Fiber optic,Mailed check,74.4,1972.35,Yes,No,No,No,No,No,0.9108997589181247,0.08910024108187528,8.9,Very low
0188-GWFLE,Redwood City,94065,2,Month-to-month,No,Mailed check,20.05,33.7,No,No,No,No,No,No,0.7999229118288916,0.20007708817110834,20.0,Low
0191-EQUUH,Landers,92285,25,Two year,DSL,Bank transfer (automatic),35.05,844.45,Yes,No,No,Yes,No,No,0.9905542942452192,0.009445705754780783,0.9,Very low
0191-ZHSKZ,Hawthorne,90250,30,Month-to-month,DSL,Electronic check,74.75,2111.3,Yes,Yes,No,No,Yes,Yes,0.6982989043115583,0.3017010956884417,30.2,Medium
0196-JTUQI,Clarksburg,95612,9,Month-to-month,Fiber optic,Credit card (automatic),75.2,633.85,No,No,No,No,No,No,0.37025216937557304,0.629747830624427,63.0,High
0197-PNKNK,Scotts Valley,95066,69,One year,Fiber optic,Bank transfer (automatic),84.45,5848.6,Yes,No,Yes,No,No,No,0.9859057793323139,0.014094220667686043,1.4,Very low
0201-MIBOL,Salida,95368,66,Two year,Fiber optic,Bank transfer (automatic),102.4,6471.85,Yes,No,No,No,Yes,Yes,0.9186456807573817,0.08135431924261831,8.1,Very low
0206-OYVOC,Huntington Beach,92649,46,Two year,No,Mailed check,19.25,864.2,No,No,No,No,No,No,0.9943046301573755,0.005695369842624503,0.6,Very low
0206-TBWLC,Calimesa,92320,54,One year,Fiber optic,Mailed check,114.65,6049.5,Yes,Yes,Yes,Yes,Yes,Yes,0.8257660086585272,0.17423399134147274,17.4,Low
0208-BPQEJ,Middletown,95461,12,Month-to-month,No,Bank transfer (automatic),19.4,198.1,No,No,No,No,No,No,0.9597521204943467,0.04024787950565339,4.0,Very low
0212-ISBBF,Berkeley,94705,22,Month-to-month,DSL,Electronic check,50.35,1098.85,No,Yes,No,No,Yes,Yes,0.4381530107434738,0.5618469892565262,56.2,High
0214-JHPFW,Lost Hills,93249,70,Two year,DSL,Bank transfer (automatic),57.8,4039.3,No,Yes,Yes,Yes,Yes,Yes,0.9696856527185631,0.030314347281436872,3.0,Very low
0215-BQKGS,Garden Grove,92844,30,Month-to-month,Fiber optic,Credit card (automatic),84.3,2438.6,Yes,Yes,Yes,No,No,No,0.7306452778051034,0.2693547221948966,26.9,Medium
0218-QNVAS,Indio,92203,71,One year,Fiber optic,Bank transfer (automatic),100.55,7113.75,No,Yes,No,No,Yes,Yes,0.9696305234547754,0.03036947654522464,3.0,Very low
0219-QAERP,Oxnard,93033,30,One year,No,Credit card (automatic),19.8,576.65,No,No,No,No,No,No,0.9493532047471892,0.05064679525281084,5.1,Very low
0221-NAUXK,Moreno Valley,92553,10,One year,No,Bank transfer (automatic),19.95,219.5,No,No,No,No,No,No,0.9770637026431973,0.022936297356802724,2.3,Very low
0221-WMXNQ,Chino,91710,4,Month-to-month,Fiber optic,Electronic check,75.35,273.4,Yes,No,No,No,No,No,0.47642749988436106,0.5235725001156389,52.4,High
0222-CNVPT,Sacramento,95820,52,Month-to-month,DSL,Credit card (automatic),48.8,2555.05,Yes,No,No,No,Yes,Yes,0.8037820823430694,0.19621791765693067,19.6,Low
0224-NIJLP,Turlock,95380,8,Two year,No,Mailed check,20.15,165.5,No,No,No,No,No,No,0.9855868457824719,0.014413154217528059,1.4,Very low
0224-RLWWD,Calexico,92231,2,Month-to-month,DSL,Electronic check,44.3,89.3,No,No,No,No,No,No,0.4980947317455753,0.5019052682544247,50.2,High
0225-ZORZP,Groveland,95321,3,Month-to-month,Fiber optic,Electronic check,84.3,235.05,No,Yes,No,No,No,Yes,0.34670967389958196,0.653290326100418,65.3,Very high
0228-MAUWC,Los Gatos,95033,19,Month-to-month,DSL,Electronic check,59.55,1144.6,No,No,Yes,Yes,No,No,0.7191280303203498,0.2808719696796503,28.1,Medium
0229-LFJAF,Clovis,93611,72,Two year,DSL,Bank transfer (automatic),69.65,4908.25,Yes,Yes,Yes,Yes,No,No,0.9923930564371323,0.007606943562867716,0.8,Very low
0230-UBYPQ,Hyampom,96046,63,One year,DSL,Bank transfer (automatic),36.1,2298.9,Yes,No,No,Yes,No,No,0.9684866331461303,0.03151336685386969,3.2,Very low
0230-WEQUW,Woodland Hills,91364,66,Two year,DSL,Bank transfer (automatic),56.6,3789.2,Yes,Yes,Yes,Yes,Yes,No,0.973292157806444,0.026707842193556017,2.7,Very low
0233-FTHAV,Livingston,95334,60,One year,Fiber optic,Bank transfer (automatic),79.2,4765.0,No,No,Yes,No,No,No,0.8681403599714852,0.13185964002851483,13.2,Low
0234-TEVTT,Tulare,93274,48,One year,DSL,Credit card (automatic),45.0,2196.3,Yes,No,Yes,No,No,Yes,0.9828363816940986,0.017163618305901386,1.7,Very low
0237-YFUTL,Midway City,92655,50,Month-to-month,Fiber optic,Bank transfer (automatic),109.65,5405.8,Yes,Yes,No,Yes,Yes,Yes,0.6827498293721856,0.3172501706278143,31.7,Medium
0238-WHBIQ,Folsom,95630,72,Two year,DSL,Credit card (automatic),89.7,6339.3,Yes,Yes,Yes,Yes,Yes,Yes,0.9966796019729229,0.0033203980270770637,0.3,Very low
0239-OXEXL,Oakland,94619,46,Month-to-month,Fiber optic,Mailed check,84.25,3847.6,Yes,Yes,No,No,No,No,0.8010320977209235,0.1989679022790764,19.9,Low
0244-LGNFY,San Anselmo,94960,72,Two year,DSL,Bank transfer (automatic),92.65,6733.0,Yes,Yes,Yes,Yes,Yes,Yes,0.996547996574436,0.003452003425563969,0.3,Very low
0247-SLUJI,Duarte,91010,1,Month-to-month,No,Mailed check,19.7,19.7,No,No,No,No,No,No,0.9363494973740398,0.06365050262596017,6.4,Very low
0248-IPDFW,Lake Elsinore,92530,1,Month-to-month,DSL,Electronic check,50.1,50.1,No,No,No,No,No,No,0.41067993815444825,0.5893200618455517,58.9,High
0248-PGHBZ,San Clemente,92672,67,Two year,Fiber optic,Bank transfer (automatic),92.45,6140.85,Yes,Yes,No,Yes,Yes,No,0.9709260373528705,0.029073962647129446,2.9,Very low
0253-ZTEOB,Los Angeles,90004,48,Two year,DSL,Electronic check,79.65,3870.3,No,Yes,No,Yes,Yes,Yes,0.9836803864133183,0.016319613586681686,1.6,Very low
0254-FNMCI,Downey,90241,72,Two year,Fiber optic,Electronic check,109.9,7624.2,Yes,Yes,Yes,Yes,Yes,Yes,0.9560858013328116,0.043914198667188424,4.4,Very low
0254-KCJGT,Bodega Bay,94923,52,One year,DSL,Credit card (automatic),81.4,4354.45,Yes,Yes,Yes,Yes,No,Yes,0.9416013752181208,0.058398624781879155,5.8,Very low
0254-WWRKD,Challenge,95925,67,One year,DSL,Credit card (automatic),50.55,3431.75,No,Yes,No,No,No,No,0.9942838847467984,0.005716115253201628,0.6,Very low
0257-KXZGU,Santa Clara,95051,32,Month-to-month,DSL,Bank transfer (automatic),62.45,2045.55,No,Yes,Yes,No,No,No,0.9464012819708788,0.05359871802912121,5.4,Very low
0258-NOKBL,Fortuna,95540,3,Month-to-month,Fiber optic,Electronic check,90.4,268.45,No,Yes,Yes,No,No,Yes,0.35109224267103456,0.6489077573289654,64.9,High
0263-FJTQO,Rescue,95672,50,Two year,DSL,Credit card (automatic),70.5,3486.65,Yes,No,No,Yes,Yes,No,0.9914095593426304,0.00859044065736956,0.9,Very low
0264-CNITK,Clio,96106,71,Two year,No,Bank transfer (automatic),20.1,1389.6,No,No,No,No,No,No,0.998433572788873,0.001566427211126942,0.2,Very low
0265-PSUAE,Lotus,95651,16,Month-to-month,Fiber optic,Bank transfer (automatic),100.7,1522.7,Yes,No,Yes,No,Yes,Yes,0.8199519496190666,0.18004805038093344,18.0,Low
0266-CLZKZ,San Marcos,92078,67,Two year,Fiber optic,Bank transfer (automatic),105.65,6717.9,No,No,Yes,Yes,Yes,Yes,0.9781672822471115,0.021832717752888576,2.2,Very low
0266-GMEAO,Lompoc,93436,72,Two year,Fiber optic,Credit card (automatic),114.3,8058.55,Yes,Yes,Yes,Yes,Yes,Yes,0.9888521806826434,0.011147819317356618,1.1,Very low
0269-XFESX,San Francisco,94133,23,One year,No,Mailed check,24.35,538.5,No,No,No,No,No,No,0.9785639789263773,0.021436021073622753,2.1,Very low
0270-THENM,Mission Hills,91345,72,Two year,DSL,Bank transfer (automatic),69.85,5102.35,Yes,Yes,Yes,Yes,No,No,0.9979897147198671,0.002010285280132927,0.2,Very low
0274-JKUJR,Los Angeles,90040,7,Month-to-month,DSL,Mailed check,58.85,465.7,Yes,Yes,Yes,No,Yes,Yes,0.829856873149946,0.17014312685005395,17.0,Low
0277-BKSQP,Harbor City,90710,8,Month-to-month,DSL,Electronic check,54.4,475.1,No,No,No,No,Yes,No,0.7769202763460474,0.22307972365395262,22.3,Low
0277-ORXQS,San Francisco,94108,66,Two year,DSL,Bank transfer (automatic),50.55,3364.55,No,No,No,Yes,Yes,Yes,0.9919128119246715,0.00808718807532849,0.8,Very low
0281-CNTZX,Pescadero,94060,63,Two year,No,Bank transfer (automatic),19.95,1234.8,No,No,No,No,No,No,0.9852117031021835,0.014788296897816413,1.5,Very low
0282-NVSJS,Aromas,95004,12,Month-to-month,DSL,Mailed check,29.3,355.9,No,No,No,Yes,No,No,0.856521940035261,0.14347805996473895,14.3,Low
0285-INHLN,Badger,93603,27,Month-to-month,DSL,Credit card (automatic),54.75,1510.3,Yes,Yes,No,No,No,No,0.9559650985528998,0.04403490144710022,4.4,Very low
0289-IVARM,Parlier,93648,35,Month-to-month,DSL,Electronic check,60.55,1982.6,Yes,Yes,Yes,No,No,No,0.8781456482852823,0.12185435171471773,12.2,Low
0292-WEGCH,Death Valley,92328,54,Month-to-month,DSL,Electronic check,86.2,4524.05,No,Yes,Yes,Yes,Yes,Yes,0.9348457817583415,0.06515421824165843,6.5,Very low
0295-QVKPB,Riverdale,93656,5,Month-to-month,DSL,Credit card (automatic),63.95,318.1,No,No,Yes,Yes,Yes,No,0.6433193883604909,0.35668061163950915,35.7,Medium
0297-RBCSG,San Francisco,94104,19,One year,DSL,Bank transfer (automatic),65.35,1231.85,No,Yes,No,Yes,No,Yes,0.8645735048313186,0.13542649516868144,13.5,Low
0298-XACET,Berry Creek,95916,52,Two year,DSL,Mailed check,50.2,2554.0,No,Yes,Yes,Yes,Yes,No,0.9903625144937033,0.009637485506296698,1.0,Very low
0301-FIDRB,Fulton,95439,72,Two year,DSL,Bank transfer (automatic),63.8,4684.3,Yes,Yes,Yes,Yes,Yes,Yes,0.9943211068010346,0.005678893198965446,0.6,Very low
0301-KOBTQ,Capitola,95010,32,Two year,No,Bank transfer (automatic),20.05,614.45,No,No,No,No,No,No,0.9689087944204944,0.031091205579505607,3.1,Very low
0303-UNCIP,Claremont,91711,41,One year,DSL,Mailed check,65.0,2531.8,No,No,Yes,No,No,Yes,0.8894753988139779,0.1105246011860221,11.1,Low
0303-WMMRN,Glendale,91207,5,Month-to-month,No,Mailed check,19.25,86.05,No,No,No,No,No,No,0.7560842802946621,0.24391571970533787,24.4,Low
0305-SQECB,Gardena,90248,11,One year,DSL,Mailed check,36.05,402.6,Yes,No,No,Yes,No,No,0.9593374567133719,0.040662543286628085,4.1,Very low
0307-BCOPK,San Francisco,94134,16,One year,No,Mailed check,19.05,326.65,No,No,No,No,No,No,0.9312077504971346,0.06879224950286549,6.9,Very low
0308-GIQJT,San Diego,92126,71,One year,Fiber optic,Bank transfer (automatic),105.75,7382.85,No,Yes,No,Yes,Yes,Yes,0.9198692666647906,0.08013073333520938,8.0,Very low
0308-IVGOK,Santa Ana,92703,11,One year,DSL,Credit card (automatic),40.4,422.6,No,Yes,Yes,Yes,No,No,0.8102093333520299,0.1897906666479701,19.0,Low
0310-SUCIN,Darwin,93522,71,One year,DSL,Bank transfer (automatic),84.8,6046.1,Yes,Yes,Yes,Yes,Yes,Yes,0.9686870274102165,0.03131297258978348,3.1,Very low
0310-VQXAM,San Bernardino,92404,9,Month-to-month,No,Mailed check,19.85,178.8,No,No,No,No,No,No,0.8349729167211457,0.16502708327885432,16.5,Low
0311-QYWSS,Garberville,95542,6,Month-to-month,DSL,Electronic check,49.45,314.6,Yes,No,No,No,No,No,0.6265698518535439,0.3734301481464562,37.3,Medium
0314-TKOSI,Upland,91784,6,Month-to-month,DSL,Mailed check,55.15,322.9,Yes,Yes,No,No,No,No,0.7777649722695616,0.2222350277304383,22.2,Low
0315-LVCRK,El Dorado Hills,95762,11,Month-to-month,Fiber optic,Electronic check,84.8,888.75,No,No,Yes,No,No,Yes,0.38880449448076493,0.6111955055192351,61.1,High
0318-ZOPWS,Malibu,90265,49,Two year,No,Bank transfer (automatic),20.15,973.35,No,No,No,No,No,No,0.9768526987812887,0.02314730121871138,2.3,Very low
0319-QZTCO,Santa Rosa,95401,3,Month-to-month,DSL,Credit card (automatic),58.7,168.6,No,Yes,No,No,Yes,No,0.8355884167407502,0.16441158325924976,16.4,Low
0320-DWVTU,Riverdale,93656,53,Two year,Fiber optic,Mailed check,99.5,5424.25,Yes,Yes,Yes,Yes,No,Yes,0.9664244421623389,0.033575557837661044,3.4,Very low
0323-XWWTN,San Lucas,93954,3,Two year,No,Mailed check,26.4,121.25,No,No,No,No,No,No,0.9744858481686419,0.025514151831358127,2.6,Very low
0326-VDYXE,Long Beach,90802,70,One year,Fiber optic,Electronic check,97.65,6982.5,No,No,Yes,No,Yes,Yes,0.7330772088225552,0.2669227911774448,26.7,Medium
0327-WFZSY,Samoa,95564,39,One year,Fiber optic,Electronic check,100.0,3835.55,No,No,Yes,No,Yes,Yes,0.8730206879141006,0.12697931208589944,12.7,Low
0330-BGYZE,Milford,96121,60,One year,Fiber optic,Bank transfer (automatic),102.5,6157.6,No,Yes,Yes,No,Yes,Yes,0.816569085093017,0.18343091490698307,18.3,Low
0334-ZFJSR,San Diego,92123,55,One year,DSL,Credit card (automatic),66.05,3462.1,Yes,Yes,No,Yes,No,No,0.9586090118603964,0.041390988139603666,4.1,Very low
0336-KXKFK,Santa Margarita,93453,72,Two year,DSL,Credit card (automatic),61.2,4390.25,Yes,No,Yes,Yes,Yes,Yes,0.9772612204237824,0.022738779576217588,2.3,Very low
0336-PIKEI,Orange,92869,72,Two year,DSL,Bank transfer (automatic),74.4,5360.75,Yes,Yes,Yes,Yes,Yes,No,0.9902191298484576,0.009780870151542418,1.0,Very low
0343-QLUZP,San Jose,95111,60,Two year,DSL,Bank transfer (automatic),39.6,2424.5,Yes,Yes,Yes,No,No,No,0.9817874571651489,0.018212542834851075,1.8,Very low
0345-XMMUG,Ione,95640,46,Two year,Fiber optic,Credit card (automatic),108.9,4854.3,No,Yes,Yes,Yes,Yes,Yes,0.8371246952266805,0.16287530477331946,16.3,Low
0347-UBKUZ,San Mateo,94404,15,Month-to-month,No,Mailed check,19.9,320.45,No,No,No,No,No,No,0.8626549640598533,0.13734503594014663,13.7,Low
0354-VXMJC,Los Angeles,90034,23,Two year,No,Credit card (automatic),19.6,426.65,No,No,No,No,No,No,0.992472920328595,0.007527079671405011,0.8,Very low
0356-ERHVT,Santa Cruz,95062,11,Month-to-month,DSL,Bank transfer (automatic),45.9,521.9,No,No,No,No,No,No,0.5964804808992021,0.4035195191007978,40.4,Medium
0356-OBMAC,Winchester,92596,56,Two year,Fiber optic,Bank transfer (automatic),99.9,5706.3,No,Yes,Yes,Yes,Yes,No,0.9203548037719728,0.07964519622802724,8.0,Very low
0357-NVCRI,El Cajon,92021,25,Month-to-month,No,Credit card (automatic),20.05,471.7,No,No,No,No,No,No,0.9810231791429086,0.018976820857091407,1.9,Very low
0361-HJRDX,Sherman Oaks,91403,68,Two year,DSL,Credit card (automatic),64.35,4539.6,Yes,Yes,Yes,Yes,Yes,Yes,0.983747648249247,0.016252351750752975,1.6,Very low
0362-RAOQO,Norco,92860,40,Two year,No,Credit card (automatic),19.65,830.25,No,No,No,No,No,No,0.9841957866872719,0.01580421331272812,1.6,Very low
0363-SVHYR,Paramount,90723,71,Two year,DSL,Bank transfer (automatic),86.85,6263.8,Yes,Yes,Yes,Yes,Yes,Yes,0.9963787622933893,0.003621237706610718,0.4,Very low
0365-BZUWY,San Juan Capistrano,92675,17,Month-to-month,Fiber optic,Electronic check,102.55,1742.5,No,Yes,Yes,No,Yes,Yes,0.19560149360484513,0.8043985063951549,80.4,Very high
0365-GXEZS,Copperopolis,95228,18,Month-to-month,Fiber optic,Electronic check,78.2,1468.75,No,No,Yes,Yes,No,No,0.525397746563175,0.4746022534368251,47.5,High
0365-TRTPY,Covina,91724,37,Month-to-month,Fiber optic,Bank transfer (automatic),91.2,3382.3,Yes,Yes,Yes,No,No,No,0.769927694825236,0.23007230517476393,23.0,Low
0366-NQSHS,Colusa,95932,2,Month-to-month,No,Mailed check,19.35,46.35,No,No,No,No,No,No,0.7999229118288916,0.20007708817110834,20.0,Low
0369-ZGOVK,Cypress,90630,28,One year,Fiber optic,Bank transfer (automatic),70.4,1992.2,No,No,No,No,No,No,0.9218056613286064,0.07819433867139355,7.8,Very low
0373-AIVNJ,Sacramento,95814,9,One year,DSL,Mailed check,39.55,373.0,Yes,Yes,Yes,No,No,No,0.8328876232503751,0.16711237674962487,16.7,Low
0374-AACSZ,Lancaster,93534,1,Month-to-month,DSL,Electronic check,50.15,50.15,Yes,No,No,No,No,No,0.6692362293208852,0.3307637706791148,33.1,Medium
0374-FIUCA,Orange,92867,65,Two year,No,Credit card (automatic),20.4,1414.45,No,No,No,No,No,No,0.9868707058619656,0.013129294138034469,1.3,Very low
0374-IOEGQ,Gonzales,93926,3,Month-to-month,DSL,Electronic check,44.6,122.7,No,No,No,No,No,No,0.5995036164809862,0.4004963835190138,40.0,Medium
0376-OIWME,San Ysidro,92173,36,Month-to-month,Fiber optic,Electronic check,93.6,3366.05,Yes,No,No,No,Yes,Yes,0.4524232929202635,0.5475767070797365,54.8,High
0377-JBKKT,Gilroy,95020,22,Month-to-month,DSL,Mailed check,57.95,1271.8,Yes,Yes,No,Yes,No,No,0.9566038715387665,0.04339612846123357,4.3,Very low
0378-CJKPV,Oak Park,91377,72,Two year,Fiber optic,Credit card (automatic),112.1,7965.95,Yes,Yes,Yes,Yes,Yes,Yes,0.9621534103502634,0.03784658964973667,3.8,Very low
0379-DJQHR,Sunnyvale,94089,67,Two year,DSL,Credit card (automatic),81.35,5398.6,Yes,Yes,Yes,No,Yes,Yes,0.9806035319613932,0.019396468038606875,1.9,Very low
0380-NEAVX,Newport Beach,92660,34,One year,Fiber optic,Electronic check,99.85,3343.15,No,Yes,Yes,No,Yes,Yes,0.6212923602498095,0.3787076397501905,37.9,Medium
0380-ZCSBI,San Francisco,94133,10,Month-to-month,No,Credit card (automatic),20.0,198.7,No,No,No,No,No,No,0.8589906926904515,0.14100930730954853,14.1,Low
0383-CLDDA,Stanford,94305,69,Two year,DSL,Credit card (automatic),85.35,5897.4,Yes,No,Yes,Yes,Yes,Yes,0.9785173359108285,0.02148266408917154,2.1,Very low
0384-LPITE,Los Angeles,90041,40,One year,DSL,Credit card (automatic),62.05,2511.55,Yes,Yes,Yes,No,Yes,Yes,0.9041791284687191,0.09582087153128098,9.6,Very low
0384-RVBPI,Turlock,95380,20,Month-to-month,DSL,Credit card (automatic),64.4,1398.6,Yes,No,Yes,No,No,Yes,0.8186486855900942,0.18135131440990582,18.1,Low
0386-CWRGM,Beverly Hills,90210,46,Two year,No,Mailed check,19.4,967.85,No,No,No,No,No,No,0.9960013482276612,0.003998651772338773,0.4,Very low
0392-BZIUW,Fresno,93710,72,Two year,Fiber optic,Credit card (automatic),105.0,7589.8,Yes,No,Yes,No,Yes,Yes,0.9196451444664014,0.08035485553359853,8.0,Very low
0394-YONDK,Escondido,92025,70,Two year,No,Credit card (automatic),25.15,1790.15,No,No,No,No,No,No,0.9978082935631414,0.0021917064368586247,0.2,Very low
0396-HUJBP,Gardena,90247,2,Month-to-month,No,Mailed check,19.3,44.4,No,No,No,No,No,No,0.8022162574269737,0.19778374257302633,19.8,Low
0396-UKGAI,Encinitas,92024,23,Month-to-month,DSL,Bank transfer (automatic),55.3,1284.2,No,Yes,No,Yes,No,No,0.9585011719854922,0.04149882801450782,4.1,Very low
0396-YCHWO,Sacramento,95829,36,Month-to-month,Fiber optic,Electronic check,95.4,3474.2,No,No,No,No,Yes,Yes,0.2887688407923882,0.7112311592076118,71.1,Very high
0397-ZXWQF,Orick,95555,67,Two year,No,Bank transfer (automatic),20.5,1430.95,No,No,No,No,No,No,0.9931186278300139,0.006881372169986081,0.7,Very low
0401-WDBXM,San Jose,95118,72,Two year,Fiber optic,Bank transfer (automatic),105.55,7542.25,Yes,No,Yes,No,Yes,Yes,0.9818222334180231,0.01817776658197694,1.8,Very low
0402-OAMEN,Spreckels,93962,72,Two year,No,Bank transfer (automatic),24.45,1709.1,No,No,No,No,No,No,0.9978692702230936,0.0021307297769063934,0.2,Very low
0404-AHASP,Beverly Hills,90212,72,Two year,No,Credit card (automatic),19.7,1421.9,No,No,No,No,No,No,0.9926856177622978,0.007314382237702202,0.7,Very low
0409-WTMPL,Whittier,90602,58,One year,Fiber optic,Credit card (automatic),110.65,6526.65,Yes,Yes,Yes,No,Yes,Yes,0.8186150559620456,0.18138494403795435,18.1,Low
0410-IPFTY,Long Beach,90822,31,Month-to-month,Fiber optic,Bank transfer (automatic),83.85,2674.15,No,Yes,No,No,No,Yes,0.5138626544107574,0.48613734558924265,48.6,High
0411-EZJZE,Stockton,95215,3,Month-to-month,DSL,Electronic check,60.25,170.5,No,No,No,No,Yes,No,0.3579486745235547,0.6420513254764453,64.2,High
0412-UCCNP,Essex,92332,55,Two year,DSL,Electronic check,59.2,3175.85,Yes,No,Yes,Yes,No,No,0.9782741692571812,0.021725830742818752,2.2,Very low
0419-YAAPX,Grass Valley,95949,49,Month-to-month,Fiber optic,Credit card (automatic),85.3,4297.95,No,Yes,No,No,Yes,No,0.6627759622965138,0.3372240377034862,33.7,Medium
0420-HLGXF,Visalia,93291,39,Month-to-month,Fiber optic,Electronic check,99.75,4036.0,No,No,Yes,No,Yes,Yes,0.37620347210252614,0.6237965278974739,62.4,High
0420-TXVSG,San Jose,95112,66,Two year,DSL,Credit card (automatic),66.1,4428.45,Yes,Yes,Yes,No,No,No,0.9769929656729469,0.023007034327053064,2.3,Very low
0422-OHQHQ,Fresno,93722,15,One year,No,Mailed check,20.55,295.95,No,No,No,No,No,No,0.9079368193538613,0.09206318064613876,9.2,Very low
0422-UXFAP,San Diego,92117,51,One year,Fiber optic,Electronic check,98.85,4947.55,No,No,Yes,No,Yes,Yes,0.5917343098110583,0.4082656901889416,40.8,Medium
0423-UDIJQ,Snelling,95369,9,Month-to-month,DSL,Mailed check,49.2,447.9,No,No,No,Yes,No,No,0.7643881502065675,0.2356118497934325,23.6,Low
0428-AXXLJ,Bellflower,90706,25,One year,No,Bank transfer (automatic),19.5,516.3,No,No,No,No,No,No,0.9332029820343476,0.06679701796565238,6.7,Very low
0428-IKYCP,Sonora,95370,22,Month-to-month,Fiber optic,Bank transfer (automatic),87.0,1850.65,No,No,Yes,No,Yes,No,0.4076000256545207,0.5923999743454793,59.2,High
0430-IHCDJ,Highland,92346,15,Month-to-month,DSL,Electronic check,49.0,749.25,No,No,No,No,No,No,0.5238337957047512,0.47616620429524886,47.6,High
0432-CAJZV,Onyx,93255,3,Month-to-month,Fiber optic,Mailed check,90.7,237.65,No,No,No,No,Yes,Yes,0.31894840777751665,0.6810515922224833,68.1,Very high
0434-CSFON,Los Angeles,90071,47,Month-to-month,Fiber optic,Electronic check,100.5,4707.1,No,No,Yes,No,Yes,Yes,0.37809262702744173,0.6219073729725583,62.2,High
0436-TWFFZ,Long Beach,90805,67,Two year,DSL,Mailed check,85.25,5714.2,Yes,No,Yes,Yes,Yes,Yes,0.9733903210419026,0.02660967895809736,2.7,Very low
0439-IFYUN,Westley,95387,18,Month-to-month,Fiber optic,Electronic check,74.7,1294.6,No,Yes,No,No,No,No,0.4437849262040052,0.5562150737959948,55.6,High
0440-EKDCF,Herlong,96113,62,Two year,DSL,Credit card (automatic),60.15,3753.2,No,Yes,Yes,Yes,No,No,0.9805993950797376,0.019400604920262424,1.9,Very low
0440-MOGPM,Petaluma,94954,41,One year,DSL,Electronic check,80.55,3263.9,No,Yes,Yes,No,Yes,Yes,0.7839192044015805,0.2160807955984195,21.6,Low
0440-QEXBZ,Mojave,93501,44,Month-to-month,DSL,Mailed check,50.15,2139.1,No,No,No,No,No,No,0.7954165007621159,0.20458349923788405,20.5,Low
0440-UEDAI,Callahan,96014,53,One year,Fiber optic,Credit card (automatic),94.45,5042.75,No,Yes,Yes,Yes,No,Yes,0.9021184472861659,0.09788155271383416,9.8,Very low
0442-TDYUO,Bodega,94922,48,Two year,No,Mailed check,20.05,1036.0,No,No,No,No,No,No,0.9732945040882226,0.026705495911777392,2.7,Very low
0442-ZXKVS,Denair,95316,54,One year,Fiber optic,Bank transfer (automatic),115.6,6431.05,Yes,Yes,Yes,Yes,Yes,Yes,0.8365178638814161,0.1634821361185839,16.3,Low
0447-RXSGD,Monterey,93940,24,Month-to-month,Fiber optic,Bank transfer (automatic),99.65,2404.85,No,Yes,No,No,Yes,Yes,0.3673444397807686,0.6326555602192314,63.3,High
0454-OKRCT,Palo Alto,94301,33,Two year,Fiber optic,Bank transfer (automatic),80.6,2651.1,No,Yes,No,Yes,No,No,0.9339762803307743,0.06602371966922568,6.6,Very low
0455-ENTCR,Jamestown,95327,66,Two year,DSL,Electronic check,85.25,5538.35,Yes,Yes,No,Yes,Yes,Yes,0.9689076782479614,0.031092321752038563,3.1,Very low
0455-XFASS,Campbell,95008,3,Month-to-month,Fiber optic,Electronic check,69.55,200.2,No,No,No,No,No,No,0.6273259447552948,0.37267405524470526,37.3,Medium
0458-HEUZG,Alderpoint,95511,13,Two year,DSL,Mailed check,35.4,450.4,No,No,Yes,Yes,No,No,0.8985883700122511,0.10141162998774889,10.1,Low
0459-SPZHJ,Garden Grove,92843,63,Two year,DSL,Credit card (automatic),83.5,5435.0,Yes,Yes,Yes,No,Yes,Yes,0.9691309841632774,0.030869015836722594,3.1,Very low
0463-TXOAK,Madison,95653,52,Two year,No,Credit card (automatic),25.6,1334.5,No,No,No,No,No,No,0.9969768262158639,0.003023173784136037,0.3,Very low
0463-WZZKO,Van Nuys,91406,3,Month-to-month,No,Credit card (automatic),20.75,67.1,No,No,No,No,No,No,0.7713683565795474,0.2286316434204526,22.9,Low
0463-ZSDNT,Escondido,92026,10,Month-to-month,DSL,Bank transfer (automatic),56.75,503.25,No,No,No,No,No,Yes,0.5924544978328757,0.40754550216712426,40.8,Medium
0464-WJTKO,Cedarville,96104,72,Two year,No,Bank transfer (automatic),20.1,1460.85,No,No,No,No,No,No,0.9984853118085879,0.001514688191412117,0.2,Very low
0468-YRPXN,Lomita,90717,29,Month-to-month,Fiber optic,Credit card (automatic),98.8,2807.1,No,No,Yes,Yes,Yes,Yes,0.5664533699611609,0.43354663003883914,43.4,Medium
0471-ARVMX,Kelseyville,95451,62,One year,Fiber optic,Electronic check,104.85,6312.9,Yes,No,Yes,No,Yes,Yes,0.7479694784249775,0.25203052157502254,25.2,Medium
0479-HMSWA,San Clemente,92672,26,Two year,Fiber optic,Electronic check,105.45,2715.3,No,Yes,Yes,Yes,Yes,Yes,0.9418069996669723,0.058193000333027683,5.8,Very low
0480-BIXDE,Beale Afb,95903,19,Month-to-month,Fiber optic,Electronic check,96.8,1743.05,No,No,Yes,No,Yes,Yes,0.2501733286070409,0.7498266713929591,75.0,Very high
0480-KYJVA,Sacramento,95835,72,Two year,No,Credit card (automatic),24.25,1784.5,No,No,No,No,No,No,0.9979798297115104,0.0020201702884895143,0.2,Very low
0481-SUMCB,Greenville,95947,45,One year,Fiber optic,Bank transfer (automatic),102.15,4735.35,No,No,Yes,No,Yes,Yes,0.6903014547041215,0.30969854529587854,31.0,Medium
0484-FFVBJ,Fort Bragg,95437,32,One year,DSL,Bank transfer (automatic),64.85,2010.95,No,No,No,No,Yes,Yes,0.826069470050518,0.173930529949482,17.4,Low
0484-JPBRU,Petaluma,94954,41,Month-to-month,No,Bank transfer (automatic),25.25,996.45,No,No,No,No,No,No,0.8908149206845642,0.10918507931543579,10.9,Low
0485-ZBSLN,Mecca,92254,65,Two year,No,Credit card (automatic),24.75,1715.1,No,No,No,No,No,No,0.9974078777077386,0.0025921222922613766,0.3,Very low
0486-LGCCH,Victorville,92394,11,Two year,No,Mailed check,19.65,225.75,No,No,No,No,No,No,0.9869523627330479,0.013047637266952109,1.3,Very low
0487-CRLZF,Poway,92064,49,Two year,DSL,Bank transfer (automatic),74.45,3721.9,No,No,Yes,Yes,Yes,Yes,0.955462528067483,0.044537471932517,4.5,Very low
0487-RPVUM,Mount Hermon,95041,61,Month-to-month,Fiber optic,Bank transfer (automatic),99.4,5943.65,Yes,No,Yes,Yes,Yes,No,0.8396562669027599,0.16034373309724015,16.0,Low
0487-VVUVK,Santa Barbara,93109,25,Month-to-month,No,Mailed check,19.15,477.6,No,No,No,No,No,No,0.9585339603298647,0.04146603967013526,4.1,Very low
0489-WMEMG,Korbel,95550,23,One year,DSL,Electronic check,49.45,1119.35,No,No,No,Yes,No,No,0.968014439940153,0.03198556005984695,3.2,Very low
0491-KAPQG,Pine Valley,91962,21,Month-to-month,Fiber optic,Electronic check,73.7,1558.7,No,No,No,No,No,No,0.3620684979125146,0.6379315020874854,63.8,High
0496-AHOOK,Bangor,95914,24,One year,DSL,Bank transfer (automatic),74.4,1712.9,Yes,No,No,Yes,Yes,Yes,0.8874896028099257,0.11251039719007432,11.3,Low
0505-SPOOW,Riverside,92508,70,Two year,No,Bank transfer (automatic),19.8,1397.65,No,No,No,No,No,No,0.9918720882455535,0.008127911754446507,0.8,Very low
0506-YLVKJ,Sultana,93666,46,Two year,No,Mailed check,20.2,917.45,No,No,No,No,No,No,0.994222550351644,0.005777449648355976,0.6,Very low
0508-OOLTO,Fort Irwin,92310,2,Month-to-month,Fiber optic,Electronic check,71.65,135.75,No,No,No,No,No,No,0.6194283289451012,0.3805716710548987,38.1,Medium
0508-SQWPL,La Mesa,91941,57,Two year,No,Bank transfer (automatic),20.1,1087.7,No,No,No,No,No,No,0.9964279418072013,0.0035720581927986706,0.4,Very low
0512-FLFDW,Palomar Mountain,92060,60,One year,Fiber optic,Credit card (automatic),100.5,6029.0,No,No,Yes,No,Yes,Yes,0.7458242813041547,0.2541757186958453,25.4,Medium
0513-RBGPE,Rancho Santa Fe,92091,37,Two year,DSL,Credit card (automatic),62.8,2278.75,Yes,No,Yes,Yes,No,No,0.9526372179438342,0.047362782056165856,4.7,Very low
0516-OOHAR,Topanga,90290,28,One year,Fiber optic,Bank transfer (automatic),100.35,2799.0,No,Yes,Yes,No,Yes,Yes,0.9151450708627334,0.08485492913726653,8.5,Very low
0516-QREYC,Capay,95607,24,Month-to-month,No,Mailed check,20.3,459.95,No,No,No,No,No,No,0.8535719863586939,0.14642801364130606,14.6,Low
0516-UXRMT,Oxnard,93033,62,One year,Fiber optic,Electronic check,92.05,5755.8,Yes,Yes,Yes,No,No,No,0.8866099991781133,0.11339000082188662,11.3,Low
0519-DRGTI,Stockton,95219,20,Month-to-month,No,Mailed check,20.35,442.6,No,No,No,No,No,No,0.9658460088304409,0.0341539911695591,3.4,Very low
0523-VNGTF,Sun Valley,91352,52,Month-to-month,DSL,Electronic check,50.5,2566.3,No,Yes,Yes,Yes,Yes,No,0.795667775273809,0.204332224726191,20.4,Low
0526-SXDJP,Bell,90201,72,Two year,DSL,Bank transfer (automatic),42.1,2962.0,Yes,Yes,Yes,No,No,No,0.9838235049704888,0.01617649502951123,1.6,Very low
0530-IJVDB,Jamul,91935,70,Two year,Fiber optic,Electronic check,114.6,7882.5,Yes,Yes,Yes,Yes,Yes,Yes,0.9862995021347826,0.013700497865217405,1.4,Very low
0531-XBKMM,Azusa,91702,66,Two year,DSL,Bank transfer (automatic),65.7,4378.9,Yes,Yes,No,Yes,No,No,0.9981101922635046,0.001889807736495336,0.2,Very low
0531-ZZJWQ,Lone Pine,93545,55,Month-to-month,Fiber optic,Electronic check,74.0,4052.4,No,No,No,No,No,No,0.5676620424490014,0.4323379575509986,43.2,Medium
0533-UCAAU,Montgomery Creek,96065,57,One year,DSL,Credit card (automatic),71.1,4140.1,No,Yes,Yes,No,Yes,No,0.9000809616747912,0.09991903832520876,10.0,Very low
0536-ACXIP,Lodi,95242,72,Two year,Fiber optic,Electronic check,109.55,8165.1,Yes,Yes,Yes,No,Yes,Yes,0.8928515173228205,0.10714848267717944,10.7,Low
0536-BGFMZ,Leggett,95585,28,Month-to-month,No,Mailed check,20.5,563.05,No,No,No,No,No,No,0.8799314354805254,0.12006856451947459,12.0,Low
0536-ESJEP,Rough And Ready,95975,54,Two year,DSL,Bank transfer (automatic),74.55,4191.45,Yes,Yes,No,No,Yes,Yes,0.9551127506925559,0.044887249307444095,4.5,Very low
0537-QYZZN,Petaluma,94952,24,Month-to-month,Fiber optic,Electronic check,79.85,1857.75,Yes,No,No,No,No,No,0.7716350677565909,0.2283649322434091,22.8,Low
0541-FITGH,Hornitos,95325,2,Month-to-month,DSL,Mailed check,62.15,113.1,Yes,No,No,No,No,Yes,0.5265623043632889,0.4734376956367111,47.3,High
0547-HURJB,Dixon,95620,12,Month-to-month,No,Credit card (automatic),21.05,235.8,No,No,No,No,No,No,0.970507178555507,0.0294928214444929,2.9,Very low
0549-CYCQN,Flournoy,96029,51,One year,Fiber optic,Bank transfer (automatic),79.6,3974.7,No,Yes,No,No,No,No,0.8366366878575245,0.1633633121424755,16.3,Low
0550-DCXLH,Thermal,92274,13,Month-to-month,DSL,Mailed check,73.35,931.55,No,Yes,No,Yes,Yes,Yes,0.7076764908932645,0.2923235091067356,29.2,Medium
0556-FJEGU,Lafayette,94549,58,Two year,DSL,Bank transfer (automatic),70.1,4048.95,No,Yes,Yes,Yes,Yes,No,0.9834219491489956,0.01657805085100442,1.7,Very low
0557-ASKVU,Beverly Hills,90210,18,One year,DSL,Credit card (automatic),54.4,957.1,No,No,Yes,Yes,No,No,0.8560780227463651,0.14392197725363484,14.4,Low
0559-CKHUS,Pleasanton,94588,29,Two year,No,Mailed check,19.55,521.8,No,No,No,No,No,No,0.9512493028891361,0.04875069711086393,4.9,Very low
0562-FGDCR,Whitmore,96096,72,Two year,DSL,Mailed check,74.55,5430.65,Yes,Yes,No,Yes,Yes,No,0.9970220966830954,0.002977903316904623,0.3,Very low
0562-HKHML,Alameda,94502,71,Two year,No,Credit card (automatic),23.9,1626.4,No,No,No,No,No,No,0.9978806416876521,0.0021193583123479084,0.2,Very low
0562-KBDVM,Herald,95638,70,Two year,DSL,Bank transfer (automatic),44.6,3058.15,Yes,Yes,Yes,Yes,No,No,0.9868504544125848,0.0131495455874152,1.3,Very low
0564-MUUQK,Imperial Beach,91932,20,Month-to-month,Fiber optic,Bank transfer (automatic),95.5,1916.2,No,No,Yes,Yes,No,Yes,0.7704008492699056,0.22959915073009443,23.0,Low
0565-JUPYD,Benicia,94510,63,One year,Fiber optic,Credit card (automatic),104.5,6590.8,Yes,Yes,Yes,Yes,Yes,No,0.9478882404795629,0.05211175952043714,5.2,Very low
0567-GGCAC,Biola,93606,7,Month-to-month,DSL,Electronic check,61.4,438.9,Yes,Yes,Yes,No,No,No,0.737512144862851,0.262487855137149,26.2,Medium
0567-XRHCU,Los Angeles,90049,69,Two year,DSL,Credit card (automatic),43.95,2960.1,Yes,No,Yes,No,No,Yes,0.9930737387916131,0.0069262612083868585,0.7,Very low
0570-BFQHT,Anderson,96007,9,Month-to-month,Fiber optic,Electronic check,80.55,653.9,No,Yes,Yes,No,No,No,0.46707269333440826,0.5329273066655917,53.3,High
0572-ZJKLT,Chester,96020,46,Two year,Fiber optic,Mailed check,99.65,4630.2,Yes,No,Yes,Yes,No,Yes,0.9822183887710187,0.017781611228981243,1.8,Very low
0575-CUQOV,Hilmar,95324,60,One year,Fiber optic,Electronic check,97.95,5867.0,No,Yes,Yes,No,Yes,Yes,0.7477436357195935,0.25225636428040654,25.2,Medium
0577-WHMEV,San Jose,95133,16,Month-to-month,Fiber optic,Electronic check,90.7,1374.9,Yes,Yes,Yes,No,No,No,0.4618908935187679,0.5381091064812321,53.8,High
0580-PIQHM,Riverside,92503,41,One year,Fiber optic,Bank transfer (automatic),101.6,3930.55,Yes,Yes,Yes,No,No,Yes,0.9422196210741326,0.05778037892586744,5.8,Very low
0581-BXBUB,Penn Valley,95946,4,Month-to-month,Fiber optic,Electronic check,72.75,317.75,No,Yes,No,No,No,No,0.41547725001622793,0.5845227499837721,58.5,High
0581-MDMPW,San Jose,95148,24,Month-to-month,Fiber optic,Credit card (automatic),88.95,2072.75,No,No,Yes,No,Yes,No,0.42613164347509913,0.5738683565249009,57.4,High
0582-AVCLN,Bakersfield,93304,38,Two year,No,Mailed check,20.3,743.05,No,No,No,No,No,No,0.9803968312653045,0.019603168734695482,2.0,Very low
0584-BJQGZ,Taylorsville,95983,25,Month-to-month,DSL,Bank transfer (automatic),78.35,1837.9,Yes,Yes,Yes,Yes,Yes,No,0.7953608584128178,0.20463914158718216,20.5,Low
0585-EGDDA,Etna,96027,40,Month-to-month,Fiber optic,Electronic check,80.0,3168.75,No,Yes,Yes,No,No,No,0.564164791667645,0.435835208332355,43.6,Medium
0594-UFTUL,Mather,95655,13,Month-to-month,No,Mailed check,19.85,252.0,No,No,No,No,No,No,0.9391666776329185,0.06083332236708154,6.1,Very low
0595-ITUDF,Fairfax,94930,64,Month-to-month,Fiber optic,Electronic check,91.8,5960.5,Yes,Yes,Yes,No,No,No,0.9377097241079074,0.0622902758920926,6.2,Very low
0599-XNYDO,Graton,95444,20,Month-to-month,Fiber optic,Bank transfer (automatic),69.8,1540.35,No,No,No,No,No,No,0.4611600994420001,0.5388399005579999,53.9,High
0602-DDUML,Fallbrook,92028,57,Two year,DSL,Mailed check,69.75,3894.4,No,Yes,Yes,Yes,Yes,No,0.9813868987831209,0.01861310121687908,1.9,Very low
0603-OLQDC,Whittier,90601,12,Month-to-month,DSL,Mailed check,69.85,837.5,Yes,No,No,No,Yes,Yes,0.8849804889933849,0.11501951100661509,11.5,Low
0603-TPMIB,San Simeon,93452,59,Two year,No,Mailed check,25.45,1534.05,No,No,No,No,No,No,0.9963640192789781,0.003635980721021886,0.4,Very low
0604-THJFP,Castro Valley,94552,59,Two year,DSL,Credit card (automatic),75.95,4542.35,No,Yes,No,Yes,Yes,Yes,0.9630494755057649,0.03695052449423507,3.7,Very low
0607-MVMGC,Ranchita,92066,45,One year,DSL,Credit card (automatic),78.75,3600.65,No,Yes,Yes,No,Yes,Yes,0.8705370633618529,0.12946293663814712,12.9,Low
0608-JDVEC,Dunlap,93621,50,Two year,No,Electronic check,19.8,1013.2,No,No,No,No,No,No,0.9769316411344029,0.023068358865597157,2.3,Very low
0613-WUXUM,Soquel,95073,70,Two year,No,Mailed check,19.2,1401.4,No,No,No,No,No,No,0.9974516053141622,0.0025483946858378312,0.3,Very low
0619-OLYUR,Garden Grove,92840,72,Two year,Fiber optic,Credit card (automatic),111.9,8071.05,Yes,No,Yes,Yes,Yes,Yes,0.9403986185638452,0.05960138143615474,6.0,Very low
0620-DLSLK,Pasadena,91103,13,Month-to-month,Fiber optic,Mailed check,81.9,1028.9,No,No,No,No,Yes,No,0.3782200240802308,0.6217799759197692,62.2,High
0620-XEFWH,Oak Run,96069,4,Month-to-month,No,Mailed check,18.85,84.2,No,No,No,No,No,No,0.9421057969050153,0.05789420309498475,5.8,Very low
0621-CXBKL,Copperopolis,95228,53,Two year,No,Mailed check,18.7,1005.7,No,No,No,No,No,No,0.9880719163211796,0.01192808367882039,1.2,Very low
0621-HJWXJ,Irvine,92618,63,Month-to-month,Fiber optic,Bank transfer (automatic),81.55,5029.05,No,Yes,No,No,No,No,0.741958311364662,0.25804168863533805,25.8,Medium
0621-JFHOL,North Hollywood,91602,10,Two year,DSL,Mailed check,29.6,299.05,No,No,No,Yes,No,No,0.8463199939079677,0.1536800060920322,15.4,Low
0621-TSSMU,Maywood,90270,56,One year,No,Credit card (automatic),19.95,1126.75,No,No,No,No,No,No,0.9782368582194914,0.021763141780508602,2.2,Very low
0623-EJQEG,Murphys,95247,65,One year,Fiber optic,Electronic check,93.55,6069.25,Yes,No,No,Yes,No,Yes,0.9199274359251295,0.0800725640748705,8.0,Very low
0623-GDISB,San Clemente,92673,1,Month-to-month,DSL,Bank transfer (automatic),48.45,48.45,Yes,No,No,No,No,No,0.672713546637598,0.3272864533624021,32.7,Medium
0625-AFOHS,Ferndale,95536,29,Two year,No,Mailed check,20.2,558.8,No,No,No,No,No,No,0.9929378498055237,0.007062150194476342,0.7,Very low
0626-QXNGV,Arcata,95521,72,Two year,No,Credit card (automatic),24.15,1776.45,No,No,No,No,No,No,0.9856236405682248,0.014376359431775197,1.4,Very low
0635-WKOLD,Ceres,95307,40,One year,DSL,Credit card (automatic),70.75,2921.75,No,Yes,No,Yes,Yes,No,0.9105052113613515,0.08949478863864843,8.9,Very low
0640-YJTPY,Smartville,95977,72,Two year,No,Bank transfer (automatic),21.0,1493.75,No,No,No,No,No,No,0.9984633895061874,0.0015366104938126244,0.2,Very low
0641-EVBOJ,Coarsegold,93614,3,Month-to-month,Fiber optic,Mailed check,82.3,214.4,Yes,No,No,Yes,No,No,0.5365847094795204,0.46341529052047953,46.3,High
0644-OQMDK,Merced,95348,4,Month-to-month,Fiber optic,Electronic check,70.65,293.85,No,No,No,No,No,No,0.30610854514616936,0.6938914548538306,69.4,Very high
0650-BWOZN,Aguanga,92536,18,Month-to-month,Fiber optic,Electronic check,73.55,1359.45,No,Yes,No,No,No,No,0.4437849262040052,0.5562150737959948,55.6,High
0654-PQKDW,Pescadero,94060,62,One year,DSL,Bank transfer (automatic),70.75,4263.45,Yes,No,Yes,Yes,Yes,No,0.992663361021705,0.007336638978294936,0.7,Very low
0655-YDGFJ,Palm Springs,92264,29,Month-to-month,DSL,Bank transfer (automatic),48.95,1323.7,No,No,Yes,No,No,No,0.8394416692132128,0.16055833078678713,16.1,Low
0657-DOGUM,Rancho Cucamonga,91739,48,One year,DSL,Bank transfer (automatic),60.6,2985.25,Yes,No,No,Yes,No,No,0.9397059866549387,0.0602940133450614,6.0,Very low
0661-KBKPA,Seaside,93955,53,One year,DSL,Mailed check,78.75,3942.45,No,No,Yes,Yes,Yes,Yes,0.9711158984306416,0.02888410156935839,2.9,Very low
0661-KQHNK,Round Mountain,96084,6,One year,No,Credit card (automatic),19.0,105.5,No,No,No,No,No,No,0.977188325956117,0.02281167404388293,2.3,Very low
0661-WCQNQ,Orleans,95556,22,One year,DSL,Credit card (automatic),56.25,1292.2,Yes,No,No,Yes,No,No,0.9048727978264499,0.09512720217355013,9.5,Very low
0665-XHDJU,Monte Rio,95462,72,Two year,Fiber optic,Electronic check,99.4,7285.7,No,Yes,No,No,Yes,Yes,0.8478589860219548,0.15214101397804522,15.2,Low
0666-UXTJO,Morongo Valley,92256,34,Month-to-month,Fiber optic,Credit card (automatic),85.2,2874.45,No,No,Yes,No,Yes,No,0.5152940455978328,0.4847059544021673,48.5,High
0667-NSRGI,Lodi,95240,48,One year,DSL,Mailed check,69.55,3435.6,No,No,Yes,Yes,No,Yes,0.8841458473093107,0.11585415269068933,11.6,Low
0668-OGMHD,Santa Rosa,95405,21,Month-to-month,DSL,Electronic check,28.5,629.35,Yes,No,No,No,No,No,0.6474759292110459,0.35252407078895415,35.3,Medium
0670-ANMUU,Chino Hills,91709,71,One year,Fiber optic,Credit card (automatic),97.65,6687.85,Yes,No,No,Yes,No,Yes,0.9555424730041381,0.044457526995861925,4.4,Very low
0670-KDOMA,Chowchilla,93610,1,Month-to-month,No,Mailed check,20.25,20.25,No,No,No,No,No,No,0.7332477165499767,0.26675228345002333,26.7,Medium
0673-IGUQO,Phelan,92371,1,Month-to-month,No,Mailed check,20.45,20.45,No,No,No,No,No,No,0.7944846682045015,0.20551533179549855,20.6,Low
0674-DGMAQ,Elk,95432,32,Month-to-month,Fiber optic,Electronic check,93.5,2970.8,No,Yes,Yes,No,No,Yes,0.34502126734521876,0.6549787326547812,65.5,Very high
0674-EYYZV,Los Angeles,90065,1,Month-to-month,DSL,Electronic check,54.65,54.65,No,No,No,No,Yes,No,0.4231914590061323,0.5768085409938677,57.7,High
0674-GCDXG,Bakersfield,93308,63,Two year,DSL,Bank transfer (automatic),71.9,4479.2,Yes,No,Yes,Yes,No,Yes,0.978949842931646,0.021050157068354045,2.1,Very low
0675-NCDYU,Placentia,92870,72,Two year,Fiber optic,Credit card (automatic),116.4,8543.25,Yes,Yes,Yes,Yes,Yes,Yes,0.9890097135460327,0.01099028645396723,1.1,Very low
0678-RLHVP,Redwood City,94065,53,Two year,Fiber optic,Electronic check,105.55,5682.25,No,Yes,Yes,No,Yes,Yes,0.8520652056663697,0.14793479433363033,14.8,Low
0679-TDGAK,Fresno,93727,50,One year,DSL,Electronic check,75.5,4025.6,Yes,No,No,Yes,Yes,Yes,0.9850545245551355,0.014945475444864412,1.5,Very low
0682-USIXD,Diamond Bar,91765,21,Month-to-month,Fiber optic,Electronic check,86.05,1818.9,No,No,No,Yes,Yes,No,0.3898108197020176,0.6101891802979824,61.0,High
0689-DSXGL,Yreka,96097,52,Month-to-month,Fiber optic,Bank transfer (automatic),85.8,4433.3,No,Yes,Yes,Yes,No,No,0.9663542534968154,0.03364574650318465,3.4,Very low
0690-SRQID,Stockton,95203,4,Month-to-month,No,Mailed check,19.65,67.55,No,No,No,No,No,No,0.7498271280869118,0.25017287191308824,25.0,Medium
0691-NIKRI,Elverta,95626,40,One year,Fiber optic,Credit card (automatic),105.95,4335.2,No,No,Yes,Yes,Yes,Yes,0.7396563602548414,0.2603436397451587,26.0,Medium
0696-UKTOX,North Hills,91343,23,Month-to-month,DSL,Electronic check,54.15,1312.45,No,Yes,No,Yes,No,No,0.9578700994233561,0.042129900576643856,4.2,Very low
0699-NDKJM,Westlake Village,91361,57,Month-to-month,DSL,Bank transfer (automatic),58.75,3437.45,Yes,Yes,Yes,No,Yes,Yes,0.8029335794077199,0.1970664205922801,19.7,Low
0701-RFGFI,La Mesa,91941,49,Month-to-month,Fiber optic,Bank transfer (automatic),95.4,4613.95,No,No,No,No,Yes,Yes,0.8236024777434612,0.17639752225653885,17.6,Low
0701-TJSEF,Santa Barbara,93105,9,Month-to-month,DSL,Bank transfer (automatic),68.25,576.95,Yes,No,Yes,Yes,No,Yes,0.743429384240359,0.25657061575964096,25.7,Medium
0704-VCUMB,San Diego,92103,61,Two year,No,Credit card (automatic),20.25,1278.8,No,No,No,No,No,No,0.9895941568212505,0.010405843178749492,1.0,Very low
0707-HOVVN,Mi Wuk Village,95346,70,Two year,DSL,Bank transfer (automatic),75.5,5212.65,No,Yes,Yes,Yes,Yes,No,0.9777252317160764,0.022274768283923652,2.2,Very low
0708-LGSMF,Milpitas,95035,13,Month-to-month,DSL,Electronic check,65.85,902.25,Yes,No,No,No,No,Yes,0.46196816204755775,0.5380318379524422,53.8,High
0708-SJDIS,West Hollywood,90069,34,Month-to-month,DSL,Mailed check,65.0,2157.5,No,No,No,Yes,Yes,No,0.8056476460075419,0.19435235399245812,19.4,Low
0716-BQNDX,Madera,93637,57,Two year,Fiber optic,Electronic check,93.75,5625.55,Yes,No,No,Yes,No,Yes,0.9380265089547972,0.0619734910452028,6.2,Very low
0722-SVSFK,Half Moon Bay,94019,7,Month-to-month,Fiber optic,Electronic check,100.4,715.0,No,No,Yes,Yes,Yes,Yes,0.29259169453619893,0.7074083054638011,70.7,Very high
0723-FDLAY,Gold Run,95717,44,One year,DSL,Bank transfer (automatic),85.25,3704.15,No,Yes,Yes,Yes,Yes,Yes,0.8891230343307525,0.11087696566924755,11.1,Low
0723-VSOBE,Dos Rios,95429,45,One year,DSL,Electronic check,34.2,1596.6,No,No,No,No,No,Yes,0.8551890118681469,0.14481098813185306,14.5,Low
0725-CXOTM,Manteca,95337,36,One year,DSL,Credit card (automatic),89.65,3348.1,Yes,No,Yes,Yes,Yes,Yes,0.8949077360248936,0.10509226397510646,10.5,Low
0727-BNRLG,Los Angeles,90064,69,Two year,Fiber optic,Credit card (automatic),97.65,6743.55,No,Yes,Yes,Yes,Yes,No,0.9500490337531776,0.04995096624682242,5.0,Very low
0730-BGQGF,Grover Beach,93433,71,Two year,DSL,Credit card (automatic),90.3,6287.3,Yes,Yes,Yes,Yes,Yes,Yes,0.996566395263747,0.003433604736252947,0.3,Very low
0730-KOAVE,Redwood City,94062,30,Month-to-month,Fiber optic,Credit card (automatic),94.3,2679.7,Yes,Yes,No,No,No,Yes,0.5916092406776614,0.40839075932233854,40.8,Medium
0731-EBJQB,Downey,90240,52,One year,No,Electronic check,20.4,1090.65,No,No,No,No,No,No,0.9481137112111846,0.05188628878881537,5.2,Very low
0732-OCQOC,Death Valley,92328,52,Two year,No,Bank transfer (automatic),25.05,1270.25,No,No,No,No,No,No,0.9707305412073548,0.029269458792645184,2.9,Very low
0734-OXWBT,Covina,91722,3,Month-to-month,DSL,Mailed check,70.7,225.65,No,No,No,Yes,Yes,Yes,0.8869517050409232,0.11304829495907671,11.3,Low
0739-UUAJR,Mountain View,94040,72,Two year,DSL,Credit card (automatic),53.8,3952.45,Yes,No,Yes,No,Yes,Yes,0.9916408227878605,0.008359177212139496,0.8,Very low
0742-LAFQK,Fullerton,92833,72,Two year,Fiber optic,Electronic check,99.15,7422.1,Yes,Yes,Yes,No,No,Yes,0.9165382915517678,0.08346170844823217,8.3,Very low
0743-HNPFG,Butte City,95920,51,One year,DSL,Credit card (automatic),69.75,3562.5,Yes,Yes,No,Yes,No,Yes,0.9562120599918926,0.04378794000810737,4.4,Very low
0743-HRVFF,Bakersfield,93309,51,One year,DSL,Electronic check,56.15,2898.95,No,No,Yes,Yes,Yes,Yes,0.9545699120284197,0.045430087971580324,4.5,Very low
0744-BIKKF,Mecca,92254,72,Two year,DSL,Bank transfer (automatic),86.65,6224.8,Yes,Yes,Yes,Yes,Yes,Yes,0.9868038041311719,0.013196195868828104,1.3,Very low
0744-GKNGE,Inglewood,90305,64,Month-to-month,Fiber optic,Bank transfer (automatic),86.8,5327.25,Yes,No,No,Yes,No,No,0.9646392719392746,0.03536072806072543,3.5,Very low
0749-IRGQE,Buena Park,90621,13,Month-to-month,DSL,Electronic check,45.3,528.45,No,No,No,No,Yes,Yes,0.35245595104948924,0.6475440489505108,64.8,High
0750-EBAIU,Temecula,92590,52,One year,Fiber optic,Electronic check,91.25,4738.3,Yes,No,Yes,No,Yes,No,0.8813670990327424,0.11863290096725762,11.9,Low
0750-EKNGL,Hyampom,96046,7,Month-to-month,No,Mailed check,20.75,141.1,No,No,No,No,No,No,0.8254922221243438,0.1745077778756562,17.5,Low
0754-EEBDC,Covina,91723,4,Two year,No,Mailed check,19.9,76.65,No,No,No,No,No,No,0.983545058928405,0.016454941071594915,1.6,Very low
0756-MPZRL,Pauma Valley,92061,46,One year,DSL,Credit card (automatic),33.7,1537.85,No,No,Yes,Yes,No,No,0.9459638370856811,0.0540361629143189,5.4,Very low
0757-WCUUZ,June Lake,93529,54,Two year,DSL,Credit card (automatic),63.35,3409.1,No,No,Yes,No,No,Yes,0.989828317066566,0.01017168293343392,1.0,Very low
0769-MURVM,Carmel Valley,93924,72,Two year,DSL,Bank transfer (automatic),65.7,4575.35,Yes,Yes,Yes,Yes,Yes,Yes,0.9960129359671565,0.003987064032843511,0.4,Very low
0771-CHWSK,Brawley,92227,66,Two year,DSL,Credit card (automatic),74.6,4798.4,Yes,Yes,Yes,No,No,Yes,0.9773706639466538,0.022629336053346185,2.3,Very low
0771-WLCLA,Big Bear Lake,92315,16,Month-to-month,Fiber optic,Electronic check,112.95,1882.55,Yes,No,Yes,Yes,Yes,Yes,0.686342960848825,0.3136570391511751,31.4,Medium
0774-IFUVM,Stockton,95202,11,Month-to-month,DSL,Bank transfer (automatic),65.15,723.35,Yes,No,No,No,Yes,No,0.8515262479446841,0.14847375205531585,14.8,Low
0774-RMNUW,Pala,92059,71,Two year,DSL,Bank transfer (automatic),59.7,4122.65,Yes,Yes,No,Yes,Yes,Yes,0.9957971187788048,0.0042028812211951415,0.4,Very low
0780-XNZFN,Oakland,94618,57,Two year,No,Bank transfer (automatic),20.65,1125.6,No,No,No,No,No,No,0.9903932513157178,0.009606748684282284,1.0,Very low
0784-GTUUK,Newman,95360,62,One year,No,Credit card (automatic),23.75,1446.8,No,No,No,No,No,No,0.964773616167316,0.03522638383268394,3.5,Very low
0784-ZQJZX,Spreckels,93962,72,Two year,No,Credit card (automatic),19.9,1529.65,No,No,No,No,No,No,0.9989019097179048,0.001098090282095218,0.1,Very low
0786-IVLAW,Valley Village,91607,66,One year,Fiber optic,Bank transfer (automatic),108.1,7238.6,No,Yes,Yes,No,Yes,Yes,0.8776730484414117,0.12232695155858828,12.2,Low
0787-LHDYT,Carmel Valley,93924,16,Month-to-month,No,Credit card (automatic),20.6,330.25,No,No,No,No,No,No,0.8393457792708305,0.1606542207291695,16.1,Low
0788-DXBFY,Tustin,92780,58,One year,No,Electronic check,19.55,1108.8,No,No,No,No,No,No,0.9565975129637369,0.043402487036263177,4.3,Very low
0793-TWELN,Los Angeles,90026,4,Month-to-month,Fiber optic,Electronic check,80.15,319.85,Yes,No,No,No,No,No,0.3196752911684416,0.6803247088315584,68.0,Very high
0794-YVSGE,Pasadena,91101,72,Two year,No,Bank transfer (automatic),20.3,1401.15,No,No,No,No,No,No,0.9984633895061874,0.0015366104938126244,0.2,Very low
0795-GMVQO,San Diego,92105,67,One year,Fiber optic,Credit card (automatic),109.9,7332.4,Yes,Yes,Yes,No,Yes,Yes,0.8957396387575067,0.1042603612424933,10.4,Low
0795-LAFGP,Fullerton,92835,71,Two year,DSL,Electronic check,90.4,6668.05,Yes,Yes,Yes,Yes,Yes,Yes,0.9740855554787999,0.025914444521200047,2.6,Very low
0795-XCCTE,Bishop,93514,72,Two year,No,Bank transfer (automatic),25.4,1809.35,No,No,No,No,No,No,0.991643966728856,0.008356033271143962,0.8,Very low
0799-DDIHE,Grenada,96038,15,Month-to-month,DSL,Electronic check,46.3,639.45,No,No,No,No,No,No,0.8950580049607331,0.10494199503926693,10.5,Low
0804-XBFBV,Foothill Ranch,92610,11,Month-to-month,DSL,Electronic check,25.2,321.05,No,No,No,No,No,No,0.85881287774396,0.14118712225604005,14.1,Low
0804-YGEQV,Palm Desert,92211,43,One year,No,Bank transfer (automatic),24.45,993.15,No,No,No,No,No,No,0.9859558345888764,0.01404416541112367,1.4,Very low
0810-BDHAW,Chowchilla,93610,24,One year,DSL,Electronic check,78.4,1832.4,Yes,Yes,No,No,Yes,Yes,0.7573953519940873,0.2426046480059127,24.3,Low
0810-DHDBD,Rohnert Park,94928,52,One year,DSL,Credit card (automatic),74.0,3877.65,Yes,No,Yes,Yes,Yes,No,0.9644846569765817,0.035515343023418335,3.6,Very low
0811-GSDTP,Alameda,94502,13,Month-to-month,DSL,Electronic check,30.15,382.2,No,Yes,No,No,No,No,0.8786768344595991,0.12132316554040094,12.1,Low
0813-TAXXS,Alderpoint,95511,55,Two year,DSL,Bank transfer (automatic),77.8,4323.35,No,No,Yes,No,Yes,Yes,0.929298128609863,0.07070187139013691,7.1,Very low
0815-MFZGM,Morgan Hill,95037,42,Two year,Fiber optic,Credit card (automatic),99.0,4135.0,No,No,Yes,Yes,Yes,Yes,0.8503166329509009,0.14968336704909907,15.0,Low
0816-TSPHQ,Kettleman City,93239,2,Month-to-month,No,Mailed check,20.75,44.2,No,No,No,No,No,No,0.7999229118288916,0.20007708817110834,20.0,Low
0817-HSUSE,Altadena,91001,1,Month-to-month,DSL,Electronic check,75.5,75.5,No,No,Yes,Yes,Yes,Yes,0.44141624088008724,0.5585837591199128,55.9,High
0820-FNRNX,Lafayette,94549,17,Month-to-month,DSL,Mailed check,66.7,1077.05,No,Yes,Yes,Yes,No,No,0.90322883583142,0.09677116416857996,9.7,Very low
0822-QGCXA,Los Angeles,90068,27,Month-to-month,DSL,Electronic check,83.85,2310.2,No,Yes,Yes,Yes,Yes,Yes,0.6152225745337514,0.38477742546624855,38.5,Medium
0824-VWDPO,Mckinleyville,95519,45,One year,Fiber optic,Bank transfer (automatic),96.75,4442.75,Yes,Yes,No,No,No,Yes,0.8727891333350266,0.12721086666497342,12.7,Low
0825-CPPQH,Laytonville,95454,71,Two year,No,Credit card (automatic),19.1,1372.45,No,No,No,No,No,No,0.9925445250742905,0.007455474925709534,0.7,Very low
0827-ITJPH,Los Angeles,90047,36,Two year,No,Credit card (automatic),18.55,689.0,No,No,No,No,No,No,0.9740981411271565,0.02590185887284343,2.6,Very low
0829-DDVLK,Orange,92866,15,One year,No,Credit card (automatic),20.1,302.45,No,No,No,No,No,No,0.9384138851062729,0.061586114893727076,6.2,Very low
0829-XXPLX,Cutler,93615,20,Month-to-month,Fiber optic,Bank transfer (automatic),89.4,1871.15,Yes,No,Yes,No,Yes,No,0.5559850362522258,0.4440149637477742,44.4,Medium
0831-JNISG,San Jose,95148,71,Two year,No,Mailed check,19.8,1396.25,No,No,No,No,No,No,0.9982465053262185,0.001753494673781495,0.2,Very low
0835-DUUIQ,Alameda,94501,24,One year,No,Bank transfer (automatic),21.05,531.55,No,No,No,No,No,No,0.9513447759493714,0.04865522405062864,4.9,Very low
0835-JKADZ,San Francisco,94107,71,Two year,Fiber optic,Electronic check,111.25,7984.15,No,Yes,Yes,Yes,Yes,Yes,0.9118538682195633,0.08814613178043675,8.8,Very low
0839-JTCUD,Mission Viejo,92691,66,Two year,DSL,Credit card (automatic),89.9,5958.85,Yes,Yes,Yes,Yes,Yes,Yes,0.9801098109881671,0.01989018901183297,2.0,Very low
0839-QNXME,Surfside,90743,30,Two year,No,Credit card (automatic),19.4,578.5,No,No,No,No,No,No,0.9780147393052075,0.02198526069479248,2.2,Very low
0840-DCNZE,Newport Beach,92661,47,One year,DSL,Bank transfer (automatic),86.95,4138.9,Yes,Yes,Yes,Yes,Yes,Yes,0.9475102505118204,0.0524897494881796,5.2,Very low
0840-DFEZH,Los Angeles,90036,7,Month-to-month,Fiber optic,Electronic check,75.35,564.65,No,No,No,No,No,No,0.2644511808261585,0.7355488191738415,73.6,Very high
0842-IWYCP,Helendale,92342,46,Month-to-month,DSL,Bank transfer (automatic),44.95,2168.9,No,No,No,No,No,No,0.9021240883407659,0.09787591165923414,9.8,Very low
0847-HGRML,North Palm Springs,92258,62,Two year,No,Bank transfer (automatic),20.0,1250.1,No,No,No,No,No,No,0.9983793317059728,0.0016206682940271282,0.2,Very low
0848-SOMKO,Shingle Springs,95682,70,Two year,DSL,Bank transfer (automatic),48.4,3442.8,Yes,No,Yes,Yes,No,Yes,0.9864244089799316,0.013575591020068433,1.4,Very low
0848-ZGQIJ,Saratoga,95070,16,Month-to-month,Fiber optic,Bank transfer (automatic),94.65,1461.15,No,Yes,No,No,Yes,Yes,0.3231066226438686,0.6768933773561314,67.7,Very high
0851-DFJKB,Concord,94518,15,Month-to-month,DSL,Electronic check,58.95,955.15,Yes,No,Yes,Yes,No,No,0.822073633177437,0.17792636682256305,17.8,Low
0853-NWIFK,Woodacre,94973,45,One year,Fiber optic,Electronic check,100.3,4483.95,Yes,Yes,No,No,Yes,Yes,0.7774320488708333,0.22256795112916672,22.3,Low
0853-TWRVK,North Hollywood,91606,72,Two year,Fiber optic,Bank transfer (automatic),105.6,7581.5,Yes,Yes,Yes,Yes,No,Yes,0.9694762433637419,0.03052375663625805,3.1,Very low
0854-UYHZD,West Covina,91792,13,Two year,No,Mailed check,19.55,265.3,No,No,No,No,No,No,0.9879632999707302,0.012036700029269829,1.2,Very low
0856-NAOES,Concord,94519,6,Month-to-month,DSL,Mailed check,60.9,414.1,No,No,Yes,No,Yes,No,0.6204261519335399,0.37957384806646016,38.0,Medium
0859-YGKFW,Olivehurst,95961,18,One year,No,Bank transfer (automatic),20.05,345.9,No,No,No,No,No,No,0.9835896578483133,0.016410342151686682,1.6,Very low
0862-PRCBS,San Francisco,94132,68,Two year,Fiber optic,Credit card (automatic),103.75,7039.45,No,Yes,No,Yes,Yes,Yes,0.9816071134666758,0.018392886533324174,1.8,Very low
0864-FVJNJ,Trinidad,95570,64,One year,Fiber optic,Electronic check,113.35,7222.75,Yes,Yes,Yes,Yes,Yes,Yes,0.973263544448965,0.026736455551034956,2.7,Very low
0867-LDTTC,Sacramento,95830,5,Month-to-month,DSL,Bank transfer (automatic),75.15,392.65,No,No,Yes,Yes,Yes,Yes,0.6515128385147224,0.34848716148527753,34.8,Medium
0868-VJRDR,Cassel,96016,64,Two year,Fiber optic,Credit card (automatic),104.05,6605.55,Yes,Yes,No,Yes,Yes,Yes,0.9487924734196229,0.05120752658037706,5.1,Very low
0869-PAPRP,Pixley,93256,26,Month-to-month,Fiber optic,Credit card (automatic),85.7,2067.0,No,No,Yes,No,Yes,No,0.4517679457585324,0.5482320542414676,54.8,High
0871-OPBXW,Twentynine Palms,92277,2,Month-to-month,No,Mailed check,20.05,39.25,No,No,No,No,No,No,0.7397756311390775,0.2602243688609225,26.0,Medium
0872-CASZJ,Hamilton City,95951,59,One year,DSL,Mailed check,69.1,4096.9,Yes,No,No,Yes,No,Yes,0.9391895811002059,0.060810418899794105,6.1,Very low
0872-JCPIB,Pinecrest,95364,17,Month-to-month,DSL,Bank transfer (automatic),65.75,1111.2,Yes,No,No,No,No,Yes,0.7294319159968606,0.27056808400313936,27.1,Medium
0880-FVFWF,Livermore,94550,56,Month-to-month,Fiber optic,Electronic check,86.4,4922.4,Yes,Yes,No,No,No,No,0.7477819910388552,0.2522180089611447,25.2,Medium
0885-HMGPY,Honeydew,95545,62,Two year,DSL,Bank transfer (automatic),69.4,4237.5,Yes,Yes,Yes,Yes,No,No,0.9893833883828067,0.010616611617193242,1.1,Very low
0887-WBJVH,Cressey,95312,53,One year,Fiber optic,Electronic check,93.45,4872.2,No,No,No,Yes,Yes,Yes,0.7495999146647541,0.2504000853352459,25.0,Medium
0895-LMRSF,Imperial Beach,91932,23,One year,DSL,Bank transfer (automatic),64.9,1509.8,No,No,No,No,Yes,Yes,0.7782102188404287,0.22178978115957126,22.2,Low
0895-LNKRC,El Monte,91732,6,One year,No,Mailed check,19.45,113.5,No,No,No,No,No,No,0.9731693357964033,0.026830664203596675,2.7,Very low
0895-UADGO,River Pines,95675,8,Two year,DSL,Mailed check,44.55,343.45,Yes,No,No,Yes,No,Yes,0.8490098758218807,0.15099012417811936,15.1,Low
0898-XCGTF,Los Angeles,90039,61,One year,Fiber optic,Bank transfer (automatic),96.5,5673.7,No,No,No,No,Yes,Yes,0.739814400434907,0.2601855995650931,26.0,Medium
0899-LIIBW,Forks Of Salmon,96031,34,Month-to-month,Fiber optic,Electronic check,100.85,3527.3,No,No,Yes,No,Yes,Yes,0.3557275463456635,0.6442724536543365,64.4,High
0899-WZRSD,Marina Del Rey,90292,56,Month-to-month,Fiber optic,Mailed check,105.35,5794.45,Yes,No,No,Yes,Yes,Yes,0.7371312883445579,0.2628687116554421,26.3,Medium
0902-RFHOF,Loomis,95650,38,One year,No,Mailed check,20.1,730.1,No,No,No,No,No,No,0.9654794728172403,0.03452052718275967,3.5,Very low
0902-XKXPN,Redding,96001,69,Two year,No,Bank transfer (automatic),20.2,1376.5,No,No,No,No,No,No,0.9983004991377943,0.0016995008622056947,0.2,Very low
0906-QVPMS,Monterey,93940,72,Two year,Fiber optic,Bank transfer (automatic),115.15,8349.45,Yes,Yes,Yes,Yes,Yes,Yes,0.9596062568005762,0.04039374319942382,4.0,Very low
0907-HQNTS,Pittsburg,94565,70,Two year,Fiber optic,Credit card (automatic),113.0,7987.6,Yes,Yes,Yes,Yes,Yes,Yes,0.9421861812601214,0.05781381873987853,5.8,Very low
0909-SDHNU,Los Angeles,90036,7,Month-to-month,DSL,Mailed check,29.8,201.95,Yes,No,No,No,No,No,0.9098712738009859,0.09012872619901409,9.0,Very low
0909-SELIE,Clearlake Oaks,95423,61,Two year,DSL,Bank transfer (automatic),80.8,4860.85,Yes,Yes,Yes,Yes,No,Yes,0.973311112626139,0.026688887373861003,2.7,Very low
0913-XWSCN,Sun City,92585,55,Month-to-month,Fiber optic,Bank transfer (automatic),85.5,4713.4,No,No,No,No,No,Yes,0.9148384775959271,0.0851615224040729,8.5,Very low
0916-KNFAJ,San Jose,95133,61,Two year,DSL,Mailed check,69.9,4226.7,Yes,No,Yes,No,No,Yes,0.9550043767486432,0.04499562325135671,4.5,Very low
0916-QOFDP,Randsburg,93554,14,Month-to-month,Fiber optic,Electronic check,95.8,1346.3,No,No,No,No,Yes,Yes,0.4926087018281453,0.5073912981718547,50.7,High
0921-OHLVP,Paradise,95969,22,Month-to-month,Fiber optic,Electronic check,83.05,1799.3,No,No,No,No,No,Yes,0.3909146231941055,0.6090853768058945,60.9,High
0924-BJCRC,Felton,95018,60,Month-to-month,Fiber optic,Electronic check,89.45,5294.6,No,Yes,No,No,No,Yes,0.6573285540620377,0.3426714459379623,34.3,Medium
0927-CNGRH,Alta,95701,1,Month-to-month,No,Mailed check,19.55,19.55,No,No,No,No,No,No,0.9512760504361688,0.04872394956383118,4.9,Very low
0928-JMXNP,Los Molinos,96055,4,Month-to-month,DSL,Electronic check,29.9,118.25,No,No,Yes,No,No,No,0.3307040271503401,0.6692959728496599,66.9,Very high
0928-XUTSN,Brawley,92227,13,Month-to-month,Fiber optic,Electronic check,80.5,1011.8,No,No,No,No,No,Yes,0.3218324548843544,0.6781675451156456,67.8,Very high
0929-HYQEW,Oakland,94601,3,Month-to-month,DSL,Mailed check,50.15,160.85,Yes,No,No,No,No,No,0.6625686746509687,0.33743132534903125,33.7,Medium
0929-PECLO,Klamath,95548,63,Month-to-month,Fiber optic,Bank transfer (automatic),89.6,5538.8,No,No,Yes,No,No,Yes,0.7237641938835238,0.27623580611647625,27.6,Medium
0930-EHUZA,Calpine,96124,36,One year,DSL,Mailed check,76.35,2606.35,Yes,Yes,Yes,Yes,Yes,No,0.9373256831709921,0.06267431682900794,6.3,Very low
0931-MHTEM,Big Bar,96010,54,One year,Fiber optic,Credit card (automatic),100.05,5299.65,Yes,Yes,No,No,Yes,Yes,0.8784748392143017,0.12152516078569835,12.2,Low
0932-YIXYU,Dos Palos,93620,47,Two year,No,Credit card (automatic),20.25,1029.8,No,No,No,No,No,No,0.9874700617168654,0.01252993828313464,1.3,Very low
0936-NQLJU,Mokelumne Hill,95245,41,Two year,No,Credit card (automatic),20.65,875.55,No,No,No,No,No,No,0.9798092994253631,0.020190700574636927,2.0,Very low
0939-EREMR,Chico,95973,13,Month-to-month,DSL,Mailed check,53.45,718.1,No,No,Yes,Yes,No,No,0.9519637044119237,0.04803629558807628,4.8,Very low
0942-KOWSM,Hesperia,92345,30,Two year,DSL,Bank transfer (automatic),80.8,2369.3,No,Yes,Yes,Yes,Yes,Yes,0.9312644770417668,0.06873552295823315,6.9,Very low
0943-ZQPXH,Vacaville,95688,44,Month-to-month,Fiber optic,Bank transfer (automatic),92.95,4122.9,No,No,Yes,No,Yes,Yes,0.8480673876330278,0.15193261236697217,15.2,Low
0945-TSONX,Encino,91436,47,Two year,DSL,Credit card (automatic),85.3,4107.25,Yes,Yes,No,Yes,Yes,Yes,0.9470293673223799,0.05297063267762012,5.3,Very low
0946-FKYTX,Tulare,93274,52,One year,DSL,Mailed check,30.1,1623.4,No,Yes,No,No,No,No,0.9349190035509441,0.06508099644905582,6.5,Very low
0953-LGOVU,Clearlake,95422,12,Month-to-month,DSL,Mailed check,35.5,432.25,No,Yes,No,Yes,No,No,0.9052441017069706,0.09475589829302947,9.5,Very low
0956-ACVZC,Novato,94947,54,One year,Fiber optic,Credit card (automatic),94.1,5060.9,No,No,Yes,No,Yes,Yes,0.8207634308422865,0.1792365691577135,17.9,Low
0956-SYCWG,Agoura Hills,91301,13,One year,No,Electronic check,19.65,244.8,No,No,No,No,No,No,0.9030803778133432,0.09691962218665681,9.7,Very low
0958-YHXGP,Oakland,94621,7,Month-to-month,Fiber optic,Mailed check,69.9,497.3,No,No,No,No,No,No,0.3992610212276064,0.6007389787723936,60.1,High
0959-WHOKV,Covina,91724,42,One year,Fiber optic,Electronic check,99.0,4298.45,Yes,Yes,Yes,No,No,Yes,0.7508735024931021,0.2491264975068978,24.9,Low
0960-HUWBM,Pleasant Grove,95668,65,Two year,Fiber optic,Bank transfer (automatic),104.1,6700.05,No,No,Yes,Yes,Yes,Yes,0.9763532902781084,0.023646709721891607,2.4,Very low
0961-ZWLVI,Rancho Cordova,95670,49,One year,Fiber optic,Credit card (automatic),109.2,5290.45,Yes,Yes,Yes,No,Yes,Yes,0.9565763931703827,0.04342360682961735,4.3,Very low
0962-CQPWQ,Alameda,94502,62,Two year,No,Bank transfer (automatic),20.3,1296.15,No,No,No,No,No,No,0.9978808821979671,0.002119117802032889,0.2,Very low
0967-BMLBD,Hornitos,95325,11,One year,No,Mailed check,20.0,196.35,No,No,No,No,No,No,0.9682685346303093,0.03173146536969069,3.2,Very low
0969-RGKCU,Woodland Hills,91367,37,One year,No,Credit card (automatic),19.8,677.05,No,No,No,No,No,No,0.9917220093775501,0.00827799062244999,0.8,Very low
0970-QXPXW,Monrovia,91016,1,Month-to-month,No,Mailed check,19.65,19.65,No,No,No,No,No,No,0.7968245159733536,0.20317548402664645,20.3,Low
0971-QIFJK,Soquel,95073,69,Two year,No,Bank transfer (automatic),24.25,1641.8,No,No,No,No,No,No,0.9882115719493915,0.011788428050608505,1.2,Very low
0973-KYVNF,Castaic,91384,72,Two year,DSL,Credit card (automatic),70.65,5011.15,Yes,Yes,Yes,No,Yes,No,0.9823007951244801,0.017699204875519865,1.8,Very low
0975-UYDTX,Glendale,91207,26,One year,DSL,Credit card (automatic),90.1,2312.55,Yes,Yes,Yes,Yes,Yes,Yes,0.836121608937876,0.16387839106212398,16.4,Low
0975-VOOVL,Agoura Hills,91301,3,Month-to-month,DSL,Mailed check,29.2,98.5,No,Yes,No,No,No,No,0.5736224143274804,0.42637758567251965,42.6,Medium
0979-MOZQI,Monterey,93940,62,Two year,DSL,Bank transfer (automatic),39.0,2337.45,No,No,No,Yes,Yes,No,0.9510164388982647,0.048983561101735344,4.9,Very low
0980-FEXWF,Fiddletown,95629,26,One year,DSL,Mailed check,50.35,1285.8,No,No,Yes,No,No,No,0.9713961564550125,0.02860384354498749,2.9,Very low
0980-PVMRC,Squaw Valley,93675,40,Month-to-month,DSL,Electronic check,50.85,2036.55,No,Yes,No,No,Yes,Yes,0.8446523484376204,0.15534765156237962,15.5,Low
0983-TATYJ,Santa Ynez,93460,33,One year,DSL,Mailed check,51.45,1758.9,No,No,No,Yes,No,No,0.8924858962698199,0.10751410373018011,10.8,Low
0988-AADSA,Forbestown,95941,72,Two year,DSL,Bank transfer (automatic),80.85,5824.75,Yes,Yes,Yes,Yes,No,Yes,0.9974157827835637,0.002584217216436355,0.3,Very low
0988-JRWWP,Wilseyville,95257,3,Month-to-month,DSL,Electronic check,54.2,140.4,No,No,No,No,Yes,No,0.4396933833739971,0.5603066166260029,56.0,High
0993-OSGPT,Junction City,96048,68,One year,DSL,Bank transfer (automatic),60.65,3975.9,No,Yes,Yes,Yes,No,No,0.9705998193423716,0.029400180657628346,2.9,Very low
0997-YTLNY,Escondido,92029,19,Month-to-month,DSL,Mailed check,48.8,953.65,No,No,No,Yes,No,No,0.9596553422070466,0.04034465779295342,4.0,Very low
0999-QXNSA,Los Angeles,90029,7,Month-to-month,DSL,Mailed check,45.75,344.2,No,No,No,No,No,No,0.8847487310354212,0.11525126896457888,11.5,Low
1004-NOZNR,Glen Ellen,95442,56,One year,Fiber optic,Credit card (automatic),94.8,5264.3,Yes,No,No,No,Yes,Yes,0.9796999446503706,0.02030005534962941,2.0,Very low
1013-QCWAM,Garden Grove,92841,66,Month-to-month,Fiber optic,Electronic check,100.8,6690.75,No,Yes,No,No,Yes,Yes,0.5516762007119238,0.4483237992880762,44.8,Medium
1015-JPFYW,Clements,95227,7,One year,No,Mailed check,19.45,136.75,No,No,No,No,No,No,0.980308964090077,0.019691035909923084,2.0,Very low
1015-OWJKI,Lawndale,90260,1,Month-to-month,No,Mailed check,19.05,19.05,No,No,No,No,No,No,0.7944846682045015,0.20551533179549855,20.6,Low
1016-DJTSV,Santee,92071,8,Month-to-month,Fiber optic,Electronic check,69.7,572.85,No,No,No,No,No,No,0.33540981778444245,0.6645901822155575,66.5,Very high
1017-FBQMM,Acampo,95220,62,One year,Fiber optic,Credit card (automatic),106.05,6703.5,No,Yes,No,Yes,Yes,Yes,0.961156091216615,0.03884390878338495,3.9,Very low
1020-JPQOW,Angwin,94508,56,Month-to-month,Fiber optic,Electronic check,90.55,5116.6,No,Yes,Yes,Yes,No,No,0.7612813049114276,0.23871869508857232,23.9,Low
1022-RKXDR,South El Monte,91733,41,One year,No,Mailed check,24.85,962.25,No,No,No,No,No,No,0.9398629212124708,0.06013707878752915,6.0,Very low
1023-BQXZE,Stockton,95203,57,Two year,DSL,Bank transfer (automatic),74.35,4317.35,Yes,No,Yes,No,Yes,Yes,0.9662265512728468,0.033773448727153176,3.4,Very low
1024-KPRBB,San Diego,92101,38,One year,Fiber optic,Mailed check,89.1,3342.0,No,No,No,No,Yes,Yes,0.6925355034011895,0.3074644965988104,30.7,Medium
1025-FALIX,Nicolaus,95659,26,Month-to-month,Fiber optic,Credit card (automatic),69.05,1815.65,No,No,No,No,No,No,0.5945024003266377,0.40549759967336235,40.5,Medium
1027-LKKQQ,Plymouth,95669,72,Two year,DSL,Bank transfer (automatic),80.45,5886.85,Yes,No,Yes,Yes,Yes,Yes,0.9961067031543086,0.0038932968456913577,0.4,Very low
1028-FFNJK,Burbank,91504,30,Month-to-month,Fiber optic,Electronic check,101.5,2917.65,No,No,No,Yes,Yes,Yes,0.3122320374538017,0.6877679625461983,68.8,Very high
1032-MAELW,Fresno,93703,68,One year,DSL,Electronic check,78.45,5333.35,Yes,Yes,Yes,Yes,No,Yes,0.9893113740674929,0.01068862593250708,1.1,Very low
1035-IPQPU,Parker Dam,92267,63,Month-to-month,Fiber optic,Electronic check,103.5,6479.4,No,Yes,Yes,No,Yes,Yes,0.5314133442761017,0.46858665572389835,46.9,High
1036-GUDCL,Oak Park,91377,60,Month-to-month,DSL,Credit card (automatic),79.05,4663.4,Yes,Yes,No,Yes,Yes,Yes,0.9814181066753555,0.01858189332464459,1.9,Very low
1038-RQOST,Zenia,95595,19,Month-to-month,No,Mailed check,20.6,414.95,No,No,No,No,No,No,0.9642256440309716,0.035774355969028414,3.6,Very low
1042-HFUCW,Cobb,95426,25,One year,DSL,Credit card (automatic),54.75,1266.35,No,Yes,No,Yes,No,No,0.9821721165408008,0.017827883459199202,1.8,Very low
1043-UXOVO,Sacramento,95830,71,Two year,Fiber optic,Credit card (automatic),113.15,7993.3,Yes,Yes,Yes,Yes,Yes,Yes,0.9580991120325637,0.0419008879674363,4.2,Very low
1045-LTCYT,San Jose,95118,8,Month-to-month,No,Credit card (automatic),21.05,139.75,No,No,No,No,No,No,0.9564972152692482,0.04350278473075174,4.4,Very low
1047-NNCBF,San Jose,95123,20,Month-to-month,Fiber optic,Credit card (automatic),70.55,1493.55,No,No,No,No,No,No,0.6275644162697909,0.3724355837302092,37.2,Medium
1047-RNXZV,Glendale,91208,43,Two year,No,Mailed check,19.55,876.15,No,No,No,No,No,No,0.9831443945169792,0.016855605483020803,1.7,Very low
1049-FYSYG,Ridgecrest,93555,17,Month-to-month,DSL,Credit card (automatic),35.65,646.05,No,Yes,Yes,No,No,No,0.5745505858320203,0.42544941416797966,42.5,Medium
1051-EQPZR,Stanford,94305,44,Month-to-month,No,Mailed check,19.6,780.25,No,No,No,No,No,No,0.9844722180179023,0.015527781982097661,1.6,Very low
1051-GEJLJ,San Gregorio,94074,2,Month-to-month,No,Mailed check,19.5,27.55,No,No,No,No,No,No,0.8022162574269737,0.19778374257302633,19.8,Low
1052-QJIBV,Colfax,95713,71,Two year,No,Credit card (automatic),19.9,1397.3,No,No,No,No,No,No,0.9985148952752007,0.00148510472479938,0.1,Very low
1053-MXTTK,North Hollywood,91602,72,Two year,Fiber optic,Bank transfer (automatic),108.65,7726.35,Yes,Yes,Yes,Yes,Yes,Yes,0.9917411018364111,0.008258898163588916,0.8,Very low
1057-FOGLZ,Calimesa,92320,18,Month-to-month,No,Mailed check,19.65,391.7,No,No,No,No,No,No,0.8741803607913953,0.12581963920860473,12.6,Low
1060-ENTOF,Los Angeles,90028,67,One year,Fiber optic,Credit card (automatic),105.4,7035.6,Yes,Yes,Yes,Yes,No,Yes,0.9178626369043694,0.08213736309563058,8.2,Very low
1061-PNTHC,Encinitas,92024,56,Month-to-month,Fiber optic,Mailed check,109.6,5953.0,Yes,No,Yes,Yes,Yes,Yes,0.9169190295278635,0.08308097047213651,8.3,Very low
1063-DHQJF,Whittier,90604,69,Two year,Fiber optic,Mailed check,92.15,6480.9,No,Yes,No,Yes,Yes,No,0.9884842513855652,0.011515748614434775,1.2,Very low
1064-FBXNK,Sacramento,95831,1,One year,No,Credit card (automatic),19.85,19.85,No,No,No,No,No,No,0.9727432163019883,0.027256783698011704,2.7,Very low
1069-QJOEE,Hayward,94541,25,One year,No,Electronic check,19.9,505.45,No,No,No,No,No,No,0.9812497823185136,0.01875021768148649,1.9,Very low
1073-XXCZD,Bakersfield,93308,55,Two year,No,Bank transfer (automatic),25.7,1443.65,No,No,No,No,No,No,0.980986938576715,0.019013061423285,1.9,Very low
1074-AMIOH,San Francisco,94127,53,Month-to-month,Fiber optic,Bank transfer (automatic),108.25,5935.1,No,Yes,Yes,Yes,Yes,Yes,0.9226826519996164,0.07731734800038362,7.7,Very low
1074-WVEVG,Los Angeles,90021,59,One year,No,Mailed check,20.35,1267.0,No,No,No,No,No,No,0.9774418242572497,0.022558175742750347,2.3,Very low
1077-HUUJM,Rancho Cucamonga,91730,7,Month-to-month,Fiber optic,Electronic check,71.05,472.65,No,No,No,No,No,No,0.7187707744751068,0.28122922552489316,28.1,Medium
1078-TDCRN,Agoura Hills,91301,3,Month-to-month,DSL,Electronic check,30.75,82.85,No,Yes,No,No,No,No,0.3460771209211432,0.6539228790788568,65.4,Very high
1080-BWSYE,Irvine,92618,64,Two year,No,Credit card (automatic),25.65,1740.8,No,No,No,No,No,No,0.9863140515265006,0.013685948473499385,1.4,Very low
1084-MNSMJ,El Dorado,95623,51,Two year,DSL,Credit card (automatic),85.5,4421.95,Yes,Yes,Yes,Yes,Yes,Yes,0.9766770098591694,0.023322990140830644,2.3,Very low
1085-LDWAM,Portola,96122,69,One year,No,Credit card (automatic),20.35,1442.65,No,No,No,No,No,No,0.996015294553851,0.003984705446149015,0.4,Very low
1087-GRUYI,San Diego,92116,38,Two year,No,Bank transfer (automatic),20.4,743.5,No,No,No,No,No,No,0.9761872252372008,0.02381277476279922,2.4,Very low
1088-AUUZZ,Shaver Lake,93664,56,Two year,DSL,Credit card (automatic),75.85,4261.2,Yes,Yes,No,Yes,No,Yes,0.9938297121645623,0.006170287835437706,0.6,Very low
1088-CNNKB,Campbell,95008,63,One year,DSL,Credit card (automatic),80.0,5040.2,Yes,Yes,Yes,Yes,No,Yes,0.9708502620615785,0.029149737938421426,2.9,Very low
1089-HDMKP,Bridgeport,93517,11,Month-to-month,DSL,Electronic check,54.55,601.25,No,Yes,No,Yes,No,No,0.9123682806674938,0.08763171933250627,8.8,Very low
1089-XZWHH,Lee Vining,93541,24,Two year,No,Mailed check,19.7,494.05,No,No,No,No,No,No,0.9881360891319493,0.011863910868050742,1.2,Very low
1090-ESELR,Fawnskin,92333,72,Two year,Fiber optic,Bank transfer (automatic),105.5,7611.55,Yes,Yes,No,Yes,Yes,Yes,0.9704141852511036,0.029585814748896412,3.0,Very low
1090-PYKCI,Boonville,95415,69,One year,Fiber optic,Credit card (automatic),105.1,7234.8,Yes,Yes,Yes,Yes,Yes,No,0.9836667148069361,0.016333285193063908,1.6,Very low
1091-SOZGA,La Palma,90623,56,One year,Fiber optic,Credit card (automatic),99.8,5515.45,No,No,Yes,No,Yes,Yes,0.7238986526039233,0.2761013473960768,27.6,Medium
1092-WPIVQ,French Gulch,96033,18,Two year,No,Mailed check,25.1,428.45,No,No,No,No,No,No,0.9857129412030456,0.014287058796954378,1.4,Very low
1093-YSWCA,Corona,92881,11,Two year,No,Credit card (automatic),19.55,223.15,No,No,No,No,No,No,0.958576820907341,0.041423179092659,4.1,Very low
1094-BKOSX,Coleville,96107,45,One year,DSL,Bank transfer (automatic),51.0,2264.5,No,Yes,Yes,Yes,No,Yes,0.9814292162244412,0.018570783775558757,1.9,Very low
1095-WGNGG,San Pedro,90732,61,Two year,Fiber optic,Bank transfer (automatic),101.05,5971.25,No,Yes,No,No,Yes,Yes,0.8498487048195144,0.15015129518048564,15.0,Low
1096-ADRUX,Placentia,92870,66,One year,Fiber optic,Bank transfer (automatic),74.25,4859.25,No,No,No,No,No,No,0.9678158924694031,0.032184107530596875,3.2,Very low
1097-FSPVW,Pioneertown,92268,42,Month-to-month,DSL,Credit card (automatic),54.55,2455.05,Yes,No,Yes,No,No,No,0.9260674350140596,0.0739325649859404,7.4,Very low
1098-KFQEC,Encino,91316,55,Two year,No,Credit card (automatic),19.4,1083.0,No,No,No,No,No,No,0.9974587393404506,0.0025412606595494147,0.3,Very low
1098-TDVUQ,Spring Valley,91977,1,Month-to-month,No,Bank transfer (automatic),19.25,19.25,No,No,No,No,No,No,0.7520867044712822,0.24791329552871783,24.8,Low
1099-BTKWT,Mission Viejo,92692,68,One year,DSL,Electronic check,54.4,3723.65,Yes,No,Yes,No,Yes,Yes,0.8839759159681538,0.11602408403184618,11.6,Low
1099-GODLO,Berkeley,94709,1,Two year,No,Mailed check,20.35,20.35,No,No,No,No,No,No,0.9820844856186238,0.017915514381376153,1.8,Very low
1100-DDVRV,Twain Harte,95383,17,Month-to-month,DSL,Mailed check,49.8,836.35,No,Yes,No,No,Yes,Yes,0.3913217615220663,0.6086782384779337,60.9,High
1101-SSWAG,Berkeley,94702,15,Month-to-month,DSL,Electronic check,51.1,711.15,No,No,No,No,No,No,0.4567947254875667,0.5432052745124333,54.3,High
1104-FEJAM,Richgrove,93261,28,Month-to-month,DSL,Electronic check,64.4,1802.15,No,Yes,No,No,No,Yes,0.8875178915586355,0.11248210844136454,11.2,Low
1104-TNLZA,Klamath River,96050,28,Month-to-month,Fiber optic,Electronic check,105.8,2998.0,No,Yes,No,Yes,Yes,Yes,0.32087169037819496,0.679128309621805,67.9,Very high
1106-HRLKZ,Oakley,94561,40,Two year,No,Mailed check,19.6,808.95,No,No,No,No,No,No,0.9950409145635185,0.004959085436481455,0.5,Very low
1110-KYLGQ,Campbell,95008,63,Month-to-month,Fiber optic,Credit card (automatic),108.25,6780.1,Yes,Yes,Yes,No,Yes,Yes,0.8291210022207692,0.17087899777923074,17.1,Low
1116-DXXDF,Porter Ranch,91326,39,Two year,Fiber optic,Electronic check,100.45,3801.7,Yes,No,Yes,No,Yes,Yes,0.8195669156889084,0.18043308431109162,18.0,Low
1116-FRYVH,Kingsburg,93631,48,Two year,DSL,Mailed check,39.4,1978.65,Yes,Yes,No,Yes,No,No,0.9942453092682975,0.005754690731702528,0.6,Very low
1121-QSIVB,Bakersfield,93309,44,One year,DSL,Mailed check,77.55,3471.1,No,Yes,No,No,Yes,Yes,0.9631120060862512,0.03688799391374878,3.7,Very low
1122-YJBCS,Los Angeles,90032,69,One year,DSL,Credit card (automatic),53.65,3804.4,Yes,Yes,No,No,No,No,0.9735417802156884,0.026458219784311666,2.6,Very low
1125-SNVCK,Los Angeles,90040,49,Month-to-month,DSL,Mailed check,43.8,2106.05,No,No,No,No,No,No,0.9003736736764427,0.09962632632355727,10.0,Very low
1131-ALZWV,San Lorenzo,94580,24,One year,No,Bank transfer (automatic),24.6,605.25,No,No,No,No,No,No,0.9328455998820422,0.06715440011795779,6.7,Very low
1131-QQZEB,Sunset Beach,90742,71,Two year,No,Bank transfer (automatic),23.95,1756.2,No,No,No,No,No,No,0.9885662788482772,0.011433721151722758,1.1,Very low
1131-SUEKT,Hood,95639,61,One year,Fiber optic,Bank transfer (automatic),98.45,6145.2,No,Yes,No,Yes,Yes,Yes,0.9692022950146921,0.030797704985307896,3.1,Very low
1133-KXCGE,Palmdale,93552,18,One year,No,Mailed check,20.1,407.05,No,No,No,No,No,No,0.9353945999869729,0.06460540001302702,6.5,Very low
1134-YWTYF,Fresno,93725,27,Month-to-month,DSL,Electronic check,53.8,1389.85,No,Yes,No,Yes,No,No,0.7311763169424215,0.2688236830575785,26.9,Medium
1135-HIORI,Byron,94514,64,One year,Fiber optic,Electronic check,111.45,7266.95,No,Yes,Yes,Yes,Yes,Yes,0.946374367844852,0.05362563215514808,5.4,Very low
1135-LMECX,Moreno Valley,92551,1,Month-to-month,No,Mailed check,19.85,19.85,No,No,No,No,No,No,0.7968245159733536,0.20317548402664645,20.3,Low
1136-XGEQU,Winchester,92596,50,One year,DSL,Credit card (automatic),84.15,4164.4,No,Yes,Yes,Yes,Yes,Yes,0.8877921592520936,0.1122078407479064,11.2,Low
1137-DGOWI,Coachella,92236,30,One year,DSL,Bank transfer (automatic),70.25,2198.9,No,Yes,Yes,Yes,No,Yes,0.9113212824652481,0.08867871753475184,8.9,Very low
1139-WUOAH,Vallecito,95251,57,Two year,DSL,Credit card (automatic),53.35,3090.05,No,No,Yes,Yes,Yes,Yes,0.9624162468269092,0.037583753173090796,3.8,Very low
1140-UKVZG,Farmersville,93223,17,Month-to-month,No,Mailed check,24.8,475.25,No,No,No,No,No,No,0.8267727551033026,0.1732272448966974,17.3,Low
1142-IHLOO,San Diego,92107,51,One year,Fiber optic,Credit card (automatic),87.55,4475.9,No,No,No,No,Yes,Yes,0.8527982131216618,0.14720178687833815,14.7,Low
1150-FTQGN,Oregon House,95962,60,One year,Fiber optic,Bank transfer (automatic),94.15,5811.8,Yes,Yes,No,No,Yes,No,0.9768550173141893,0.02314498268581072,2.3,Very low
1153-GNOLC,Santa Ana,92707,33,One year,DSL,Electronic check,39.1,1309.0,No,Yes,No,No,Yes,No,0.7516307208290814,0.24836927917091856,24.8,Low
1154-HYWWO,San Clemente,92672,38,One year,DSL,Mailed check,70.6,2708.2,Yes,Yes,No,Yes,Yes,No,0.9566477164994921,0.04335228350050792,4.3,Very low
1156-ZFYDO,Glendale,91201,1,Month-to-month,No,Electronic check,19.75,19.75,No,No,No,No,No,No,0.7491382214998432,0.25086177850015673,25.1,Medium
1159-WFSGR,South Pasadena,91030,16,Month-to-month,No,Electronic check,20.4,321.4,No,No,No,No,No,No,0.9495508712848312,0.05044912871516886,5.0,Very low
1162-ECVII,Fresno,93704,72,Two year,Fiber optic,Bank transfer (automatic),109.75,7932.5,No,Yes,Yes,Yes,Yes,Yes,0.9184787308624592,0.08152126913754078,8.2,Very low
1163-ONYEY,Shoshone,92384,41,Month-to-month,DSL,Credit card (automatic),74.55,3023.55,Yes,Yes,Yes,No,Yes,No,0.9495837717488548,0.050416228251145195,5.0,Very low
1163-VIPRI,Garberville,95542,65,Two year,Fiber optic,Electronic check,109.3,7337.55,Yes,No,Yes,Yes,Yes,Yes,0.9835015909171873,0.016498409082812786,1.6,Very low
1166-PQLGG,Redwood City,94065,72,Two year,No,Bank transfer (automatic),19.55,1463.45,No,No,No,No,No,No,0.9984853118085879,0.001514688191412117,0.2,Very low
1167-OYZJF,Santa Monica,90402,67,Two year,No,Bank transfer (automatic),20.05,1263.05,No,No,No,No,No,No,0.9869520777996073,0.013047922200392756,1.3,Very low
1169-SAOCL,Brookdale,95007,49,One year,Fiber optic,Bank transfer (automatic),106.65,5168.1,No,Yes,No,Yes,Yes,Yes,0.7969075846170274,0.20309241538297265,20.3,Low
1169-WCVAK,Fresno,93710,19,Month-to-month,Fiber optic,Credit card (automatic),88.8,1672.35,Yes,Yes,No,Yes,No,No,0.5791117741146942,0.42088822588530583,42.1,Medium
1170-SASML,Desert Hot Springs,92240,69,Month-to-month,Fiber optic,Bank transfer (automatic),85.4,5869.4,No,Yes,Yes,No,No,No,0.7819901111459512,0.21800988885404882,21.8,Low
1171-TYKUR,Los Angeles,90010,47,Month-to-month,No,Electronic check,25.4,1139.2,No,No,No,No,No,No,0.8810201740655813,0.11897982593441873,11.9,Low
1172-VIYBP,Cathedral City,92234,53,Two year,DSL,Bank transfer (automatic),69.7,3686.05,Yes,Yes,No,No,No,Yes,0.9929484290330306,0.007051570966969431,0.7,Very low
1173-NOEYG,Santa Margarita,93453,27,Month-to-month,Fiber optic,Bank transfer (automatic),90.15,2423.4,No,No,Yes,No,No,Yes,0.4617033223950284,0.5382966776049716,53.8,High
1173-XZPYF,Torrance,90501,11,Month-to-month,Fiber optic,Electronic check,89.2,990.3,No,No,Yes,No,Yes,No,0.23875593684962038,0.7612440631503796,76.1,Very high
1174-FGIFN,Squaw Valley,93675,28,One year,Fiber optic,Electronic check,90.45,2509.25,No,No,No,Yes,No,Yes,0.860983311399442,0.13901668860055802,13.9,Low
1177-XZBJL,Palermo,95968,53,One year,DSL,Bank transfer (automatic),64.15,3491.55,Yes,Yes,No,Yes,No,No,0.9931878896183399,0.006812110381660025,0.7,Very low
1178-PZGAB,Sun City,92585,19,One year,No,Credit card (automatic),20.25,383.65,No,No,No,No,No,No,0.9457468036968502,0.05425319630314984,5.4,Very low
1179-INLAT,Santa Clara,95050,3,One year,No,Mailed check,19.45,69.25,No,No,No,No,No,No,0.8579399363419867,0.14206006365801324,14.2,Low
1183-CANVH,Mendota,93640,23,One year,DSL,Bank transfer (automatic),60.0,1347.15,No,No,No,Yes,Yes,No,0.8747472198876826,0.1252527801123174,12.5,Low
1187-WILMM,Lindsay,93247,63,Two year,DSL,Credit card (automatic),89.4,5597.65,Yes,Yes,Yes,Yes,Yes,Yes,0.9685294482835818,0.03147055171641823,3.1,Very low
1194-BHJYC,Lockwood,93932,61,Two year,DSL,Mailed check,62.15,3778.85,Yes,No,Yes,Yes,Yes,Yes,0.9505271100294189,0.049472889970581045,4.9,Very low
1194-HVAIF,Capistrano Beach,92624,27,Month-to-month,Fiber optic,Credit card (automatic),95.0,2462.55,No,No,No,No,Yes,Yes,0.3989628038159455,0.6010371961840545,60.1,High
1194-SPVSP,Soquel,95073,1,Month-to-month,No,Bank transfer (automatic),19.65,19.65,No,No,No,No,No,No,0.8101188249331256,0.18988117506687438,19.0,Low
1197-BVMVG,Friant,93626,4,Month-to-month,Fiber optic,Electronic check,74.45,294.45,No,No,No,No,No,No,0.2412467204068366,0.7587532795931634,75.9,Very high
1200-TUZHR,Posey,93260,8,Month-to-month,Fiber optic,Electronic check,85.2,695.75,No,No,No,No,No,Yes,0.28454861189695724,0.7154513881030428,71.5,Very high
1202-KKGFU,Korbel,95550,12,Month-to-month,DSL,Bank transfer (automatic),54.2,690.5,Yes,No,No,Yes,No,No,0.817328185270779,0.18267181472922103,18.3,Low
1206-EHBDD,Rodeo,94572,56,Two year,Fiber optic,Bank transfer (automatic),80.3,4513.65,Yes,No,Yes,No,No,No,0.9568802488534791,0.043119751146520835,4.3,Very low
1207-BLKSA,Redwood City,94061,52,Two year,No,Mailed check,23.05,1255.1,No,No,No,No,No,No,0.9954030593780444,0.004596940621955562,0.5,Very low
1208-NBVFH,Perris,92570,20,Month-to-month,DSL,Electronic check,49.6,939.8,No,No,Yes,No,No,No,0.8766604160671888,0.12333958393281123,12.3,Low
1209-VFFOC,Brisbane,94005,68,Two year,DSL,Mailed check,56.4,3948.45,Yes,Yes,Yes,Yes,No,Yes,0.9945579757329497,0.005442024267050355,0.5,Very low
1212-GLHMD,San Joaquin,93660,3,Month-to-month,Fiber optic,Mailed check,86.05,244.85,Yes,No,No,No,No,Yes,0.38817432117914985,0.6118256788208501,61.2,High
1215-EXRMO,Junction City,96048,50,Two year,No,Mailed check,20.55,1067.65,No,No,No,No,No,No,0.9823376140362111,0.017662385963788926,1.8,Very low
1215-FIGMP,Los Angeles,90077,60,Month-to-month,Fiber optic,Bank transfer (automatic),89.9,5450.7,No,Yes,No,No,Yes,No,0.7177871070430578,0.2822128929569422,28.2,Medium
1215-VFYVK,Groveland,95321,4,Month-to-month,DSL,Mailed check,48.25,202.25,Yes,No,Yes,Yes,No,Yes,0.6638158416760409,0.33618415832395904,33.6,Medium
1216-BGTSP,Imperial,92251,45,Month-to-month,Fiber optic,Credit card (automatic),108.45,4964.7,Yes,No,Yes,Yes,Yes,Yes,0.6968560611742851,0.3031439388257149,30.3,Medium
1216-JWVUX,San Miguel,93451,25,Month-to-month,Fiber optic,Electronic check,75.5,1901.05,No,Yes,No,No,No,No,0.7947268196964283,0.20527318030357164,20.5,Low
1217-VASWC,Avila Beach,93424,43,One year,Fiber optic,Bank transfer (automatic),100.55,4304.0,No,Yes,Yes,No,Yes,Yes,0.7080420822212067,0.2919579177787933,29.2,Medium
1219-NNDDO,Los Angeles,90015,9,Month-to-month,Fiber optic,Electronic check,76.85,663.55,No,No,No,No,No,No,0.27774374511393307,0.7222562548860669,72.2,Very high
1221-GHZEP,Hemet,92544,62,Two year,DSL,Mailed check,65.1,3846.75,Yes,No,No,Yes,No,Yes,0.9827796748796116,0.01722032512038835,1.7,Very low
1222-KJNZD,Palos Verdes Peninsula,90274,40,Month-to-month,No,Bank transfer (automatic),20.4,745.3,No,No,No,No,No,No,0.9768815254627244,0.023118474537275526,2.3,Very low
1222-LRYKO,Posey,93260,6,Month-to-month,No,Mailed check,26.35,184.05,No,No,No,No,No,No,0.9425654544743269,0.057434545525673036,5.7,Very low
1223-UNPKS,Wendel,96136,20,Two year,No,Mailed check,20.05,400.0,No,No,No,No,No,No,0.9903277110901951,0.009672288909804927,1.0,Very low
1226-IENZN,Los Angeles,90024,16,Month-to-month,Fiber optic,Electronic check,78.75,1218.25,No,No,No,No,No,Yes,0.3360797742507201,0.6639202257492799,66.4,Very high
1226-JZNKR,Santa Ynez,93460,8,One year,No,Electronic check,19.8,160.05,No,No,No,No,No,No,0.855780767048839,0.144219232951161,14.4,Low
1227-UDMZR,Fremont,94536,72,Two year,DSL,Bank transfer (automatic),91.15,6637.9,Yes,Yes,Yes,Yes,Yes,Yes,0.9756478295266577,0.024352170473342254,2.4,Very low
1228-ZLNBX,Farmington,95230,21,Month-to-month,Fiber optic,Mailed check,75.3,1570.7,No,No,No,No,No,No,0.5153818406078174,0.4846181593921826,48.5,High
1229-RCALF,San Jose,95117,64,One year,Fiber optic,Electronic check,115.0,7396.15,Yes,Yes,Yes,Yes,Yes,Yes,0.8347627266212395,0.16523727337876049,16.5,Low
1230-QAJDW,Somes Bar,95568,3,Month-to-month,DSL,Mailed check,65.25,209.9,No,No,No,Yes,Yes,No,0.5023385093991082,0.4976614906008918,49.8,High
1231-YNDEK,Redding,96002,58,Two year,No,Bank transfer (automatic),19.15,1035.5,No,No,No,No,No,No,0.9867951014364423,0.013204898563557685,1.3,Very low
1237-WIYYZ,Los Angeles,90017,18,Month-to-month,No,Mailed check,19.55,389.25,No,No,No,No,No,No,0.8296340597743727,0.17036594022562734,17.0,Low
1240-HCBOH,Windsor,95492,67,Two year,No,Mailed check,26.1,1759.55,No,No,No,No,No,No,0.9850876461968774,0.014912353803122634,1.5,Very low
1241-EZFMJ,Ontario,91761,61,Two year,No,Bank transfer (automatic),25.45,1538.6,No,No,No,No,No,No,0.9844078151070725,0.0155921848929275,1.6,Very low
1241-FPMOF,Seal Beach,90740,52,Two year,No,Mailed check,19.65,1025.05,No,No,No,No,No,No,0.9874923580859747,0.012507641914025303,1.3,Very low
1245-HARPS,Janesville,96114,14,Two year,No,Mailed check,20.4,292.4,No,No,No,No,No,No,0.9438459551699427,0.05615404483005724,5.6,Very low
1247-QBVSH,Santa Margarita,93453,43,Month-to-month,DSL,Mailed check,50.2,2169.4,No,Yes,No,No,No,No,0.96967966903745,0.030320330962550095,3.0,Very low
1248-DYXUB,Lemon Grove,91945,52,Two year,No,Mailed check,24.8,1229.1,No,No,No,No,No,No,0.9953367355313957,0.004663264468604316,0.5,Very low
1251-STYSZ,Glenhaven,95443,4,Month-to-month,Fiber optic,Electronic check,80.25,303.7,Yes,No,No,No,No,No,0.3149146108785724,0.6850853891214276,68.5,Very high
1257-SXUXQ,Jenner,95450,5,Month-to-month,No,Mailed check,19.45,86.05,No,No,No,No,No,No,0.943913526994126,0.05608647300587398,5.6,Very low
1258-YMZNM,Montara,94037,27,One year,Fiber optic,Bank transfer (automatic),110.5,2857.6,Yes,Yes,Yes,No,Yes,Yes,0.6619164820468281,0.33808351795317193,33.8,Medium
1261-FWTTE,Los Angeles,90067,23,Month-to-month,DSL,Bank transfer (automatic),34.65,768.45,No,No,No,No,No,Yes,0.5751632579879032,0.42483674201209676,42.5,Medium
1264-FUHCX,San Diego,92106,49,One year,DSL,Credit card (automatic),56.3,2780.6,No,Yes,No,Yes,Yes,Yes,0.8665526089255442,0.13344739107445575,13.3,Low
1265-BCFEO,Alamo,94507,71,Two year,DSL,Bank transfer (automatic),80.45,5662.25,No,No,Yes,Yes,Yes,Yes,0.9601134112698114,0.0398865887301886,4.0,Very low
1265-HVPZB,Winnetka,91306,59,One year,DSL,Credit card (automatic),66.4,3958.2,Yes,Yes,Yes,No,Yes,No,0.9662117236098394,0.0337882763901606,3.4,Very low
1265-ZFOSD,Stonyford,95979,64,Two year,DSL,Mailed check,81.3,5129.3,Yes,Yes,Yes,Yes,No,Yes,0.9737415276471115,0.026258472352888418,2.6,Very low
1266-NZYUI,Lee Vining,93541,72,Two year,DSL,Bank transfer (automatic),66.85,4758.8,Yes,No,Yes,Yes,No,No,0.9889605785150113,0.01103942148498874,1.1,Very low
1269-FOYWN,Phillipsville,95559,44,One year,No,Bank transfer (automatic),20.0,860.85,No,No,No,No,No,No,0.9930905109230133,0.006909489076986759,0.7,Very low
1270-XKUCC,San Diego,92122,30,Two year,No,Mailed check,19.7,599.25,No,No,No,No,No,No,0.993169870532014,0.006830129467986037,0.7,Very low
1271-UODNO,San Jose,95118,39,Two year,DSL,Credit card (automatic),53.85,2200.7,No,No,No,Yes,No,No,0.9509126929532808,0.04908730704671913,4.9,Very low
1272-ILHFG,La Habra,90631,15,One year,No,Mailed check,19.65,332.65,No,No,No,No,No,No,0.9800381568794161,0.019961843120583894,2.0,Very low
1282-IHQAC,Sheep Ranch,95250,70,One year,DSL,Credit card (automatic),44.05,3011.65,No,Yes,Yes,No,Yes,No,0.9412464603698756,0.058753539630124446,5.9,Very low
1291-CUOCY,Yorkville,95494,72,Two year,Fiber optic,Credit card (automatic),110.6,7962.2,No,Yes,Yes,Yes,Yes,Yes,0.9239471120356335,0.07605288796436646,7.6,Very low
1293-BSEUN,Volcano,95689,72,Two year,No,Mailed check,20.7,1482.3,No,No,No,No,No,No,0.9976170236021542,0.0023829763978457474,0.2,Very low
1293-HHSHJ,Montrose,91020,35,One year,No,Mailed check,21.1,741.0,No,No,No,No,No,No,0.9624765390739107,0.03752346092608931,3.8,Very low
1297-VQDRP,Foothill Ranch,92610,68,One year,Fiber optic,Credit card (automatic),107.15,7379.8,No,No,Yes,Yes,Yes,Yes,0.9639499498367897,0.03605005016321026,3.6,Very low
1298-PHBTI,Los Angeles,90049,71,Two year,Fiber optic,Electronic check,84.8,6152.4,No,Yes,No,Yes,No,No,0.9851635948793256,0.014836405120674424,1.5,Very low
1299-AURJA,Twain Harte,95383,70,Two year,No,Bank transfer (automatic),24.7,1685.9,No,No,No,No,No,No,0.9977213220604995,0.002278677939500577,0.2,Very low
1301-LOPVR,North Hollywood,91605,29,One year,DSL,Credit card (automatic),55.35,1636.95,Yes,Yes,Yes,Yes,No,Yes,0.9701539560894816,0.02984604391051836,3.0,Very low
1302-TPUBN,West Sacramento,95691,66,Two year,No,Bank transfer (automatic),19.35,1240.8,No,No,No,No,No,No,0.992884878850357,0.0071151211496429945,0.7,Very low
1302-UHBDD,Ladera Ranch,92694,20,Month-to-month,Fiber optic,Electronic check,89.95,1648.45,No,No,No,No,Yes,Yes,0.3819554911787818,0.6180445088212182,61.8,High
1303-SRDOK,Rio Dell,95562,55,Two year,Fiber optic,Credit card (automatic),69.05,3842.6,No,No,No,No,No,No,0.9819359706833031,0.018064029316696976,1.8,Very low
1304-BCCFO,Redlands,92374,9,Month-to-month,DSL,Mailed check,70.05,564.4,No,No,Yes,No,Yes,Yes,0.4225559311104544,0.5774440688895456,57.7,High
1304-SEGFY,National City,91950,72,Two year,Fiber optic,Electronic check,97.85,6841.3,No,No,Yes,No,Yes,Yes,0.8381293482428342,0.16187065175716578,16.2,Low
1306-RPWXZ,Mc Farland,93250,49,Two year,No,Credit card (automatic),20.45,1024.65,No,No,No,No,No,No,0.9976565036530823,0.002343496346917623,0.2,Very low
1307-ATKGB,Santa Clara,95054,24,Month-to-month,Fiber optic,Electronic check,89.55,2187.15,No,Yes,Yes,No,No,Yes,0.43457436944103456,0.5654256305589654,56.5,High
1307-TVUFB,Santa Ynez,93460,42,Month-to-month,Fiber optic,Bank transfer (automatic),79.35,3344.1,No,Yes,No,No,No,No,0.6448377165586474,0.35516228344135253,35.5,Medium
1309-XGFSN,Pinon Hills,92372,52,One year,DSL,Electronic check,80.85,4079.55,No,Yes,Yes,No,Yes,Yes,0.9506744079435402,0.04932559205645985,4.9,Very low
1310-QRITU,Hinkley,92347,18,Month-to-month,DSL,Electronic check,50.3,913.3,No,No,No,No,No,No,0.5524853375845441,0.4475146624154559,44.8,Medium
1319-YLZJG,Dutch Flat,95714,12,Month-to-month,Fiber optic,Electronic check,84.6,959.9,Yes,Yes,Yes,No,No,No,0.42184318542618726,0.5781568145738127,57.8,High
1320-GVNHT,Glendale,91207,72,Two year,Fiber optic,Credit card (automatic),108.4,7767.25,Yes,Yes,Yes,No,Yes,Yes,0.9844774908074536,0.015522509192546436,1.6,Very low
1320-REHCS,Inglewood,90301,52,Month-to-month,Fiber optic,Electronic check,110.75,5832.0,No,Yes,Yes,Yes,Yes,Yes,0.5890223945390434,0.41097760546095663,41.1,Medium
1325-USMEC,Pearblossom,93553,70,Two year,Fiber optic,Credit card (automatic),99.35,6944.5,Yes,Yes,Yes,No,Yes,No,0.9387274226554719,0.061272577344528054,6.1,Very low
1328-EUZHC,Carson,90746,18,Two year,No,Mailed check,20.1,370.5,No,No,No,No,No,No,0.9505661608854472,0.04943383911455284,4.9,Very low
1329-VHWNP,Grover Beach,93433,7,Month-to-month,DSL,Bank transfer (automatic),25.05,189.95,No,No,No,No,No,No,0.6041048755907082,0.39589512440929175,39.6,Medium
1333-PBMXB,Santa Ana,92703,54,One year,No,Bank transfer (automatic),24.75,1342.15,No,No,No,No,No,No,0.9902572361319588,0.009742763868041205,1.0,Very low
1334-PDUKM,Palomar Mountain,92060,68,One year,Fiber optic,Credit card (automatic),86.45,5762.95,No,Yes,Yes,No,No,No,0.9158067089152852,0.08419329108471488,8.4,Very low
1335-HQMKX,Los Angeles,90044,72,One year,Fiber optic,Electronic check,101.35,7323.15,No,Yes,Yes,No,Yes,Yes,0.765807256026815,0.23419274397318507,23.4,Low
1335-MXCSE,Shoshone,92384,55,Two year,DSL,Credit card (automatic),55.25,3119.9,No,No,Yes,Yes,No,No,0.9945116708174817,0.005488329182518241,0.5,Very low
1335-NTIUC,Pacoima,91331,9,Month-to-month,DSL,Electronic check,24.95,190.25,No,No,No,No,No,No,0.43756079024218075,0.5624392097578192,56.2,High
1336-EZFZY,Kings Beach,96143,4,Month-to-month,No,Mailed check,20.05,83.3,No,No,No,No,No,No,0.8126745363977801,0.1873254636022199,18.7,Low
1337-BOZWO,Canby,96015,18,One year,DSL,Credit card (automatic),46.4,812.4,No,Yes,Yes,No,Yes,No,0.9392538913787913,0.060746108621208626,6.1,Very low
1338-CECEE,Mount Hermon,95041,41,One year,DSL,Bank transfer (automatic),68.5,2839.95,No,Yes,Yes,No,Yes,No,0.8790937909543723,0.1209062090456277,12.1,Low
1345-GKDZZ,Riverside,92507,6,Month-to-month,No,Mailed check,19.55,128.6,No,No,No,No,No,No,0.9585061798668679,0.04149382013313203,4.1,Very low
1345-ZUKID,Magalia,95954,14,One year,No,Mailed check,19.35,324.8,No,No,No,No,No,No,0.9257880951610549,0.07421190483894508,7.4,Very low
1346-PJWTK,Corona,92880,61,Month-to-month,Fiber optic,Credit card (automatic),94.15,5731.85,No,Yes,Yes,Yes,No,Yes,0.8598240118014172,0.14017598819858276,14.0,Low
1346-UFHAX,Woodbridge,95258,13,Month-to-month,Fiber optic,Credit card (automatic),80.0,1029.35,Yes,No,No,No,No,No,0.4930098851941308,0.5069901148058692,50.7,High
1347-KTTTA,Canyon Country,91351,64,One year,Fiber optic,Credit card (automatic),102.45,6654.1,No,Yes,Yes,Yes,Yes,Yes,0.8811302576606258,0.11886974233937422,11.9,Low
1352-HNSAW,Aliso Viejo,92656,72,Two year,Fiber optic,Bank transfer (automatic),115.6,8220.4,Yes,Yes,Yes,Yes,Yes,Yes,0.9884139385591774,0.011586061440822673,1.2,Very low
1352-VHKAJ,Berkeley,94709,27,Month-to-month,DSL,Bank transfer (automatic),71.6,1957.1,No,No,No,Yes,Yes,Yes,0.9122170450072639,0.08778295499273613,8.8,Very low
1353-GHZOS,San Diego,92115,22,One year,DSL,Bank transfer (automatic),59.75,1374.35,Yes,No,No,No,Yes,No,0.8282538622808606,0.17174613771913944,17.2,Low
1353-LJWEM,Cottonwood,96022,11,Month-to-month,DSL,Electronic check,60.9,688.5,No,Yes,Yes,Yes,No,No,0.6823754430272975,0.31762455697270253,31.8,Medium
1354-YZFNB,Mad River,95552,4,Two year,No,Credit card (automatic),19.55,68.8,No,No,No,No,No,No,0.9858325659168037,0.014167434083196274,1.4,Very low
1355-KUSBG,Fall River Mills,96028,7,Month-to-month,DSL,Electronic check,48.8,349.8,No,No,No,No,No,No,0.8223706334717743,0.1776293665282257,17.8,Low
1356-MKYSK,Castro Valley,94546,6,Month-to-month,DSL,Credit card (automatic),78.65,483.3,Yes,No,Yes,Yes,Yes,Yes,0.7467481194059953,0.25325188059400466,25.3,Medium
1357-BIJKI,Mission Viejo,92691,50,One year,Fiber optic,Electronic check,98.25,4858.7,No,Yes,No,No,Yes,Yes,0.6013352198419615,0.39866478015803847,39.9,Medium
1357-MVDOZ,Firebaugh,93622,11,Month-to-month,DSL,Bank transfer (automatic),59.65,683.25,No,No,Yes,No,Yes,No,0.8505818599680273,0.1494181400319728,14.9,Low
1360-JYXKQ,South Gate,90280,54,One year,Fiber optic,Electronic check,99.1,5437.1,No,No,Yes,Yes,Yes,Yes,0.7553650382093716,0.24463496179062835,24.5,Low
1360-RCYRT,Forest Knolls,94933,23,Month-to-month,DSL,Bank transfer (automatic),30.35,678.75,No,No,No,Yes,No,No,0.9057599227488525,0.09424007725114748,9.4,Very low
1360-XFJMR,Washington,95986,67,One year,Fiber optic,Credit card (automatic),109.7,7344.45,No,Yes,Yes,Yes,Yes,Yes,0.8552784054906334,0.14472159450936664,14.5,Low
1370-GGAWX,Beverly Hills,90211,46,One year,Fiber optic,Electronic check,94.15,4408.45,No,Yes,Yes,No,No,Yes,0.7075700604585379,0.2924299395414621,29.2,Medium
1371-DWPAZ,Redcrest,95569,0,Two year,DSL,Credit card (automatic),56.05,0.0,Yes,Yes,Yes,Yes,Yes,No,0.857990730113483,0.14200926988651696,14.2,Low
1371-OJCEK,Standish,96128,48,One year,No,Bank transfer (automatic),24.35,1133.7,No,No,No,No,No,No,0.9688891979003403,0.031110802099659676,3.1,Very low
1371-WEPDS,Chowchilla,93610,40,One year,DSL,Electronic check,55.8,2283.3,No,No,No,No,No,Yes,0.8577542427168181,0.14224575728318187,14.2,Low
1376-HHBDV,Santa Monica,90401,30,Month-to-month,DSL,Mailed check,48.8,1536.75,Yes,No,No,No,No,No,0.8316577965056797,0.16834220349432027,16.8,Low
1379-FRVEB,San Bernardino,92401,15,Month-to-month,Fiber optic,Electronic check,91.0,1430.05,No,Yes,No,No,Yes,No,0.6610637733630612,0.3389362266369388,33.9,Medium
1384-RCUXW,French Gulch,96033,16,Month-to-month,Fiber optic,Mailed check,80.55,1248.9,No,Yes,No,No,No,No,0.4122099341709179,0.5877900658290821,58.8,High
1385-TQOZW,Branscomb,95417,9,Month-to-month,No,Credit card (automatic),20.45,147.55,No,No,No,No,No,No,0.8072567381843987,0.19274326181560128,19.3,Low
1386-ZIKUV,Glenhaven,95443,7,Month-to-month,No,Mailed check,18.95,130.55,No,No,No,No,No,No,0.7682772856106339,0.23172271438936612,23.2,Low
1389-WNUIB,San Diego,92154,20,One year,DSL,Bank transfer (automatic),76.0,1588.75,Yes,No,No,No,Yes,Yes,0.9472146266361757,0.05278537336382429,5.3,Very low
1391-UBDAR,Riverside,92504,11,Month-to-month,Fiber optic,Electronic check,72.9,818.45,No,No,Yes,No,No,No,0.45357717943409503,0.546422820565905,54.6,High
1393-IMKZG,Fullerton,92831,1,Month-to-month,Fiber optic,Electronic check,95.85,95.85,No,No,No,Yes,Yes,Yes,0.2489987043287596,0.7510012956712404,75.1,Very high
1394-SUIUH,Mount Shasta,96067,44,Month-to-month,Fiber optic,Electronic check,85.15,3670.5,Yes,Yes,No,Yes,No,No,0.7445698538022922,0.25543014619770776,25.5,Medium
1395-OFUWC,Los Angeles,90067,43,Month-to-month,DSL,Credit card (automatic),29.3,1224.05,No,Yes,No,No,No,No,0.9575580601554161,0.0424419398445839,4.2,Very low
1395-WSWXR,Weldon,93283,24,Two year,No,Mailed check,20.75,487.05,No,No,No,No,No,No,0.9685353630033081,0.0314646369966919,3.1,Very low
1397-XKKWR,San Jose,95112,7,One year,DSL,Mailed check,35.3,264.8,Yes,No,Yes,No,No,No,0.807171935231084,0.192828064768916,19.3,Low
1399-OUPJN,Bellflower,90706,57,Two year,No,Bank transfer (automatic),19.75,1272.05,No,No,No,No,No,No,0.9974936946802829,0.0025063053197171277,0.3,Very low
1399-UBQIU,Orange,92867,11,Month-to-month,DSL,Electronic check,69.35,712.25,No,No,Yes,No,Yes,Yes,0.44164178861070813,0.5583582113892919,55.8,High
1400-WIVLL,Oakdale,95361,57,Two year,Fiber optic,Electronic check,107.95,5969.85,No,No,Yes,Yes,Yes,Yes,0.8601182166660823,0.1398817833339176,14.0,Low
1401-FTHFQ,Culver City,90232,23,One year,No,Credit card (automatic),20.0,445.3,No,No,No,No,No,No,0.9812840742362471,0.018715925763752927,1.9,Very low
1402-PTHGN,Elk Grove,95624,18,One year,DSL,Mailed check,61.5,1087.45,Yes,Yes,No,Yes,No,No,0.9760392422999736,0.023960757700026356,2.4,Very low
1403-GYAFU,Irvine,92604,70,Two year,No,Credit card (automatic),20.05,1360.25,No,No,No,No,No,No,0.9984419373365794,0.0015580626634205967,0.2,Very low
1403-LKLIK,Olympic Valley,96146,33,One year,No,Mailed check,20.1,579.4,No,No,No,No,No,No,0.9891606390104526,0.010839360989547445,1.1,Very low
1406-PUQVY,Madison,95653,1,Month-to-month,DSL,Electronic check,49.9,49.9,No,Yes,No,No,No,No,0.8446184568597559,0.15538154314024416,15.5,Low
1407-DIGZV,Redding,96003,3,Two year,No,Mailed check,19.1,52.0,No,No,No,No,No,No,0.9832306255905174,0.016769374409482587,1.7,Very low
1409-PHXTF,Lemon Grove,91945,54,Two year,Fiber optic,Electronic check,110.45,6077.75,No,Yes,Yes,Yes,Yes,Yes,0.8092570573861698,0.19074294261383018,19.1,Low
1410-RSCMR,Edwards,93523,7,Month-to-month,DSL,Credit card (automatic),71.35,515.75,Yes,No,Yes,Yes,No,Yes,0.9157837794253684,0.08421622057463166,8.4,Very low
1414-YADCW,Deer Park,94576,70,Two year,Fiber optic,Bank transfer (automatic),84.6,5706.2,Yes,Yes,No,Yes,No,No,0.9816510573670455,0.018348942632954474,1.8,Very low
1421-HCERK,Lakeshore,93634,30,Month-to-month,Fiber optic,Bank transfer (automatic),105.7,3181.8,Yes,Yes,Yes,Yes,Yes,No,0.5848419355989669,0.41515806440103303,41.5,Medium
1422-DGUBX,Sacramento,95832,32,One year,Fiber optic,Electronic check,79.25,2619.15,No,No,No,Yes,No,No,0.6434340111718448,0.3565659888281552,35.7,Medium
1423-BMPBQ,Anaheim,92808,1,Month-to-month,No,Mailed check,19.0,19.0,No,No,No,No,No,No,0.9127410175637345,0.08725898243626547,8.7,Very low
1427-VERSM,Shasta,96087,56,Month-to-month,Fiber optic,Electronic check,98.7,5669.5,No,No,Yes,Yes,Yes,Yes,0.6183280010135428,0.38167199898645726,38.2,Medium
1428-IEDPR,Sacramento,95816,52,Two year,Fiber optic,Electronic check,109.3,5731.4,Yes,No,Yes,Yes,Yes,Yes,0.874828119528231,0.12517188047176897,12.5,Low
1429-UYJSV,San Jose,95119,12,One year,No,Mailed check,19.7,260.9,No,No,No,No,No,No,0.9220716412265928,0.07792835877340717,7.8,Very low
1430-SFQSA,Stockton,95212,29,One year,DSL,Mailed check,35.6,1072.6,Yes,No,No,Yes,No,No,0.9232960925227716,0.07670390747722845,7.7,Very low
1431-AIDJQ,Walnut Creek,94598,33,Two year,DSL,Credit card (automatic),82.1,2603.1,No,Yes,Yes,Yes,Yes,Yes,0.9874531402511005,0.012546859748899478,1.3,Very low
1431-CYWMH,Fish Camp,93623,22,Month-to-month,No,Bank transfer (automatic),19.05,454.05,No,No,No,No,No,No,0.970914920159235,0.029085079840765044,2.9,Very low
1436-ZMJAN,Gerber,96035,10,Month-to-month,DSL,Credit card (automatic),67.8,653.15,No,No,Yes,No,Yes,Yes,0.47196545799043677,0.5280345420095632,52.8,High
1439-LCGVL,Los Angeles,90035,26,One year,No,Mailed check,19.2,459.6,No,No,No,No,No,No,0.9345473358997319,0.06545266410026807,6.5,Very low
1442-BQPVU,Culver City,90230,13,Month-to-month,DSL,Electronic check,29.15,357.15,No,Yes,No,No,No,No,0.5891611852734445,0.4108388147265555,41.1,Medium
1442-OKRJE,Los Angeles,90021,66,One year,Fiber optic,Bank transfer (automatic),103.15,7031.3,Yes,Yes,Yes,No,Yes,Yes,0.9751481408419719,0.024851859158028077,2.5,Very low
1448-CYWKC,Coronado,92118,58,One year,Fiber optic,Credit card (automatic),105.2,6225.4,No,Yes,Yes,No,Yes,Yes,0.9403545108801655,0.059645489119834506,6.0,Very low
1452-KIOVK,Los Angeles,90007,22,Month-to-month,Fiber optic,Credit card (automatic),89.1,1949.4,No,Yes,No,No,Yes,No,0.7905197766865723,0.20948022331342778,20.9,Low
1452-UZOSF,Guerneville,95446,72,Two year,Fiber optic,Credit card (automatic),106.1,7548.6,Yes,Yes,Yes,Yes,Yes,No,0.9914345271626017,0.00856547283739826,0.9,Very low
1452-VOQCH,Hinkley,92347,1,Month-to-month,Fiber optic,Electronic check,75.1,75.1,No,No,No,No,No,No,0.2245771672145218,0.7754228327854782,77.5,Very high
1452-XRSJV,Oakland,94612,39,Month-to-month,DSL,Credit card (automatic),51.05,2066.0,Yes,No,No,No,No,No,0.9768873478491424,0.02311265215085757,2.3,Very low
1453-RZFON,Cantua Creek,93608,1,Month-to-month,DSL,Mailed check,49.9,49.9,Yes,No,No,No,No,No,0.9306512338708396,0.06934876612916038,6.9,Very low
1455-HFBXA,Bethel Island,94511,52,Two year,Fiber optic,Credit card (automatic),91.6,4627.8,Yes,No,Yes,Yes,No,No,0.9335378351044674,0.06646216489553261,6.6,Very low
1456-TWCGB,Bakersfield,93309,4,Month-to-month,DSL,Mailed check,49.25,208.45,No,Yes,No,No,No,No,0.6904884419805868,0.30951155801941316,31.0,Medium
1459-QNFQT,San Jose,95122,70,Two year,DSL,Bank transfer (automatic),59.5,4144.8,Yes,No,Yes,Yes,Yes,Yes,0.976162258814205,0.02383774118579491,2.4,Very low
1460-UZPRJ,Heber,92249,60,Two year,No,Mailed check,19.95,1258.15,No,No,No,No,No,No,0.9873190648397556,0.012680935160244374,1.3,Very low
1465-LNTLJ,Santa Barbara,93109,8,Month-to-month,DSL,Credit card (automatic),64.4,581.7,No,No,Yes,Yes,No,Yes,0.6010830057712602,0.39891699422873983,39.9,Medium
1465-WCZVT,Badger,93603,3,Month-to-month,No,Mailed check,19.65,60.65,No,No,No,No,No,No,0.9410469742132409,0.05895302578675914,5.9,Very low
1468-DEFNC,San Jose,95130,64,Two year,No,Bank transfer (automatic),24.4,1548.65,No,No,No,No,No,No,0.9958820400476629,0.004117959952337063,0.4,Very low
1469-LBJQJ,Victorville,92392,66,Month-to-month,Fiber optic,Electronic check,105.2,6936.85,No,Yes,Yes,No,Yes,Yes,0.5618602829552319,0.438139717044768,43.8,Medium
1470-PSXNM,San Diego,92110,49,One year,Fiber optic,Electronic check,93.65,4520.15,No,Yes,Yes,No,Yes,No,0.9073969161846865,0.09260308381531346,9.3,Very low
1471-GIQKQ,Niland,92257,1,Month-to-month,DSL,Electronic check,49.95,49.95,No,Yes,No,No,No,No,0.6090530290861524,0.3909469709138475,39.1,Medium
1472-TNCWL,El Sobrante,94803,36,Month-to-month,Fiber optic,Electronic check,94.7,3512.5,No,Yes,No,No,Yes,Yes,0.8100336753778681,0.18996632462213195,19.0,Low
1474-JUWSM,Lynwood,90262,58,One year,DSL,Electronic check,68.4,3972.25,Yes,No,No,Yes,No,Yes,0.9202291812915,0.07977081870850002,8.0,Very low
1475-VWVDO,Dos Palos,93620,7,Month-to-month,Fiber optic,Electronic check,74.9,490.55,No,No,Yes,No,No,No,0.3371128057185848,0.6628871942814152,66.3,Very high
1478-VPOAD,Calpine,96124,1,Month-to-month,DSL,Electronic check,43.8,43.8,No,No,No,No,No,No,0.5832472585804962,0.41675274141950386,41.7,Medium
1480-BKXGA,Mentone,92359,72,Two year,Fiber optic,Bank transfer (automatic),116.05,8404.9,Yes,Yes,Yes,Yes,Yes,Yes,0.942158627552686,0.05784137244731404,5.8,Very low
1480-IVEVR,Montara,94037,35,One year,Fiber optic,Bank transfer (automatic),81.6,2815.25,No,No,Yes,No,No,No,0.6735323067426238,0.3264676932573762,32.6,Medium
1482-OXZSY,Freedom,95019,30,Month-to-month,Fiber optic,Bank transfer (automatic),100.4,2936.25,Yes,No,No,No,Yes,Yes,0.4799134499482378,0.5200865500517622,52.0,High
1485-YDHMM,San Ardo,93450,52,Month-to-month,Fiber optic,Bank transfer (automatic),93.25,4631.7,No,Yes,No,Yes,No,Yes,0.913771059045995,0.08622894095400506,8.6,Very low
1488-PBLJN,San Diego,92124,72,Two year,Fiber optic,Bank transfer (automatic),116.85,8477.7,Yes,Yes,Yes,Yes,Yes,Yes,0.9884139385591774,0.011586061440822673,1.2,Very low
1488-SYSFC,Arcadia,91007,31,Month-to-month,No,Electronic check,20.65,702.05,No,No,No,No,No,No,0.9556307396949553,0.044369260305044705,4.4,Very low
1492-KGETH,Ojai,93023,70,One year,DSL,Bank transfer (automatic),78.35,5445.95,Yes,Yes,Yes,Yes,No,Yes,0.9950690007141387,0.004930999285861253,0.5,Very low
1492-QGCLU,San Diego,92109,53,Month-to-month,DSL,Electronic check,85.7,4616.1,Yes,No,Yes,Yes,Yes,Yes,0.9620352907767259,0.037964709223274135,3.8,Very low
1494-EJZDW,Nice,95464,10,Two year,No,Mailed check,20.15,220.8,No,No,No,No,No,No,0.9867021584095603,0.01329784159043971,1.3,Very low
1498-DQNRX,Westwood,96137,29,Month-to-month,No,Mailed check,19.85,573.05,No,No,No,No,No,No,0.8834403504682569,0.11655964953174316,11.7,Low
1498-NHTLT,Citrus Heights,95621,59,Two year,DSL,Electronic check,86.75,5186.0,Yes,Yes,Yes,Yes,Yes,Yes,0.9920685398897909,0.00793146011020903,0.8,Very low
1506-YJTYT,Oakley,94561,45,Two year,DSL,Credit card (automatic),73.85,3371.0,Yes,Yes,No,Yes,Yes,No,0.9935863750300767,0.006413624969923274,0.6,Very low
1508-DFXCU,Riverside,92501,12,Month-to-month,Fiber optic,Electronic check,81.45,912.0,No,No,No,No,Yes,No,0.3062554717925614,0.6937445282074386,69.4,Very high
1518-OMDIK,Rohnert Park,94928,33,Month-to-month,DSL,Credit card (automatic),44.55,1462.6,No,No,No,No,No,No,0.7657175502760967,0.23428244972390327,23.4,Low
1525-LNLOJ,Bakersfield,93305,66,Two year,DSL,Bank transfer (automatic),63.3,4189.7,No,No,Yes,No,Yes,No,0.9492641107083774,0.050735889291622614,5.1,Very low
1530-ZTDOZ,Studio City,91604,49,Month-to-month,DSL,Bank transfer (automatic),40.65,2070.75,Yes,No,No,No,Yes,No,0.8362546676207401,0.16374533237925995,16.4,Low
1534-OULXE,Atherton,94027,61,One year,DSL,Bank transfer (automatic),49.7,2961.4,Yes,No,No,No,No,No,0.9919139846706021,0.00808601532939789,0.8,Very low
1535-VTJOQ,Thornton,95686,24,Two year,No,Credit card (automatic),25.15,553.0,No,No,No,No,No,No,0.9627249266247493,0.037275073375250746,3.7,Very low
1536-HBSWP,Terra Bella,93270,1,Month-to-month,DSL,Electronic check,49.9,49.9,No,No,No,Yes,No,No,0.5783973817768296,0.42160261822317036,42.2,Medium
1536-YHDOE,Round Mountain,96084,17,One year,DSL,Mailed check,62.1,1096.65,Yes,No,No,Yes,No,No,0.9612076368417184,0.03879236315828159,3.9,Very low
1539-LNKHM,Orange Cove,93646,12,Month-to-month,No,Mailed check,20.4,266.6,No,No,No,No,No,No,0.8502546606655409,0.1497453393344591,15.0,Low
1543-LLLFT,Waterford,95386,61,One year,Fiber optic,Mailed check,98.3,6066.55,No,Yes,Yes,Yes,Yes,No,0.8392311429483845,0.16076885705161542,16.1,Low
1544-JJMYL,San Jose,95119,27,One year,DSL,Credit card (automatic),69.35,1927.3,Yes,No,Yes,Yes,Yes,No,0.9420304850340299,0.057969514965970165,5.8,Very low
1545-ACTAS,West Covina,91791,48,One year,Fiber optic,Bank transfer (automatic),99.7,4977.2,Yes,No,Yes,No,Yes,Yes,0.951261534091235,0.04873846590876492,4.9,Very low
1545-JFUML,San Diego,92111,71,Two year,Fiber optic,Electronic check,99.0,6994.6,Yes,Yes,Yes,No,Yes,No,0.9119986542715299,0.08800134572847013,8.8,Very low
1548-ARAGG,Cedar Glen,92321,4,Month-to-month,DSL,Mailed check,58.5,224.85,No,Yes,No,Yes,No,No,0.857100233171242,0.14289976682875807,14.3,Low
1548-FEHVL,Weed,96094,61,Month-to-month,Fiber optic,Electronic check,106.2,6375.2,Yes,Yes,No,No,Yes,Yes,0.6023935727322209,0.397606427267779,39.8,Medium
1550-EENBN,Concord,94519,31,Month-to-month,Fiber optic,Electronic check,104.35,3205.6,Yes,Yes,No,No,Yes,Yes,0.5147721097033764,0.48522789029662355,48.5,High
1552-AAGRX,Visalia,93277,30,Month-to-month,Fiber optic,Bank transfer (automatic),106.4,3211.9,Yes,No,No,Yes,Yes,Yes,0.6513285826180701,0.3486714173819298,34.9,Medium
1552-CZCLL,Descanso,91916,55,Month-to-month,No,Credit card (automatic),20.0,1087.25,No,No,No,No,No,No,0.9907286636794674,0.009271336320532599,0.9,Very low
1552-TKMXS,Fresno,93705,42,Month-to-month,No,Credit card (automatic),20.35,869.9,No,No,No,No,No,No,0.9318040951673546,0.06819590483264534,6.8,Very low
1555-HAPSU,Fresno,93727,71,Two year,No,Credit card (automatic),23.9,1663.5,No,No,No,No,No,No,0.9979108604606011,0.0020891395393989555,0.2,Very low
1557-EMYVT,Tecate,91980,43,Two year,Fiber optic,Credit card (automatic),115.05,4895.1,Yes,Yes,Yes,Yes,Yes,Yes,0.92711111396058,0.07288888603942004,7.3,Very low
1559-DTODC,Santa Barbara,93111,19,Month-to-month,DSL,Bank transfer (automatic),25.15,468.35,No,No,No,No,No,No,0.6121789926037313,0.3878210073962687,38.8,Medium
1561-BWHIN,Maywood,90270,19,One year,No,Mailed check,19.8,344.5,No,No,No,No,No,No,0.9825073531991279,0.017492646800872126,1.7,Very low
1563-IWQEX,Chula Vista,91913,12,Month-to-month,No,Mailed check,19.7,220.35,No,No,No,No,No,No,0.8502546606655409,0.1497453393344591,15.0,Low
1564-HJUVY,Modesto,95354,4,Month-to-month,DSL,Bank transfer (automatic),63.75,226.2,No,Yes,No,Yes,Yes,No,0.6435235609857384,0.3564764390142616,35.6,Medium
1568-BEKZM,Baldwin Park,91706,70,Two year,DSL,Credit card (automatic),90.05,6333.4,Yes,Yes,Yes,Yes,Yes,Yes,0.9819363959189213,0.018063604081078606,1.8,Very low
1568-LJSZU,Harbor City,90710,68,Two year,DSL,Credit card (automatic),92.2,6392.85,Yes,Yes,Yes,Yes,Yes,Yes,0.9732712887474405,0.02672871125255946,2.7,Very low
1573-LGXBA,Soledad,93960,57,One year,Fiber optic,Credit card (automatic),97.55,5598.0,No,Yes,Yes,No,Yes,Yes,0.9548549833211587,0.045145016678841285,4.5,Very low
1574-DYCWE,Mendota,93640,51,Two year,No,Mailed check,19.95,1028.75,No,No,No,No,No,No,0.9966182998516582,0.0033817001483418094,0.3,Very low
1575-KRZZE,Murphys,95247,4,Month-to-month,DSL,Electronic check,55.2,220.65,Yes,Yes,No,No,No,No,0.7135864219859267,0.28641357801407324,28.6,Medium
1576-PFZIW,Bakersfield,93301,70,Two year,Fiber optic,Credit card (automatic),105.35,7511.9,Yes,Yes,Yes,No,Yes,Yes,0.9584482521315106,0.04155174786848933,4.2,Very low
1580-BMCMR,Tehachapi,93561,19,Month-to-month,Fiber optic,Electronic check,87.3,1637.3,Yes,No,No,No,No,Yes,0.44737557733159217,0.5526244226684078,55.3,High
1591-MQJTP,Long Beach,90804,51,One year,Fiber optic,Bank transfer (automatic),93.65,4839.15,Yes,No,Yes,No,No,Yes,0.7965614335578263,0.20343856644217373,20.3,Low
1591-XWLGB,El Cajon,92021,71,Two year,No,Credit card (automatic),19.85,1379.6,No,No,No,No,No,No,0.9925445250742905,0.007455474925709534,0.7,Very low
1596-OQSPS,Pasadena,91104,11,Month-to-month,DSL,Electronic check,51.1,531.15,No,Yes,No,No,No,No,0.6856217496276336,0.3143782503723665,31.4,Medium
1599-EAHXY,Gold Run,95717,60,One year,No,Credit card (automatic),23.95,1506.4,No,No,No,No,No,No,0.9946093324715902,0.005390667528409777,0.5,Very low
1599-MMYRQ,Forestville,95436,62,One year,Fiber optic,Credit card (automatic),81.45,4983.05,Yes,Yes,No,No,No,No,0.9841047949859016,0.015895205014098336,1.6,Very low
1600-DILPE,Richvale,95974,12,Month-to-month,DSL,Bank transfer (automatic),45.0,524.35,No,No,No,No,No,No,0.673026291568647,0.326973708431353,32.7,Medium
1608-GMEWB,Stockton,95215,45,Month-to-month,Fiber optic,Bank transfer (automatic),93.9,4200.25,No,No,No,No,Yes,Yes,0.5084022448775433,0.49159775512245674,49.2,High
1614-JBEBI,Georgetown,95634,8,Month-to-month,No,Mailed check,20.7,137.6,No,No,No,No,No,No,0.7767177221337054,0.22328227786629462,22.3,Low
1619-YWUBB,Avery,95224,68,Two year,No,Credit card (automatic),24.95,1614.9,No,No,No,No,No,No,0.983586979310797,0.016413020689203056,1.6,Very low
1621-YNCJH,Sacramento,95823,36,Two year,Fiber optic,Credit card (automatic),106.05,3834.4,Yes,Yes,Yes,Yes,No,Yes,0.8764906772329337,0.12350932276706633,12.4,Low
1622-HSHSF,Biggs,95917,1,Month-to-month,No,Mailed check,19.55,19.55,No,No,No,No,No,No,0.7332477165499767,0.26675228345002333,26.7,Medium
1627-AFWVJ,Tahoe Vista,96148,29,Two year,No,Mailed check,19.4,554.25,No,No,No,No,No,No,0.9736481105877545,0.026351889412245526,2.6,Very low
1628-BIZYP,Brentwood,94513,1,Month-to-month,Fiber optic,Electronic check,85.0,85.0,No,Yes,No,No,No,Yes,0.2580335694038395,0.7419664305961605,74.2,Very high
1629-DQQVB,Keeler,93530,14,Month-to-month,DSL,Bank transfer (automatic),50.1,709.5,Yes,No,No,No,No,No,0.8195349062138351,0.18046509378616493,18.0,Low
1635-FJFCC,Acton,93510,5,Month-to-month,DSL,Credit card (automatic),44.05,202.15,No,No,No,No,No,No,0.6317707980447538,0.3682292019552462,36.8,Medium
1635-HDGFT,Manton,96059,19,Two year,No,Mailed check,20.5,398.55,No,No,No,No,No,No,0.992553780463463,0.007446219536537055,0.7,Very low
1635-NZATJ,Alameda,94501,71,Two year,No,Credit card (automatic),25.45,1789.65,No,No,No,No,No,No,0.9891543061950323,0.010845693804967716,1.1,Very low
1636-NTNCO,Valley Village,91607,4,Month-to-month,DSL,Credit card (automatic),50.95,207.35,No,Yes,No,No,Yes,Yes,0.3855641937578481,0.6144358062421519,61.4,High
1640-PLFMP,Los Angeles,90026,1,Month-to-month,Fiber optic,Electronic check,70.25,70.25,No,No,No,No,No,No,0.29257188423188285,0.7074281157681171,70.7,Very high
1641-BYBTK,Stockton,95205,6,Month-to-month,No,Mailed check,20.2,98.35,No,No,No,No,No,No,0.9418286413595435,0.05817135864045656,5.8,Very low
1641-RQDAY,Wallace,95254,32,Month-to-month,Fiber optic,Electronic check,100.4,3217.65,No,Yes,No,No,Yes,Yes,0.6644436984375786,0.3355563015624215,33.6,Medium
1642-HMARX,Topanga,90290,68,Two year,DSL,Electronic check,91.7,6424.7,Yes,Yes,Yes,Yes,Yes,Yes,0.9602571047391443,0.039742895260855685,4.0,Very low
1656-DRSMG,Chico,95973,63,Month-to-month,Fiber optic,Credit card (automatic),109.85,7002.95,No,Yes,Yes,Yes,Yes,Yes,0.7668976428773417,0.23310235712265825,23.3,Low
1657-DYMBM,Temecula,92591,53,Two year,No,Credit card (automatic),19.9,1110.05,No,No,No,No,No,No,0.9862303006783836,0.013769699321616454,1.4,Very low
1658-TJVOA,Cazadero,95421,6,Month-to-month,Fiber optic,Electronic check,74.1,450.9,Yes,No,No,No,No,No,0.40900245646379807,0.5909975435362019,59.1,High
1658-XUHBX,Modesto,95357,59,Month-to-month,Fiber optic,Credit card (automatic),88.75,5348.65,No,No,Yes,No,No,Yes,0.901894533550544,0.09810546644945597,9.8,Very low
1661-CZBAU,Carlotta,95528,48,One year,DSL,Bank transfer (automatic),70.95,3629.2,Yes,No,No,Yes,No,Yes,0.9398501936429762,0.06014980635702386,6.0,Very low
1663-MHLHE,Duarte,91010,1,Month-to-month,No,Mailed check,19.2,19.2,No,No,No,No,No,No,0.7944846682045015,0.20551533179549855,20.6,Low
1666-JXLKU,Shingle Springs,95682,37,Month-to-month,Fiber optic,Electronic check,100.05,3810.55,No,No,Yes,No,Yes,Yes,0.365633424664376,0.634366575335624,63.4,High
1666-JZPZT,Twin Bridges,95735,27,Month-to-month,DSL,Mailed check,49.0,1291.35,No,No,No,No,No,No,0.7552897749294548,0.2447102250705452,24.5,Low
1676-MQAOA,North Hollywood,91606,72,Two year,DSL,Bank transfer (automatic),75.1,5336.35,Yes,Yes,Yes,Yes,Yes,No,0.9897190260653438,0.010280973934656257,1.0,Very low
1679-JRFBR,Long Beach,90805,70,One year,Fiber optic,Credit card (automatic),108.15,7930.55,Yes,Yes,Yes,No,Yes,Yes,0.8710941056626085,0.1289058943373915,12.9,Low
1680-VDCWW,Los Angeles,90023,12,One year,No,Bank transfer (automatic),19.8,202.25,No,No,No,No,No,No,0.9065313057209599,0.09346869427904018,9.3,Very low
1682-VCOIO,Sacramento,95816,23,One year,No,Mailed check,20.45,481.1,No,No,No,No,No,No,0.9440899346343603,0.05591006536563964,5.6,Very low
1684-FLBGS,San Diego,92139,23,Month-to-month,DSL,Credit card (automatic),69.5,1652.1,No,Yes,No,Yes,Yes,No,0.9082259671480586,0.09177403285194137,9.2,Very low
1685-BQULA,La Quinta,92253,40,Month-to-month,Fiber optic,Bank transfer (automatic),93.4,3756.4,No,Yes,Yes,No,Yes,No,0.5730738032318263,0.4269261967681736,42.7,Medium
1685-VAYJF,Salinas,93907,11,Month-to-month,DSL,Credit card (automatic),45.2,492.0,No,No,No,No,No,No,0.7469986354735317,0.25300136452646826,25.3,Medium
1686-STUHN,Creston,93432,42,One year,No,Bank transfer (automatic),19.8,849.9,No,No,No,No,No,No,0.9724613115690806,0.027538688430919413,2.8,Very low
1689-YQBYY,Los Gatos,95030,12,Month-to-month,Fiber optic,Electronic check,76.6,893.0,No,No,No,No,No,No,0.682372894847339,0.317627105152661,31.8,Medium
1696-HXOWK,Riverside,92506,71,One year,Fiber optic,Mailed check,95.65,6856.95,Yes,Yes,No,No,Yes,No,0.9164089021864203,0.0835910978135797,8.4,Very low
1696-MZVAU,Los Angeles,90043,39,One year,DSL,Credit card (automatic),25.25,947.75,No,No,No,No,No,No,0.8366959700398964,0.16330402996010357,16.3,Low
1697-BCSHV,Guinda,95637,58,Month-to-month,DSL,Bank transfer (automatic),66.8,3970.4,No,Yes,No,No,Yes,No,0.9560885107132032,0.043911489286796786,4.4,Very low
1697-LYYYX,Cotati,94931,61,One year,No,Credit card (automatic),19.1,1143.8,No,No,No,No,No,No,0.9963434933747956,0.003656506625204461,0.4,Very low
1697-NVVGY,Fresno,93728,19,Month-to-month,DSL,Bank transfer (automatic),66.4,1286.05,Yes,No,Yes,No,Yes,No,0.748544826376007,0.25145517362399294,25.1,Medium
1698-XFZCI,Artesia,90701,61,One year,Fiber optic,Electronic check,107.75,6521.9,Yes,Yes,Yes,No,Yes,Yes,0.810310024577562,0.189689975422438,19.0,Low
1699-TLDLZ,Los Angeles,90046,16,Two year,No,Mailed check,19.7,301.55,No,No,No,No,No,No,0.9891061578163989,0.010893842183601087,1.1,Very low
1699-UOTXU,Big Oak Flat,95305,60,Two year,DSL,Electronic check,61.4,3638.25,Yes,Yes,Yes,No,No,No,0.9837394865733131,0.01626051342668691,1.6,Very low
1702-CCFNJ,Los Angeles,90077,52,Month-to-month,DSL,Bank transfer (automatic),61.35,3169.55,No,Yes,No,Yes,No,No,0.9025838859025708,0.09741611409742919,9.7,Very low
1703-MGIAB,Van Nuys,91406,17,Month-to-month,DSL,Mailed check,69.0,1108.0,No,No,Yes,Yes,Yes,No,0.6257417966781676,0.37425820332183235,37.4,Medium
1705-GUHPV,Los Angeles,90056,63,Two year,No,Mailed check,24.2,1618.2,No,No,No,No,No,No,0.9880072008487396,0.011992799151260369,1.2,Very low
1707-HABPF,Santa Barbara,93103,46,One year,Fiber optic,Bank transfer (automatic),91.3,4126.35,No,Yes,Yes,No,Yes,No,0.8249669638824946,0.1750330361175054,17.5,Low
1708-PBBOA,Banning,92220,42,One year,DSL,Electronic check,54.75,2348.45,Yes,Yes,Yes,Yes,No,Yes,0.8977209045040486,0.10227909549595135,10.2,Low
1709-EJDOX,San Francisco,94134,47,Two year,No,Mailed check,19.75,948.9,No,No,No,No,No,No,0.9961331123755905,0.003866887624409399,0.4,Very low
1710-RCXUS,Orange,92866,51,One year,Fiber optic,Credit card (automatic),90.35,4614.55,No,Yes,No,No,No,Yes,0.7612636023130545,0.23873639768694557,23.9,Low
1716-LSAMB,Santa Ana,92701,45,Two year,DSL,Bank transfer (automatic),54.65,2553.7,Yes,No,No,Yes,No,No,0.9959884668743405,0.004011533125659484,0.4,Very low
1722-LDZJS,Sanger,93657,53,One year,No,Credit card (automatic),20.2,1068.15,No,No,No,No,No,No,0.9951507773677633,0.004849222632236718,0.5,Very low
1724-IQWNM,Burbank,91504,1,Month-to-month,No,Mailed check,19.3,19.3,No,No,No,No,No,No,0.9318989869020213,0.0681010130979787,6.8,Very low
1728-BQDMA,Penryn,95663,2,Month-to-month,DSL,Electronic check,44.45,82.7,No,No,No,No,No,No,0.5914004266580037,0.40859957334199626,40.9,Medium
1728-CXQBE,Glenn,95943,64,Month-to-month,Fiber optic,Electronic check,94.25,6081.4,No,Yes,Yes,No,No,Yes,0.6071790576723788,0.39282094232762127,39.3,Medium
1729-VLAZJ,Santa Barbara,93101,10,One year,DSL,Mailed check,40.25,411.45,Yes,Yes,No,Yes,No,No,0.9731405951411528,0.02685940485884718,2.7,Very low
1730-VFMWO,Petaluma,94952,34,Month-to-month,DSL,Bank transfer (automatic),50.2,1815.3,No,No,No,Yes,No,No,0.866435796615991,0.13356420338400893,13.4,Low
1730-ZMAME,Ontario,91762,32,Month-to-month,Fiber optic,Electronic check,79.5,2665.0,No,No,No,No,No,Yes,0.4679966111383469,0.5320033888616531,53.2,High
1732-FEKLD,Newport Beach,92662,54,One year,Fiber optic,Bank transfer (automatic),94.75,5121.75,No,Yes,Yes,No,Yes,No,0.8175134184857246,0.18248658151427546,18.2,Low
1734-ZMNTZ,Eureka,95501,11,Two year,No,Mailed check,25.0,300.7,No,No,No,No,No,No,0.9819878776951073,0.01801212230489271,1.8,Very low
1735-XMJVH,Sacramento,95818,8,Month-to-month,No,Mailed check,19.35,152.6,No,No,No,No,No,No,0.9288169774327332,0.0711830225672668,7.1,Very low
1741-WTPON,Westport,95488,56,Two year,Fiber optic,Mailed check,115.85,6567.9,Yes,Yes,Yes,Yes,Yes,Yes,0.9844873622255793,0.015512637774420681,1.6,Very low
1744-JHKYS,Pasadena,91105,34,Month-to-month,No,Electronic check,24.7,780.2,No,No,No,No,No,No,0.8290916710373181,0.17090832896268196,17.1,Low
1746-TGTWV,Whittier,90604,1,Month-to-month,Fiber optic,Credit card (automatic),75.35,75.35,No,No,Yes,No,No,No,0.40585449865893786,0.5941455013410621,59.4,High
1751-NCDLI,Castroville,95012,46,Month-to-month,Fiber optic,Electronic check,98.85,4564.9,No,No,Yes,No,Yes,Yes,0.36177684427297785,0.6382231557270222,63.8,High
1752-OZXFY,Lockwood,93932,60,One year,DSL,Mailed check,59.8,3561.15,Yes,No,No,No,Yes,No,0.9400823798678791,0.05991762013212083,6.0,Very low
1754-GKYPY,Carson,90746,22,Month-to-month,Fiber optic,Bank transfer (automatic),89.75,1938.9,No,No,No,No,Yes,Yes,0.33597610016959856,0.6640238998304014,66.4,Very high
1755-FZQEC,Ventura,93001,39,One year,No,Mailed check,19.9,791.15,No,No,No,No,No,No,0.9665832539918957,0.03341674600810433,3.3,Very low
1755-RMCXH,San Dimas,91773,2,Month-to-month,No,Mailed check,20.3,40.25,No,No,No,No,No,No,0.9383251997128612,0.06167480028713877,6.2,Very low
1757-TCATG,Huntington Beach,92649,35,One year,No,Bank transfer (automatic),20.05,746.75,No,No,No,No,No,No,0.9906702165496787,0.009329783450321351,0.9,Very low
1760-CAZHT,Glendale,91202,25,Month-to-month,No,Mailed check,20.8,460.2,No,No,No,No,No,No,0.9776643754823685,0.022335624517631474,2.2,Very low
1763-KUAAW,Junction City,96048,18,One year,No,Bank transfer (automatic),20.35,369.6,No,No,No,No,No,No,0.9398739368984093,0.060126063101590715,6.0,Very low
1763-WQFUK,Riverside,92503,3,Month-to-month,DSL,Mailed check,50.5,147.75,No,No,No,Yes,No,No,0.6551215472047252,0.3448784527952749,34.5,Medium
1764-VUUMT,Spreckels,93962,66,Two year,No,Credit card (automatic),19.95,1269.1,No,No,No,No,No,No,0.9986566526984524,0.0013433473015476332,0.1,Very low
1766-GKNMI,Bakersfield,93307,29,Month-to-month,Fiber optic,Electronic check,84.9,2516.2,No,No,No,No,No,Yes,0.3627626376143185,0.6372373623856815,63.7,High
1767-CJKBA,Richmond,94804,66,Two year,No,Mailed check,25.1,1697.7,No,No,No,No,No,No,0.988990334190218,0.011009665809781986,1.1,Very low
1767-TGTKO,Dana Point,92629,8,Month-to-month,DSL,Electronic check,45.45,411.75,No,No,No,No,No,No,0.8252892854072151,0.1747107145927848,17.5,Low
1768-HNVGJ,Mountain View,94043,45,Month-to-month,DSL,Electronic check,70.05,3062.45,Yes,No,No,Yes,No,Yes,0.8227354933823604,0.17726450661763962,17.7,Low
1769-GRUIK,Gridley,95948,18,Month-to-month,Fiber optic,Electronic check,71.1,1247.75,No,No,No,No,No,No,0.4228577901475481,0.5771422098524519,57.7,High
1775-KWJKQ,Santa Barbara,93105,72,Two year,DSL,Credit card (automatic),89.85,6562.9,Yes,Yes,Yes,Yes,Yes,Yes,0.9834533108718329,0.01654668912816711,1.7,Very low
1776-SPBWV,Salinas,93907,34,One year,No,Bank transfer (automatic),20.1,682.1,No,No,No,No,No,No,0.9864872992261657,0.013512700773834287,1.4,Very low
1777-JYQPJ,Colfax,95713,2,Month-to-month,DSL,Mailed check,24.3,38.45,No,No,No,No,No,No,0.5352911722025955,0.4647088277974045,46.5,High
1779-PWPMG,San Jose,95139,72,Two year,Fiber optic,Bank transfer (automatic),114.65,8333.95,Yes,Yes,Yes,Yes,Yes,Yes,0.9429379234338181,0.05706207656618193,5.7,Very low
1784-BXEFA,Vacaville,95688,10,Month-to-month,No,Mailed check,20.55,187.35,No,No,No,No,No,No,0.7881682677024902,0.2118317322975098,21.2,Low
1784-EZDKJ,Hemet,92544,51,One year,Fiber optic,Bank transfer (automatic),106.8,5498.8,No,Yes,Yes,No,Yes,Yes,0.697435576277402,0.3025644237225979,30.3,Medium
1785-BPHTP,Santa Monica,90403,28,Month-to-month,Fiber optic,Electronic check,85.45,2289.9,No,No,Yes,No,Yes,No,0.8071584644893308,0.19284153551066918,19.3,Low
1790-NESIO,Concord,94518,13,Two year,No,Mailed check,20.4,261.3,No,No,No,No,No,No,0.9379569429029884,0.06204305709701169,6.2,Very low
1791-PQHBB,El Dorado,95623,2,Month-to-month,DSL,Credit card (automatic),61.2,125.95,Yes,No,No,No,No,Yes,0.8966797000163153,0.10332029998368475,10.3,Low
1794-SWWKL,Dorris,96023,15,Month-to-month,DSL,Bank transfer (automatic),59.65,867.1,No,No,Yes,Yes,No,No,0.8963900078360144,0.10360999216398559,10.4,Low
1796-JANOW,Fiddletown,95629,2,Month-to-month,No,Mailed check,19.95,38.15,No,No,No,No,No,No,0.8022162574269737,0.19778374257302633,19.8,Low
1803-BGNBD,Santa Monica,90402,12,Month-to-month,DSL,Electronic check,54.3,654.5,No,Yes,No,Yes,No,No,0.6885713352023951,0.3114286647976049,31.1,Medium
1810-BOHSY,Vacaville,95687,51,One year,Fiber optic,Credit card (automatic),96.4,4911.05,Yes,Yes,No,No,No,Yes,0.8217478156424445,0.1782521843575555,17.8,Low
1810-MVMAI,San Jose,95113,30,Month-to-month,DSL,Electronic check,67.6,2000.2,Yes,Yes,Yes,Yes,No,No,0.9578078999302025,0.04219210006979745,4.2,Very low
1813-JLKWR,Orange,92868,64,One year,No,Bank transfer (automatic),19.8,1336.65,No,No,No,No,No,No,0.9826327383087905,0.017367261691209522,1.7,Very low
1813-JYWTO,Shandon,93461,72,Two year,Fiber optic,Bank transfer (automatic),80.45,5737.6,Yes,No,No,No,No,No,0.963623089243134,0.03637691075686598,3.6,Very low
1814-DKOLC,Loma Linda,92354,5,Month-to-month,No,Mailed check,25.45,134.75,No,No,No,No,No,No,0.7611965240138812,0.23880347598611884,23.9,Low
1814-WFGVS,Richvale,95974,72,Two year,DSL,Mailed check,48.9,3527.0,Yes,No,Yes,Yes,Yes,No,0.9961911113632322,0.003808888636767761,0.4,Very low
1816-FLZDK,Fawnskin,92333,1,Month-to-month,DSL,Mailed check,29.15,29.15,No,No,No,Yes,No,No,0.6090311034301172,0.3909688965698827,39.1,Medium
1818-ESQMW,San Joaquin,93660,27,Month-to-month,Fiber optic,Electronic check,89.2,2383.6,No,No,Yes,Yes,No,Yes,0.5200802475769909,0.4799197524230091,48.0,High
1820-DJFPH,Orick,95555,72,Two year,No,Bank transfer (automatic),24.05,1709.15,No,No,No,No,No,No,0.9969627365514483,0.0030372634485517263,0.3,Very low
1821-BUCWY,Valyermo,93563,30,Two year,DSL,Mailed check,55.65,1653.85,Yes,No,Yes,No,No,No,0.9480123075857229,0.051987692414277184,5.2,Very low
1830-GGFNM,Somerset,95684,65,Two year,Fiber optic,Credit card (automatic),94.55,6078.75,Yes,Yes,Yes,Yes,No,No,0.9943009493786786,0.005699050621321345,0.6,Very low
1830-IPXVJ,Lafayette,94549,61,Two year,No,Credit card (automatic),19.75,1311.6,No,No,No,No,No,No,0.9979222462504298,0.0020777537495702027,0.2,Very low
1832-PEUTS,San Bernardino,92410,62,Two year,Fiber optic,Credit card (automatic),89.1,5411.65,No,No,Yes,No,Yes,No,0.9734988062838029,0.026501193716197115,2.7,Very low
1833-TCXKK,San Bernardino,92408,45,Month-to-month,Fiber optic,Bank transfer (automatic),107.75,4882.8,No,Yes,Yes,No,Yes,Yes,0.4747827235123844,0.5252172764876156,52.5,High
1834-ABKHQ,Upper Lake,95485,52,One year,DSL,Bank transfer (automatic),50.95,2610.65,No,No,Yes,No,No,No,0.9845932341713809,0.015406765828619082,1.5,Very low
1834-WULEG,Nevada City,95959,24,One year,No,Mailed check,20.25,439.75,No,No,No,No,No,No,0.9851753033650118,0.014824696634988182,1.5,Very low
1837-YQUCE,Buena Park,90620,70,Two year,DSL,Bank transfer (automatic),58.35,4214.25,Yes,No,Yes,Yes,Yes,Yes,0.9747757313780872,0.025224268621912828,2.5,Very low
1839-FBNFR,Georgetown,95634,39,Two year,No,Bank transfer (automatic),19.85,854.8,No,No,No,No,No,No,0.993474704988256,0.006525295011743992,0.7,Very low
1839-UMACK,Pasadena,91106,42,One year,No,Electronic check,25.05,949.85,No,No,No,No,No,No,0.9453813973459776,0.05461860265402237,5.5,Very low
1840-BIUOG,Hayward,94545,20,One year,DSL,Electronic check,68.7,1416.2,No,Yes,No,Yes,Yes,No,0.7595351096290128,0.24046489037098714,24.0,Low
1841-YSJGV,South El Monte,91733,72,Two year,Fiber optic,Credit card (automatic),109.95,7852.4,Yes,Yes,No,Yes,Yes,Yes,0.9451399754775294,0.054860024522470664,5.5,Very low
1843-TLSGD,Standish,96128,13,Two year,No,Mailed check,20.85,272.35,No,No,No,No,No,No,0.9879632999707302,0.012036700029269829,1.2,Very low
1845-CSBRZ,Pomona,91766,22,Month-to-month,Fiber optic,Bank transfer (automatic),85.35,1961.6,No,No,No,No,Yes,No,0.774206120249967,0.22579387975003293,22.6,Low
1845-ZLLIG,Woodbridge,95258,1,Month-to-month,DSL,Mailed check,50.15,50.15,No,Yes,No,No,No,No,0.5856675866075114,0.41433241339248866,41.4,Medium
1848-LBZHY,Downey,90242,7,Month-to-month,DSL,Bank transfer (automatic),50.3,355.1,Yes,No,No,No,No,No,0.654588257480925,0.345411742519075,34.5,Medium
1849-RJYIG,Sunnyvale,94087,8,Month-to-month,DSL,Electronic check,60.0,487.75,Yes,No,No,No,Yes,No,0.5730744315985754,0.4269255684014246,42.7,Medium
1850-AKQEP,Santa Cruz,95064,8,Month-to-month,No,Mailed check,20.35,178.7,No,No,No,No,No,No,0.9611009890349765,0.03889901096502349,3.9,Very low
1852-QSWCD,Palo Verde,92266,64,Two year,No,Mailed check,24.8,1514.85,No,No,No,No,No,No,0.9955555246189118,0.0044444753810881435,0.4,Very low
1852-XEMDW,Mad River,95552,22,Month-to-month,DSL,Mailed check,65.05,1427.55,Yes,Yes,Yes,No,No,No,0.8106057491219539,0.18939425087804604,18.9,Low
1853-ARAAQ,Cayucos,93430,26,Month-to-month,DSL,Credit card (automatic),50.35,1277.5,No,No,Yes,No,Yes,Yes,0.5554015569278183,0.4445984430721816,44.5,Medium
1855-AGAWH,Bell,90201,31,One year,Fiber optic,Electronic check,93.8,2939.8,No,No,Yes,No,Yes,Yes,0.5064568190713327,0.49354318092866734,49.4,High
1855-CFULU,Oakland,94619,4,Month-to-month,No,Mailed check,20.05,91.45,No,No,No,No,No,No,0.8093057814489042,0.19069421855109583,19.1,Low
1862-QRWPE,Pacific Palisades,90272,48,Two year,No,Bank transfer (automatic),20.65,1057.0,No,No,No,No,No,No,0.9831136540218303,0.016886345978169688,1.7,Very low
1866-DIOQZ,Forestville,95436,71,One year,DSL,Bank transfer (automatic),66.8,4689.15,Yes,Yes,Yes,Yes,Yes,Yes,0.9644562744134346,0.035543725586565426,3.6,Very low
1866-NXPSP,Arcata,95521,36,One year,DSL,Mailed check,75.55,2680.15,Yes,Yes,Yes,Yes,No,Yes,0.938737557254011,0.06126244274598906,6.1,Very low
1866-OBPNR,Sacramento,95833,1,Month-to-month,Fiber optic,Credit card (automatic),74.6,74.6,No,Yes,No,No,No,No,0.7902203348308623,0.20977966516913768,21.0,Low
1866-ZSLJM,Valley Ford,94972,21,Month-to-month,No,Credit card (automatic),20.5,402.85,No,No,No,No,No,No,0.8981620392252277,0.10183796077477225,10.2,Low
1867-TJHTS,Sacramento,95817,58,Month-to-month,Fiber optic,Bank transfer (automatic),79.8,4526.85,Yes,No,No,No,No,No,0.8072789223176624,0.1927210776823376,19.3,Low
1872-EBWSC,Berkeley,94702,29,One year,No,Mailed check,20.35,617.35,No,No,No,No,No,No,0.9544665705627949,0.045533429437205036,4.6,Very low
1877-HKBQX,Cerritos,90703,11,One year,DSL,Mailed check,54.6,617.85,Yes,No,No,Yes,No,No,0.8837041034699553,0.11629589653004464,11.6,Low
1891-QRQSA,Downey,90241,64,Two year,Fiber optic,Bank transfer (automatic),111.6,7099.0,Yes,No,Yes,Yes,Yes,Yes,0.9178990183023163,0.08210098169768368,8.2,Very low
1895-QTKDO,San Jacinto,92583,1,Month-to-month,DSL,Credit card (automatic),43.95,43.95,No,No,No,No,No,No,0.6814978875736055,0.31850211242639453,31.9,Medium
1897-OKVMW,Lathrop,95330,64,Two year,DSL,Mailed check,90.6,5817.45,Yes,Yes,Yes,Yes,Yes,Yes,0.9929118339065417,0.007088166093458291,0.7,Very low
1897-RCFUM,Point Arena,95468,39,One year,No,Mailed check,24.2,914.6,No,No,No,No,No,No,0.9823330857590463,0.017666914240953725,1.8,Very low
1898-JSNDC,Elk Grove,95758,39,One year,DSL,Credit card (automatic),58.6,2224.5,No,Yes,No,No,Yes,No,0.9033149750893664,0.09668502491063355,9.7,Very low
1904-WAJAA,Coronado,92118,24,Two year,DSL,Electronic check,64.35,1558.65,Yes,Yes,Yes,No,No,No,0.9801698886610293,0.019830111338970717,2.0,Very low
1905-OEILC,Pebble Beach,93953,1,Month-to-month,No,Mailed check,19.5,19.5,No,No,No,No,No,No,0.7968245159733536,0.20317548402664645,20.3,Low
1907-YLNYW,Gasquet,95543,8,Month-to-month,DSL,Electronic check,66.7,579.0,Yes,No,Yes,No,No,Yes,0.5802005595207824,0.4197994404792176,42.0,Medium
1910-FMXJM,Colton,92324,36,Month-to-month,Fiber optic,Electronic check,80.4,2937.65,No,No,No,No,No,Yes,0.5251528217435995,0.4748471782564005,47.5,High
1915-OAKWD,Belvedere Tiburon,94920,16,One year,No,Bank transfer (automatic),19.3,360.35,No,No,No,No,No,No,0.9128228395696755,0.08717716043032457,8.7,Very low
1919-RTPQD,Fish Camp,93623,7,Month-to-month,DSL,Electronic check,44.75,333.65,No,No,No,No,No,No,0.865293772288681,0.13470622771131904,13.5,Low
1921-KYSAY,Olivehurst,95961,41,One year,DSL,Electronic check,68.6,2877.05,No,No,Yes,Yes,No,Yes,0.859037889762708,0.14096211023729205,14.1,Low
1925-GMVBW,Oroville,95965,5,Month-to-month,No,Credit card (automatic),20.55,96.1,No,No,No,No,No,No,0.839313044374645,0.16068695562535495,16.1,Low
1925-LFCZZ,Potrero,91963,55,One year,DSL,Bank transfer (automatic),50.05,2743.45,No,No,Yes,No,Yes,Yes,0.8632486524892468,0.13675134751075324,13.7,Low
1926-QUZNN,Carmel,93923,72,Two year,No,Bank transfer (automatic),25.25,1841.2,No,No,No,No,No,No,0.984847121482361,0.015152878517639011,1.5,Very low
1927-QEWMY,Arcadia,91007,72,Two year,No,Credit card (automatic),20.5,1502.25,No,No,No,No,No,No,0.9927893742976484,0.007210625702351642,0.7,Very low
1928-BXYIV,Placerville,95667,1,Month-to-month,DSL,Electronic check,61.15,61.15,Yes,Yes,No,No,No,No,0.6119899225729686,0.3880100774270314,38.8,Medium
1929-ZCBHE,Georgetown,95634,47,One year,DSL,Electronic check,40.3,1794.8,Yes,No,Yes,Yes,No,No,0.9848824737669462,0.015117526233053813,1.5,Very low
1930-BZLHI,Castroville,95012,21,One year,No,Mailed check,20.35,422.7,No,No,No,No,No,No,0.9171163536427508,0.08288364635724921,8.3,Very low
1930-QPBVZ,Laytonville,95454,68,Two year,Fiber optic,Bank transfer (automatic),95.1,6683.4,Yes,Yes,No,Yes,No,Yes,0.9948609397357663,0.005139060264233679,0.5,Very low
1930-WNXSB,Covina,91724,58,Month-to-month,Fiber optic,Electronic check,92.85,5305.05,No,Yes,No,No,Yes,Yes,0.8707096287639656,0.12929037123603437,12.9,Low
1932-UEDCX,Manchester,95459,33,Month-to-month,Fiber optic,Bank transfer (automatic),100.6,3270.25,No,Yes,No,No,Yes,Yes,0.36681626954390034,0.6331837304560997,63.3,High
1934-MKPXS,Nicolaus,95659,33,One year,No,Credit card (automatic),20.1,620.55,No,No,No,No,No,No,0.9539912848848197,0.04600871511518039,4.6,Very low
1935-IMVBB,San Diego,92107,56,Month-to-month,Fiber optic,Mailed check,89.7,4952.95,No,No,No,No,Yes,Yes,0.6772662933881011,0.322733706611899,32.3,Medium
1936-CZAKF,Graton,95444,49,Two year,DSL,Credit card (automatic),49.65,2409.9,No,Yes,No,No,Yes,Yes,0.9200589630366156,0.07994103696338435,8.0,Very low
1936-UAFEH,Pioneer,95666,68,Two year,Fiber optic,Credit card (automatic),110.25,7279.35,Yes,Yes,No,Yes,Yes,Yes,0.9665872644237627,0.03341273557623724,3.3,Very low
1937-OTUKY,Seaside,93955,72,Two year,Fiber optic,Bank transfer (automatic),98.2,7015.9,Yes,No,Yes,Yes,Yes,No,0.9519255309701979,0.04807446902980208,4.8,Very low
1941-HOSAM,San Diego,92101,1,Month-to-month,Fiber optic,Electronic check,90.1,90.1,No,No,No,No,Yes,Yes,0.4706777800792973,0.5293222199207027,52.9,High
1942-OQFRW,Forest Knolls,94933,1,Month-to-month,DSL,Electronic check,44.0,44.0,No,No,No,No,No,No,0.5797450156439587,0.4202549843560412,42.0,Medium
1945-XISKS,Sonora,95370,67,Two year,No,Mailed check,19.65,1335.2,No,No,No,No,No,No,0.990095007477313,0.009904992522686937,1.0,Very low
1950-KSVVJ,Monterey Park,91754,45,One year,Fiber optic,Mailed check,113.3,5032.25,Yes,Yes,Yes,Yes,Yes,Yes,0.8332109944994176,0.16678900550058243,16.7,Low
1951-IEYXM,Rancho Cucamonga,91730,72,Two year,DSL,Credit card (automatic),90.6,6441.85,Yes,Yes,Yes,Yes,Yes,Yes,0.976557496463452,0.023442503536548007,2.3,Very low
1952-DVVSW,Colfax,95713,10,One year,No,Mailed check,20.1,184.4,No,No,No,No,No,No,0.8928799345672234,0.10712006543277668,10.7,Low
1955-IBMMB,Forest Knolls,94933,59,Two year,No,Bank transfer (automatic),20.2,1192.3,No,No,No,No,No,No,0.9872263405060533,0.012773659493946701,1.3,Very low
1956-YIFGE,Boulevard,91905,22,One year,Fiber optic,Mailed check,100.05,2090.25,No,Yes,Yes,No,Yes,Yes,0.8484237433156235,0.1515762566843765,15.2,Low
1958-RNRKS,El Segundo,90245,30,Month-to-month,DSL,Electronic check,49.9,1441.95,No,No,No,No,No,No,0.662029259374493,0.33797074062550697,33.8,Medium
1960-UOTYM,Lakewood,90712,52,Two year,DSL,Electronic check,79.2,4016.3,Yes,Yes,Yes,No,Yes,Yes,0.9901793441009097,0.009820655899090359,1.0,Very low
1960-UYCNN,Julian,92036,10,Month-to-month,Fiber optic,Electronic check,95.25,1021.55,No,Yes,Yes,No,No,Yes,0.254256538667178,0.745743461332822,74.6,Very high
1964-SVLEA,Upland,91786,20,One year,No,Mailed check,19.7,415.9,No,No,No,No,No,No,0.9145231338639511,0.08547686613604888,8.5,Very low
1970-KKFWL,Rescue,95672,35,Two year,No,Bank transfer (automatic),23.3,797.1,No,No,No,No,No,No,0.9725641305769804,0.02743586942301959,2.7,Very low
1971-DTCZB,Yreka,96097,72,Two year,DSL,Bank transfer (automatic),90.95,6468.6,Yes,Yes,Yes,Yes,Yes,Yes,0.9756478295266577,0.024352170473342254,2.4,Very low
1972-XMUWV,Miramonte,93641,65,Two year,DSL,Credit card (automatic),59.8,3808.2,No,No,No,Yes,Yes,No,0.9739479078479274,0.026052092152072652,2.6,Very low
1976-AZZPJ,Concord,94520,7,Month-to-month,DSL,Mailed check,34.2,256.6,Yes,Yes,No,No,No,No,0.6230174303126472,0.3769825696873528,37.7,Medium
1982-FEBTD,Newport Beach,92660,23,Two year,No,Credit card (automatic),25.6,514.75,No,No,No,No,No,No,0.9852086453730463,0.014791354626953699,1.5,Very low
1984-GPTEH,Burbank,91506,29,Month-to-month,No,Electronic check,25.15,702.0,No,No,No,No,No,No,0.844757020050654,0.15524297994934594,15.5,Low
1985-MBRYP,Arnold,95223,43,Two year,No,Bank transfer (automatic),19.65,779.25,No,No,No,No,No,No,0.9786196801945393,0.02138031980546078,2.1,Very low
1986-PHGZF,Greenwood,95635,18,Month-to-month,DSL,Credit card (automatic),58.4,964.9,Yes,Yes,No,No,No,No,0.7454943447978724,0.2545056552021276,25.5,Medium
1987-AUELQ,Los Angeles,90018,71,Two year,No,Credit card (automatic),25.05,1873.7,No,No,No,No,No,No,0.9895376127699114,0.010462387230088625,1.0,Very low
1991-VOPLL,San Marcos,92069,9,Month-to-month,No,Mailed check,19.05,157.65,No,No,No,No,No,No,0.8369464004894251,0.1630535995105749,16.3,Low
1996-DBMUS,Palo Verde,92266,48,Month-to-month,Fiber optic,Bank transfer (automatic),70.65,3545.05,No,No,No,No,No,No,0.682277363594456,0.317722636405544,31.8,Medium
1998-VHJHK,Santa Barbara,93101,27,One year,No,Mailed check,19.15,501.35,No,No,No,No,No,No,0.9514515589410777,0.04854844105892227,4.9,Very low
2000-DHJUY,Menlo Park,94025,70,Two year,DSL,Bank transfer (automatic),92.2,6474.45,Yes,Yes,Yes,Yes,Yes,Yes,0.9734346774584909,0.026565322541509066,2.7,Very low
2000-MPKCA,San Pedro,90732,58,One year,Fiber optic,Electronic check,107.75,6332.75,Yes,Yes,Yes,No,Yes,Yes,0.7966518973619219,0.20334810263807815,20.3,Low
2001-EWBQU,Stockton,95210,60,Two year,Fiber optic,Electronic check,104.7,6333.8,No,Yes,Yes,No,Yes,Yes,0.8793584140796737,0.12064158592032628,12.1,Low
2001-MCUUW,Corona,92879,46,Two year,Fiber optic,Electronic check,108.65,4903.2,No,Yes,Yes,Yes,Yes,Yes,0.8625347325527393,0.13746526744726079,13.7,Low
2005-DWQZJ,Stevenson Ranch,91381,8,Two year,No,Mailed check,19.05,201.7,No,No,No,No,No,No,0.9857898588850915,0.014210141114908502,1.4,Very low
2007-QVGAW,Cypress,90630,68,Two year,No,Bank transfer (automatic),19.35,1292.65,No,No,No,No,No,No,0.9975300152160383,0.0024699847839616935,0.2,Very low
2014-MKGMH,Riverside,92508,46,One year,Fiber optic,Electronic check,101.1,4674.4,No,No,Yes,No,Yes,Yes,0.6191621969977661,0.38083780300223385,38.1,Medium
2017-CCBLH,Weott,95571,8,Two year,No,Mailed check,20.0,141.6,No,No,No,No,No,No,0.9479984235325524,0.05200157646744763,5.2,Very low
2018-PZKMU,Santa Ana,92701,9,Month-to-month,Fiber optic,Electronic check,103.1,970.45,No,No,Yes,Yes,Yes,Yes,0.7030507187784045,0.2969492812215955,29.7,Medium
2018-QKYGT,San Gabriel,91775,1,Month-to-month,Fiber optic,Electronic check,81.05,81.05,No,No,No,No,No,Yes,0.5431372214276404,0.4568627785723596,45.7,High
2019-HDCZY,Farmersville,93223,63,Two year,Fiber optic,Electronic check,102.6,6296.75,No,No,Yes,No,Yes,Yes,0.8432522822519153,0.1567477177480847,15.7,Low
2023-VQFDL,Riverside,92506,18,Month-to-month,No,Electronic check,19.0,348.8,No,No,No,No,No,No,0.8390940674123112,0.1609059325876888,16.1,Low
2027-CWDNU,Venice,90291,18,Month-to-month,Fiber optic,Electronic check,85.6,1601.5,No,No,No,Yes,No,Yes,0.7465569708106208,0.25344302918937917,25.3,Medium
2027-DNKIV,Spring Valley,91977,37,One year,DSL,Mailed check,58.75,2203.1,Yes,No,Yes,Yes,No,No,0.9858518614283744,0.01414813857162557,1.4,Very low
2027-WKXMW,Montara,94037,63,Month-to-month,Fiber optic,Electronic check,108.75,6871.7,No,Yes,Yes,Yes,Yes,Yes,0.6185215618374001,0.38147843816259985,38.1,Medium
2030-BTZRO,Northridge,91325,6,Two year,No,Credit card (automatic),20.4,107.6,No,No,No,No,No,No,0.9811907563713378,0.018809243628662164,1.9,Very low
2038-LLMLM,El Centro,92243,48,Month-to-month,Fiber optic,Electronic check,103.85,4946.05,No,No,Yes,Yes,Yes,Yes,0.5385535077584009,0.46144649224159906,46.1,High
2038-OEQZH,Menifee,92584,4,Month-to-month,Fiber optic,Electronic check,86.05,308.1,No,No,Yes,No,No,Yes,0.33451879927772166,0.6654812007222783,66.5,Very high
2038-YSEZE,Los Angeles,90046,29,Month-to-month,DSL,Mailed check,67.45,1801.1,Yes,Yes,No,Yes,No,No,0.8828818580309865,0.11711814196901346,11.7,Low
2039-JONDJ,Burbank,91504,27,One year,DSL,Bank transfer (automatic),55.45,1477.65,Yes,Yes,No,No,No,No,0.9414517168008716,0.058548283199128366,5.9,Very low
2040-LDIWQ,Woodland Hills,91367,65,Two year,DSL,Bank transfer (automatic),84.2,5324.5,No,Yes,Yes,Yes,Yes,Yes,0.9557227867440756,0.04427721325592436,4.4,Very low
2040-OBMLJ,Dunlap,93621,31,One year,Fiber optic,Credit card (automatic),81.7,2548.65,No,No,No,Yes,No,No,0.8347482071742058,0.1652517928257941,16.5,Low
2040-VZIKE,Stevinson,95374,49,Month-to-month,Fiber optic,Mailed check,100.85,4847.35,Yes,No,No,No,Yes,Yes,0.547727365801224,0.45227263419877595,45.2,High
2040-XBAVJ,Malibu,90263,72,Two year,Fiber optic,Bank transfer (automatic),114.45,8100.55,Yes,Yes,Yes,Yes,Yes,Yes,0.9917340368652596,0.008265963134740421,0.8,Very low
2041-JIJCI,Wendel,96136,5,Month-to-month,DSL,Electronic check,64.0,370.25,No,Yes,No,No,No,Yes,0.40480243422956297,0.595197565770437,59.5,High
2043-WVTQJ,Westminster,92683,1,Month-to-month,DSL,Mailed check,55.7,55.7,Yes,No,Yes,No,No,No,0.6679936514472806,0.33200634855271943,33.2,Medium
2045-BMBTJ,South El Monte,91733,33,Month-to-month,DSL,Bank transfer (automatic),59.45,1884.65,Yes,Yes,Yes,No,Yes,Yes,0.7023379149393809,0.29766208506061903,29.8,Medium
2049-BAFNW,Vallejo,94592,1,Month-to-month,DSL,Mailed check,35.9,35.9,No,No,Yes,Yes,No,No,0.617021492847009,0.38297850715299103,38.3,Medium
2050-ONYDQ,Montara,94037,65,Two year,No,Credit card (automatic),26.0,1654.85,No,No,No,No,No,No,0.9974448201033836,0.0025551798966163114,0.3,Very low
2054-PJOCK,Corona,92881,60,One year,DSL,Credit card (automatic),80.55,4847.05,No,No,Yes,Yes,Yes,Yes,0.9495985122329866,0.050401487767013385,5.0,Very low
2055-BFOCC,Likely,96116,63,One year,DSL,Bank transfer (automatic),84.0,5329.55,Yes,Yes,Yes,Yes,Yes,Yes,0.9579696278925139,0.042030372107486065,4.2,Very low
2055-SIFSS,Westmorland,92281,55,Month-to-month,DSL,Bank transfer (automatic),51.65,2838.55,No,No,No,No,No,No,0.8672553584793194,0.13274464152068055,13.3,Low
2056-EVGZL,West Covina,91790,68,One year,Fiber optic,Credit card (automatic),105.75,7322.5,No,Yes,Yes,Yes,Yes,Yes,0.9838982943316927,0.016101705668307296,1.6,Very low
2057-BOYKM,Inglewood,90305,72,Two year,Fiber optic,Bank transfer (automatic),96.6,6827.5,Yes,Yes,Yes,Yes,No,No,0.9664753844706173,0.033524615529382636,3.4,Very low
2061-VVFST,Whittier,90606,37,Month-to-month,No,Bank transfer (automatic),19.5,805.2,No,No,No,No,No,No,0.9163032069111146,0.08369679308888542,8.4,Very low
2065-MMKGR,Diamond Springs,95619,29,One year,DSL,Credit card (automatic),71.0,2080.1,No,No,No,No,Yes,Yes,0.7654898259039608,0.23451017409603928,23.5,Low
2067-QYTCF,Los Angeles,90057,64,Month-to-month,Fiber optic,Electronic check,111.15,6953.4,No,Yes,Yes,Yes,Yes,Yes,0.6264266463170952,0.3735733536829048,37.4,Medium
2068-WWXQZ,Whittier,90604,46,Two year,No,Bank transfer (automatic),20.05,902.0,No,No,No,No,No,No,0.9861510602603828,0.01384893973961726,1.4,Very low
2070-XYMFH,Long Beach,90815,23,Month-to-month,Fiber optic,Mailed check,79.35,1835.3,No,No,Yes,No,No,No,0.44648842171296477,0.5535115782870352,55.4,High
2072-ZVJJX,Sacramento,95818,68,Two year,No,Bank transfer (automatic),25.25,1728.2,No,No,No,No,No,No,0.9876387143702706,0.012361285629729359,1.2,Very low
2073-QBVBI,Los Angeles,90077,41,One year,DSL,Mailed check,35.45,1391.65,No,Yes,No,Yes,No,No,0.9138528248217035,0.08614717517829651,8.6,Very low
2074-GUHPQ,Albion,95410,17,Month-to-month,Fiber optic,Credit card (automatic),92.7,1556.85,No,Yes,Yes,Yes,No,No,0.8604978049199311,0.13950219508006892,14.0,Low
2075-PUEPR,Newport Coast,92657,55,Two year,No,Bank transfer (automatic),19.35,1153.25,No,No,No,No,No,No,0.9972809924307027,0.0027190075692972984,0.3,Very low
2075-RMJIK,Santa Ysabel,92070,5,Month-to-month,DSL,Mailed check,49.4,232.55,Yes,No,No,No,No,No,0.8902054373629485,0.10979456263705148,11.0,Low
2077-DDHJK,Goleta,93117,68,Two year,DSL,Credit card (automatic),70.9,4911.35,Yes,Yes,Yes,Yes,No,No,0.9892413934436598,0.010758606556340226,1.1,Very low
2077-MPJQO,Menlo Park,94025,7,Month-to-month,Fiber optic,Electronic check,75.4,533.05,No,No,No,No,No,No,0.2071187483513932,0.7928812516486068,79.3,Very high
2080-CAZNM,Burbank,91502,41,Month-to-month,Fiber optic,Electronic check,104.4,4133.95,No,Yes,Yes,No,Yes,Yes,0.4179487632872495,0.5820512367127505,58.2,High
2080-GKCWQ,San Pablo,94806,2,Month-to-month,Fiber optic,Electronic check,74.95,151.75,No,Yes,No,No,No,No,0.40105748882381786,0.5989425111761821,59.9,High
2080-SRCDE,Walnut,91789,1,Month-to-month,No,Mailed check,25.4,25.4,No,No,No,No,No,No,0.9336496899720873,0.06635031002791267,6.6,Very low
2081-KJSQF,Isleton,95641,1,Month-to-month,No,Mailed check,20.25,20.25,No,No,No,No,No,No,0.7304233984971216,0.2695766015028785,27.0,Medium
2081-VEYEH,Compton,90221,3,Month-to-month,Fiber optic,Electronic check,107.95,318.6,No,Yes,Yes,Yes,Yes,Yes,0.2840288010390807,0.7159711989609193,71.6,Very high
2085-BOJKI,Long Beach,90822,17,One year,Fiber optic,Bank transfer (automatic),96.65,1588.25,No,No,Yes,No,Yes,Yes,0.48151518066757726,0.5184848193324227,51.8,High
2085-JVGAD,Ivanhoe,93235,37,Month-to-month,No,Bank transfer (automatic),20.35,697.65,No,No,No,No,No,No,0.9151928765170325,0.08480712348296753,8.5,Very low
2087-QAREY,Sequoia National Park,93262,22,Month-to-month,DSL,Mailed check,54.7,1178.75,No,Yes,Yes,No,No,No,0.6906471646508965,0.30935283534910346,30.9,Medium
2088-IEBAU,Poway,92064,68,Two year,DSL,Electronic check,88.15,6148.45,Yes,Yes,Yes,Yes,Yes,Yes,0.9697582092564542,0.03024179074354581,3.0,Very low
2091-GPPIQ,Yuba City,95991,72,Two year,DSL,Electronic check,78.95,5730.15,No,Yes,No,Yes,Yes,Yes,0.9493780325376987,0.05062196746230127,5.1,Very low
2096-XOTMO,Marysville,95901,16,Month-to-month,No,Mailed check,19.35,275.9,No,No,No,No,No,No,0.9611180324725861,0.03888196752741387,3.9,Very low
2097-YVPKN,Healdsburg,95448,65,Two year,No,Mailed check,25.75,1654.75,No,No,No,No,No,No,0.9886179609933423,0.011382039006657685,1.1,Very low
2101-RANCD,El Dorado Hills,95762,55,Month-to-month,Fiber optic,Electronic check,73.1,4144.9,No,No,No,No,No,No,0.6437641856294523,0.3562358143705477,35.6,Medium
2103-ZRXFN,La Quinta,92253,1,Month-to-month,DSL,Mailed check,50.75,50.75,No,No,No,No,No,No,0.5627665572269355,0.43723344277306453,43.7,Medium
2105-PHWON,Navarro,95463,33,Month-to-month,Fiber optic,Credit card (automatic),95.0,3008.15,No,No,Yes,Yes,No,Yes,0.5204444687588086,0.47955553124119144,48.0,High
2107-FBPTK,Ramona,92065,30,Month-to-month,Fiber optic,Electronic check,104.1,3121.1,No,Yes,Yes,No,Yes,Yes,0.3315384677184813,0.6684615322815187,66.8,Very high
2108-GLPQB,Los Angeles,90025,25,Month-to-month,DSL,Credit card (automatic),55.55,1405.3,No,No,Yes,No,No,No,0.7207109228928597,0.27928907710714035,27.9,Medium
2111-DWYHN,Aptos,95003,1,Month-to-month,No,Mailed check,21.1,21.1,No,No,No,No,No,No,0.7944846682045015,0.20551533179549855,20.6,Low
2120-SMPEX,Santa Rosa,95403,25,Month-to-month,No,Mailed check,20.15,536.35,No,No,No,No,No,No,0.8586499256564563,0.14135007434354374,14.1,Low
2121-JAFOM,Danville,94526,72,Two year,Fiber optic,Credit card (automatic),115.55,8312.4,Yes,Yes,Yes,Yes,Yes,Yes,0.9468605260942586,0.05313947390574136,5.3,Very low
2122-SZZZD,Sacramento,95834,44,One year,No,Credit card (automatic),19.5,835.5,No,No,No,No,No,No,0.9755151493269879,0.02448485067301208,2.4,Very low
2122-YWVYA,San Francisco,94116,18,Month-to-month,Fiber optic,Electronic check,75.4,1380.4,Yes,No,No,No,No,No,0.5143864746191547,0.48561352538084535,48.6,High
2123-AGEEN,Millbrae,94030,7,Month-to-month,Fiber optic,Electronic check,84.35,609.65,No,No,Yes,No,Yes,No,0.2740489356598128,0.7259510643401872,72.6,Very high
2123-VSCOT,Pomona,91767,59,Two year,DSL,Bank transfer (automatic),72.1,4194.85,No,No,Yes,Yes,Yes,No,0.9544988541108318,0.04550114588916822,4.6,Very low
2126-GSEGL,Solvang,93463,70,Two year,DSL,Bank transfer (automatic),84.8,5917.55,No,Yes,Yes,Yes,Yes,Yes,0.9628375903679217,0.037162409632078244,3.7,Very low
2129-ALKBS,Needles,92363,40,Month-to-month,No,Electronic check,26.2,1077.5,No,No,No,No,No,No,0.9545705148107039,0.04542948518929608,4.5,Very low
2133-TSRRM,Rosemead,91770,34,Month-to-month,Fiber optic,Bank transfer (automatic),105.35,3688.6,Yes,Yes,Yes,No,Yes,Yes,0.8962653639277552,0.10373463607224478,10.4,Low
2135-DQWAQ,Santa Barbara,93111,5,Month-to-month,Fiber optic,Mailed check,85.3,420.45,No,Yes,No,No,Yes,No,0.34096169283430133,0.6590383071656987,65.9,Very high
2137-DQMEV,Tustin,92780,68,One year,DSL,Mailed check,44.8,2983.65,Yes,Yes,No,No,Yes,No,0.9902209052272845,0.009779094772715564,1.0,Very low
2138-VFAPZ,San Francisco,94130,14,Two year,No,Mailed check,19.7,263.65,No,No,No,No,No,No,0.983470216519501,0.016529783480499063,1.7,Very low
2139-FQHLM,Corona,92879,19,Month-to-month,Fiber optic,Mailed check,89.95,1682.4,No,No,Yes,Yes,Yes,No,0.5988103264046162,0.4011896735953838,40.1,Medium
2143-LJULT,Fresno,93650,67,Two year,No,Credit card (automatic),25.25,1733.15,No,No,No,No,No,No,0.983034986689712,0.01696501331028795,1.7,Very low
2144-BFDSO,Ranchita,92066,50,Month-to-month,Fiber optic,Bank transfer (automatic),108.75,5431.9,Yes,Yes,Yes,No,Yes,Yes,0.6864711466300544,0.3135288533699456,31.4,Medium
2144-ESWKO,San Pedro,90732,43,One year,DSL,Credit card (automatic),35.2,1463.7,Yes,No,Yes,No,No,No,0.9197801943785994,0.08021980562140064,8.0,Very low
2146-EGVDT,Chatsworth,91311,59,Two year,No,Credit card (automatic),19.3,1192.7,No,No,No,No,No,No,0.9887186277752847,0.011281372224715222,1.1,Very low
2150-OEGBV,Oakland,94612,27,One year,No,Bank transfer (automatic),20.1,562.6,No,No,No,No,No,No,0.9551970953442784,0.044802904655721607,4.5,Very low
2150-WLKUW,Banning,92220,40,One year,DSL,Bank transfer (automatic),63.9,2635.0,No,Yes,No,No,Yes,No,0.8749371861447176,0.12506281385528237,12.5,Low
2155-AMQRX,Norwalk,90650,28,Month-to-month,DSL,Credit card (automatic),54.9,1505.15,No,No,No,Yes,No,No,0.7870342512786039,0.2129657487213961,21.3,Low
2159-TURXX,Weaverville,96093,5,Month-to-month,No,Credit card (automatic),20.05,95.55,No,No,No,No,No,No,0.8373626385664101,0.16263736143358987,16.3,Low
2160-GPFXD,Davis,95618,54,Two year,DSL,Credit card (automatic),65.65,3566.7,Yes,Yes,No,Yes,No,No,0.9949366656290236,0.0050633343709763565,0.5,Very low
2162-FRZAA,Fort Irwin,92310,63,Two year,DSL,Bank transfer (automatic),39.35,2395.05,No,Yes,Yes,Yes,No,No,0.9954653306696093,0.004534669330390726,0.5,Very low
2164-SOQXL,Los Angeles,90043,20,Month-to-month,No,Mailed check,20.05,406.05,No,No,No,No,No,No,0.9658460088304409,0.0341539911695591,3.4,Very low
2167-FQSTQ,Hayward,94541,72,Two year,DSL,Electronic check,92.4,6786.1,Yes,Yes,Yes,Yes,Yes,Yes,0.9650859654206738,0.03491403457932621,3.5,Very low
2169-RRLFW,Capay,95607,71,Two year,No,Credit card (automatic),25.6,1888.25,No,No,No,No,No,No,0.9895376127699114,0.010462387230088625,1.0,Very low
2171-UDMFD,Chowchilla,93610,32,Month-to-month,No,Credit card (automatic),19.45,674.55,No,No,No,No,No,No,0.9714743227880914,0.028525677211908573,2.9,Very low
2172-EJXVF,Los Angeles,90047,71,One year,Fiber optic,Electronic check,105.9,7521.95,No,Yes,Yes,No,Yes,Yes,0.8041160117586753,0.19588398824132472,19.6,Low
2176-LVPNX,San Jose,95113,71,Two year,DSL,Mailed check,89.85,6293.45,Yes,Yes,Yes,Yes,Yes,Yes,0.9848532625232455,0.015146737476754518,1.5,Very low
2176-OSJUV,Anaheim,92801,71,Two year,DSL,Bank transfer (automatic),65.15,4681.75,Yes,Yes,No,Yes,No,No,0.9893877140494275,0.010612285950572455,1.1,Very low
2178-PMGCJ,Long Beach,90802,22,Month-to-month,Fiber optic,Mailed check,69.7,1490.4,No,No,No,No,No,No,0.5204029626403348,0.4795970373596652,48.0,High
2181-TIDSV,Glen Ellen,95442,68,Two year,No,Bank transfer (automatic),19.95,1303.25,No,No,No,No,No,No,0.997494301463882,0.0025056985361180577,0.3,Very low
2181-UAESM,Angelus Oaks,92305,2,Month-to-month,DSL,Electronic check,53.45,119.5,Yes,No,Yes,No,No,No,0.6777111944684497,0.3222888055315502,32.2,Medium
2186-QZEYA,San Leandro,94579,29,Month-to-month,DSL,Bank transfer (automatic),58.55,1718.95,Yes,Yes,No,No,No,No,0.8030959614037143,0.1969040385962857,19.7,Low
2187-PKZAY,Stevinson,95374,12,Month-to-month,Fiber optic,Bank transfer (automatic),79.95,1043.4,No,No,No,No,No,Yes,0.3959804265582496,0.6040195734417504,60.4,High
2188-SXWVT,Chilcoot,96105,34,One year,DSL,Mailed check,55.0,1885.15,Yes,Yes,No,No,No,No,0.9492533593588667,0.050746640641133316,5.1,Very low
2190-BCXEC,Death Valley,92328,40,Month-to-month,Fiber optic,Credit card (automatic),78.85,3126.85,No,No,No,Yes,No,No,0.6374054958831423,0.36259450411685773,36.3,Medium
2190-PHBHR,Hume,93628,72,Two year,Fiber optic,Credit card (automatic),94.45,6921.7,Yes,Yes,No,No,No,Yes,0.9435269240534988,0.05647307594650115,5.6,Very low
2192-CKRLV,Wilton,95693,72,Two year,DSL,Electronic check,49.2,3580.95,Yes,Yes,Yes,No,No,Yes,0.9580978313975443,0.041902168602455644,4.2,Very low
2192-OZITF,San Leandro,94577,45,Two year,DSL,Mailed check,73.55,3349.1,Yes,No,No,Yes,No,Yes,0.9702853754020603,0.029714624597939727,3.0,Very low
2193-SFWQW,San Rafael,94903,72,Two year,Fiber optic,Bank transfer (automatic),111.95,8033.1,Yes,Yes,Yes,Yes,Yes,Yes,0.9941134474367687,0.0058865525632313806,0.6,Very low
2194-IIQOF,Sunnyvale,94087,71,Two year,DSL,Credit card (automatic),89.3,6388.65,Yes,Yes,Yes,Yes,Yes,Yes,0.9831371544017569,0.016862845598243175,1.7,Very low
2195-VVRJF,Los Angeles,90018,18,Month-to-month,DSL,Credit card (automatic),59.1,1011.05,Yes,No,No,No,No,Yes,0.6814007676275899,0.31859923237241,31.9,Medium
2197-OMWGI,Los Angeles,90014,68,Two year,DSL,Electronic check,53.0,3656.25,No,Yes,Yes,No,Yes,Yes,0.980801160770724,0.01919883922927602,1.9,Very low
2200-DSAAL,Greenbrae,94904,68,Two year,DSL,Electronic check,80.65,5330.2,No,Yes,Yes,No,Yes,Yes,0.9406838974835798,0.05931610251642015,5.9,Very low
2202-OUTMO,Caruthers,93609,34,Month-to-month,DSL,Bank transfer (automatic),60.85,2003.6,Yes,No,No,Yes,No,No,0.8236313902059018,0.17636860979409813,17.6,Low
2203-GHNWN,Julian,92036,24,Month-to-month,Fiber optic,Mailed check,79.65,1928.7,No,No,Yes,No,No,No,0.39119208058982347,0.6088079194101765,60.9,High
2205-LPVGL,Colusa,95932,58,One year,Fiber optic,Bank transfer (automatic),89.85,5125.75,Yes,Yes,No,Yes,No,No,0.9803415647546537,0.01965843524534622,2.0,Very low
2207-QPJED,Somes Bar,95568,37,Month-to-month,Fiber optic,Electronic check,90.0,3371.75,No,No,Yes,Yes,Yes,No,0.6089359690762528,0.39106403092374725,39.1,Medium
2207-RYYRL,Grass Valley,95945,52,Two year,No,Mailed check,24.55,1331.05,No,No,No,No,No,No,0.9953367355313957,0.004663264468604316,0.5,Very low
2208-MPXIO,Escondido,92029,45,Two year,No,Bank transfer (automatic),20.0,886.4,No,No,No,No,No,No,0.9946609803974804,0.005339019602519622,0.5,Very low
2208-NKVVH,Costa Mesa,92626,43,Two year,No,Mailed check,24.25,1077.95,No,No,No,No,No,No,0.9936982684159177,0.006301731584082298,0.6,Very low
2208-NQBCT,San Jose,95138,26,Month-to-month,Fiber optic,Electronic check,81.95,2070.05,Yes,Yes,No,No,No,No,0.8933764391542993,0.10662356084570067,10.7,Low
2208-UGTGR,Sultana,93666,56,Month-to-month,Fiber optic,Electronic check,98.6,5581.05,No,Yes,No,No,Yes,Yes,0.6264668747119546,0.37353312528804533,37.4,Medium
2209-XADXF,Willow Creek,95573,1,Month-to-month,DSL,Bank transfer (automatic),25.25,25.25,No,No,No,No,No,No,0.5549671938704365,0.44503280612956353,44.5,Medium
2211-RMNHO,Rio Nido,95471,68,Two year,DSL,Bank transfer (automatic),85.3,5560.0,No,Yes,Yes,Yes,Yes,Yes,0.994303381734373,0.005696618265626901,0.6,Very low
2212-LYASK,Brea,92823,27,One year,DSL,Credit card (automatic),45.85,1246.4,No,Yes,Yes,No,No,Yes,0.7484884961638614,0.2515115038361387,25.2,Medium
2215-ZAFGX,La Mesa,91942,9,Month-to-month,Fiber optic,Electronic check,85.5,791.7,No,No,No,No,Yes,No,0.2208921360952939,0.7791078639047061,77.9,Very high
2220-IAHLS,Modesto,95356,1,Month-to-month,No,Credit card (automatic),19.4,19.4,No,No,No,No,No,No,0.8203274167658391,0.17967258323416094,18.0,Low
2223-GDSHL,Fountain Valley,92708,71,Two year,Fiber optic,Bank transfer (automatic),116.05,8297.5,Yes,Yes,Yes,Yes,Yes,Yes,0.9878507940665285,0.012149205933471428,1.2,Very low
2226-ICFDO,Covelo,95428,72,Two year,DSL,Credit card (automatic),85.9,6110.75,Yes,No,Yes,Yes,Yes,Yes,0.974335798573631,0.0256642014263691,2.6,Very low
2227-JRSJX,Monterey Park,91754,21,Month-to-month,Fiber optic,Bank transfer (automatic),99.15,1956.4,No,Yes,No,Yes,Yes,Yes,0.5117977163349972,0.4882022836650028,48.8,High
2228-BZDEE,Pleasanton,94566,54,Two year,No,Mailed check,20.1,1079.45,No,No,No,No,No,No,0.9884619453466255,0.011538054653374567,1.2,Very low
2229-DPMBI,Blairsden Graeagle,96103,8,Two year,No,Mailed check,19.5,162.15,No,No,No,No,No,No,0.9857898588850915,0.014210141114908502,1.4,Very low
2229-VWQJH,Homewood,96141,24,Month-to-month,DSL,Credit card (automatic),49.3,1233.25,No,No,Yes,No,No,No,0.7682160636310984,0.23178393636890157,23.2,Low
2230-XTUWL,Madera,93637,48,Two year,No,Mailed check,19.55,883.35,No,No,No,No,No,No,0.9962605509139187,0.0037394490860812595,0.4,Very low
2233-FAGXV,Salton City,92275,5,Month-to-month,No,Mailed check,24.3,132.25,No,No,No,No,No,No,0.8947548980521649,0.10524510194783504,10.5,Low
2233-TXSIU,Grass Valley,95945,17,One year,DSL,Credit card (automatic),44.45,792.15,Yes,No,Yes,No,Yes,No,0.9510209054302406,0.04897909456975932,4.9,Very low
2234-EOFPT,Santa Ana,92701,72,Two year,DSL,Bank transfer (automatic),79.35,5753.25,Yes,Yes,No,Yes,Yes,Yes,0.9819902686264811,0.018009731373518877,1.8,Very low
2234-XADUH,Amboy,92304,72,One year,Fiber optic,Credit card (automatic),103.2,7362.9,No,Yes,Yes,No,Yes,Yes,0.9619035299370053,0.038096470062994624,3.8,Very low
2235-DWLJU,Thousand Palms,92276,6,Month-to-month,DSL,Electronic check,44.4,263.05,No,No,No,No,Yes,Yes,0.28575576964785177,0.7142442303521482,71.4,Very high
2235-EZAIK,Badger,93603,72,Two year,DSL,Credit card (automatic),79.2,5401.9,Yes,Yes,Yes,Yes,Yes,No,0.9874497883782316,0.01255021162176843,1.3,Very low
2236-HILPA,Hayward,94544,62,Two year,No,Credit card (automatic),20.65,1218.45,No,No,No,No,No,No,0.997961776125859,0.00203822387414096,0.2,Very low
2239-CFOUJ,Trinidad,95570,1,One year,No,Mailed check,20.4,20.4,No,No,No,No,No,No,0.9684099953044125,0.03159000469558751,3.2,Very low
2239-CGBUZ,West Covina,91791,51,One year,DSL,Bank transfer (automatic),60.5,3145.15,Yes,Yes,No,Yes,No,No,0.9643030503679371,0.03569694963206294,3.6,Very low
2240-HSJQD,La Mesa,91942,38,Month-to-month,Fiber optic,Mailed check,81.85,3141.7,No,Yes,No,No,No,No,0.8812890613406666,0.1187109386593334,11.9,Low
2242-MFOTG,Poway,92064,33,One year,Fiber optic,Bank transfer (automatic),80.1,2603.3,Yes,No,No,No,No,No,0.8411325303527295,0.1588674696472705,15.9,Low
2243-FNMMI,Torrance,90501,20,Month-to-month,No,Mailed check,19.4,415.4,No,No,No,No,No,No,0.879883252428285,0.120116747571715,12.0,Low
2245-ADZFJ,Castella,96017,31,Two year,DSL,Bank transfer (automatic),80.55,2471.6,No,Yes,No,Yes,Yes,Yes,0.90710196434494,0.09289803565506001,9.3,Very low
2250-IVBWA,San Jose,95112,64,Month-to-month,Fiber optic,Electronic check,81.05,5135.35,Yes,Yes,No,No,No,No,0.9673784349053893,0.03262156509461062,3.3,Very low
2251-PYLPB,Big Bear Lake,92315,72,Two year,DSL,Credit card (automatic),79.55,5810.9,Yes,Yes,Yes,Yes,No,Yes,0.9875718681264889,0.012428131873511068,1.2,Very low
2252-ISRNH,Covelo,95428,9,One year,Fiber optic,Electronic check,90.35,767.9,No,No,Yes,No,Yes,No,0.6962405332472426,0.3037594667527575,30.4,Medium
2252-JHJGE,Sun Valley,91352,61,One year,Fiber optic,Electronic check,104.0,6363.45,Yes,No,Yes,No,Yes,Yes,0.8455624029098777,0.1544375970901223,15.4,Low
2252-NKNSI,Salinas,93905,52,Two year,DSL,Mailed check,85.15,4461.85,Yes,Yes,No,Yes,Yes,Yes,0.9596295050915207,0.04037049490847936,4.0,Very low
2253-KPMNB,Live Oak,95953,69,Two year,DSL,Bank transfer (automatic),46.25,3121.4,Yes,Yes,Yes,Yes,No,No,0.9974682297389187,0.0025317702610813037,0.3,Very low
2254-DLXRI,Burbank,91504,1,Month-to-month,Fiber optic,Mailed check,79.15,79.15,No,Yes,No,No,No,No,0.30047448751440453,0.6995255124855955,70.0,Very high
2256-YLYLP,Cypress,90630,68,Two year,DSL,Bank transfer (automatic),72.95,4953.25,No,No,Yes,Yes,Yes,Yes,0.9934844955843524,0.006515504415647587,0.7,Very low
2257-BOVXD,Tahoe City,96145,14,Month-to-month,DSL,Credit card (automatic),66.6,979.5,No,No,No,Yes,Yes,No,0.5617679689982469,0.4382320310017531,43.8,Medium
2259-OUUSZ,San Diego,92106,7,One year,DSL,Credit card (automatic),35.5,249.55,No,No,Yes,Yes,No,No,0.7676708517640829,0.23232914823591716,23.2,Low
2262-SLNVK,Birds Landing,94512,1,Month-to-month,Fiber optic,Electronic check,70.1,70.1,No,No,No,No,No,No,0.3710944777611628,0.6289055222388372,62.9,High
2263-SFSQZ,San Jose,95138,51,Two year,No,Mailed check,24.95,1222.25,No,No,No,No,No,No,0.9931342769704481,0.0068657230295518816,0.7,Very low
2266-FUBDZ,San Francisco,94115,15,Two year,No,Mailed check,19.35,278.85,No,No,No,No,No,No,0.9885762700151933,0.011423729984806634,1.1,Very low
2266-SJNAT,Onyx,93255,72,One year,Fiber optic,Credit card (automatic),109.15,7789.6,No,Yes,Yes,Yes,Yes,Yes,0.9088947896119893,0.09110521038801071,9.1,Very low
2267-FPIMA,San Carlos,94070,50,Month-to-month,Fiber optic,Credit card (automatic),94.4,4914.9,Yes,Yes,No,No,No,Yes,0.6814322050157371,0.31856779498426296,31.9,Medium
2267-WTPYD,Granada Hills,91344,57,Month-to-month,Fiber optic,Credit card (automatic),94.0,5438.95,No,Yes,Yes,No,No,Yes,0.7299425969588995,0.27005740304110043,27.0,Medium
2270-CHBFN,Ventura,93004,44,Month-to-month,Fiber optic,Credit card (automatic),95.1,4060.55,Yes,Yes,Yes,Yes,No,No,0.7674202437777783,0.23257975622222174,23.3,Low
2272-JKMSI,Roseville,95661,62,One year,Fiber optic,Electronic check,110.8,6840.95,No,Yes,Yes,Yes,Yes,Yes,0.9428556085383137,0.05714439146168629,5.7,Very low
2272-UOINI,Rancho Cucamonga,91739,7,Month-to-month,DSL,Electronic check,78.5,571.05,Yes,Yes,No,Yes,Yes,Yes,0.6076274366995179,0.3923725633004821,39.2,Medium
2272-WUSPA,Milford,96121,72,Two year,Fiber optic,Electronic check,110.75,7751.7,Yes,Yes,Yes,No,Yes,Yes,0.8928515173228205,0.10714848267717944,10.7,Low
2273-QCKXA,Culver City,90232,1,Month-to-month,DSL,Mailed check,49.05,49.05,No,No,No,Yes,No,No,0.7170247365578721,0.2829752634421278,28.3,Medium
2274-XUATA,Earp,92242,72,Two year,DSL,Bank transfer (automatic),63.1,4685.55,Yes,Yes,Yes,Yes,Yes,Yes,0.9709561455691211,0.029043854430878858,2.9,Very low
2275-RBYQS,Sun City,92587,1,Month-to-month,DSL,Mailed check,45.4,45.4,No,No,No,No,No,No,0.5629786979041909,0.4370213020958091,43.7,Medium
2277-AXSDC,El Centro,92243,32,One year,No,Bank transfer (automatic),19.75,624.15,No,No,No,No,No,No,0.9623930471973089,0.03760695280269107,3.8,Very low
2277-BKJKN,Camptonville,95922,71,Two year,Fiber optic,Electronic check,99.2,7213.75,No,Yes,Yes,No,Yes,Yes,0.8847136670901765,0.1152863329098235,11.5,Low
2277-DJJDL,La Grange,95329,60,Month-to-month,Fiber optic,Electronic check,99.0,6017.9,No,No,No,Yes,Yes,Yes,0.5546514083013712,0.4453485916986288,44.5,Medium
2277-VWCNI,Brookdale,95007,4,Month-to-month,DSL,Mailed check,48.75,179.85,No,No,No,No,No,No,0.5855817893216638,0.4144182106783362,41.4,Medium
2279-AXJJK,Cazadero,95421,52,Month-to-month,Fiber optic,Credit card (automatic),95.65,5088.4,No,Yes,No,Yes,No,Yes,0.6887982842140544,0.3112017157859456,31.1,Medium
2282-YGNOR,Monterey Park,91754,29,One year,DSL,Credit card (automatic),58.0,1734.5,Yes,No,Yes,Yes,No,No,0.9593084976387807,0.04069150236121934,4.1,Very low
2284-VFLKH,Clipper Mills,95930,49,One year,Fiber optic,Credit card (automatic),99.25,4920.8,No,No,Yes,Yes,Yes,Yes,0.8008105750939795,0.19918942490602054,19.9,Low
2292-XQWSV,Temple City,91780,40,One year,DSL,Mailed check,60.3,2448.5,No,Yes,Yes,Yes,Yes,Yes,0.9675736164220882,0.032426383577911846,3.2,Very low
2293-IJWPS,Piercy,95587,57,One year,Fiber optic,Credit card (automatic),100.75,5985.0,No,No,Yes,No,Yes,Yes,0.730571288430936,0.269428711569064,26.9,Medium
2294-DMMUS,Patterson,95363,62,Month-to-month,DSL,Credit card (automatic),70.45,4300.45,No,No,No,No,Yes,Yes,0.9476135304901248,0.05238646950987526,5.2,Very low
2294-SALNE,Chula Vista,91910,23,One year,Fiber optic,Mailed check,86.8,1940.8,No,Yes,Yes,Yes,No,No,0.7996114854245224,0.20038851457547754,20.0,Low
2296-DKZFP,San Francisco,94118,65,Two year,DSL,Bank transfer (automatic),71.0,4386.2,Yes,Yes,Yes,No,No,Yes,0.9838125393512404,0.016187460648759675,1.6,Very low
2300-RQGOI,Needles,92363,38,Two year,No,Mailed check,20.05,741.5,No,No,No,No,No,No,0.9803968312653045,0.019603168734695482,2.0,Very low
2302-OUZXB,Ventura,93001,72,Two year,DSL,Bank transfer (automatic),82.15,5784.3,No,Yes,Yes,No,Yes,Yes,0.9653567546587156,0.03464324534128439,3.5,Very low
2303-PJYHN,Los Angeles,90015,2,Month-to-month,No,Bank transfer (automatic),19.85,52.0,No,No,No,No,No,No,0.7713167690562315,0.22868323094376855,22.9,Low
2305-MRGLV,Klamath River,96050,28,Month-to-month,Fiber optic,Bank transfer (automatic),76.55,2065.4,No,No,No,Yes,No,No,0.687817248160274,0.31218275183972594,31.2,Medium
2307-FYNNL,La Mirada,90638,65,Two year,Fiber optic,Electronic check,109.05,7108.2,Yes,No,Yes,Yes,Yes,Yes,0.9137003084062442,0.08629969159375586,8.6,Very low
2308-STERM,Armona,93202,2,Month-to-month,No,Mailed check,19.4,61.05,No,No,No,No,No,No,0.8022162574269737,0.19778374257302633,19.8,Low
2314-TNDJQ,Oceanside,92056,72,Two year,DSL,Credit card (automatic),55.65,3880.05,Yes,Yes,Yes,Yes,No,Yes,0.9971695953411759,0.0028304046588241124,0.3,Very low
2316-ESMLS,Fresno,93726,12,One year,DSL,Credit card (automatic),33.15,444.75,Yes,No,No,Yes,No,No,0.8580840078940509,0.14191599210594907,14.2,Low
2320-SLKMB,Baker,92309,26,Month-to-month,DSL,Credit card (automatic),44.45,1183.8,No,No,Yes,Yes,Yes,No,0.6951088440606329,0.3048911559393671,30.5,Medium
2320-TZRRH,Three Rivers,93271,20,One year,No,Mailed check,19.5,403.15,No,No,No,No,No,No,0.9393432269579074,0.060656773042092625,6.1,Very low
2320-YKQBO,Grenada,96038,7,Month-to-month,No,Mailed check,19.3,144.95,No,No,No,No,No,No,0.8275556661567953,0.17244433384320462,17.2,Low
2322-VCZHZ,El Portal,95318,23,Month-to-month,Fiber optic,Electronic check,90.0,2024.1,Yes,Yes,No,No,No,Yes,0.43719385210967643,0.5628061478903236,56.3,High
2323-ARSVR,Milpitas,95035,67,Two year,Fiber optic,Electronic check,111.05,7321.05,Yes,Yes,Yes,Yes,Yes,Yes,0.9318187466294905,0.0681812533705095,6.8,Very low
2324-AALNO,Porterville,93257,48,One year,No,Bank transfer (automatic),24.55,1203.95,No,No,No,No,No,No,0.9688891979003403,0.031110802099659676,3.1,Very low
2324-EFHVG,Oakland,94609,64,Two year,Fiber optic,Bank transfer (automatic),104.4,6692.65,No,Yes,Yes,No,Yes,Yes,0.8930505231743652,0.10694947682563481,10.7,Low
2325-NBPZG,Novato,94949,3,Month-to-month,Fiber optic,Electronic check,74.55,233.65,Yes,No,No,No,No,No,0.39006668755621177,0.6099333124437882,61.0,High
2325-WINES,Littlerock,93543,32,One year,Fiber optic,Credit card (automatic),104.05,3416.85,No,Yes,Yes,No,Yes,Yes,0.6333930382170272,0.36660696178297286,36.7,Medium
2330-PQGDQ,Gualala,95445,51,One year,Fiber optic,Bank transfer (automatic),84.2,4299.75,No,Yes,No,Yes,No,No,0.9754618430147125,0.024538156985287517,2.5,Very low
2332-TODQS,Garden Grove,92845,48,One year,No,Credit card (automatic),25.05,1171.5,No,No,No,No,No,No,0.970458961537135,0.029541038462865033,3.0,Very low
2333-KWEWW,Fresno,93721,18,Two year,No,Credit card (automatic),20.05,388.6,No,No,No,No,No,No,0.9669806955653967,0.03301930443460337,3.3,Very low
2335-GSODA,Camino,95709,23,Two year,DSL,Mailed check,40.1,857.75,Yes,No,Yes,Yes,No,No,0.988922684926981,0.011077315073019001,1.1,Very low
2338-BQEZT,San Carlos,94070,55,Month-to-month,DSL,Credit card (automatic),50.55,2832.75,Yes,No,No,No,No,No,0.9302421283459004,0.0697578716540996,7.0,Very low
2342-CKIAO,Eagleville,96110,2,Month-to-month,No,Mailed check,20.3,41.2,No,No,No,No,No,No,0.8022162574269737,0.19778374257302633,19.8,Low
2346-CZYIL,Beverly Hills,90211,27,Two year,No,Credit card (automatic),20.35,531.6,No,No,No,No,No,No,0.9753937887934524,0.024606211206547553,2.5,Very low
2346-DJQTB,Fairfax,94930,35,Month-to-month,DSL,Electronic check,24.15,812.5,No,No,No,No,No,No,0.72974994965829,0.27025005034171,27.0,Medium
2346-LOCWC,Arbuckle,95912,58,Two year,No,Credit card (automatic),20.5,1191.4,No,No,No,No,No,No,0.9977021233159928,0.00229787668400721,0.2,Very low
2347-WKKAE,Penryn,95663,42,Month-to-month,Fiber optic,Electronic check,94.4,4014.6,Yes,No,Yes,No,No,Yes,0.49469416816301737,0.5053058318369826,50.5,High
2348-KCJLT,Los Alamitos,90720,44,One year,DSL,Mailed check,61.5,2722.2,Yes,Yes,Yes,No,No,No,0.9337680508490311,0.06623194915096887,6.6,Very low
2351-BKRZW,Gilroy,95020,43,Two year,DSL,Bank transfer (automatic),75.2,3254.35,Yes,No,Yes,No,Yes,Yes,0.989938936925244,0.010061063074755905,1.0,Very low
2351-RRBUE,Tulelake,96134,7,One year,No,Mailed check,20.65,134.05,No,No,No,No,No,No,0.8828378906529306,0.11716210934706943,11.7,Low
2359-KLTEK,Lookout,96054,41,Month-to-month,Fiber optic,Bank transfer (automatic),94.9,3848.0,No,No,Yes,No,Yes,Yes,0.8365795985553794,0.16342040144462058,16.3,Low
2360-RDGRO,Sutter,95982,65,Month-to-month,Fiber optic,Electronic check,104.25,6812.95,Yes,No,Yes,No,Yes,Yes,0.6135083652815803,0.3864916347184197,38.6,Medium
2361-FJWNO,Rancho Cucamonga,91737,40,One year,DSL,Credit card (automatic),36.0,1382.9,No,Yes,No,Yes,No,No,0.9398362907725701,0.06016370922742987,6.0,Very low
2361-UPSND,Herlong,96113,46,One year,DSL,Mailed check,70.6,3231.05,Yes,Yes,No,Yes,No,Yes,0.9576624805823309,0.04233751941766904,4.2,Very low
2363-BJLSL,Bonita,91902,62,Month-to-month,DSL,Bank transfer (automatic),80.4,4981.15,No,Yes,Yes,Yes,Yes,Yes,0.908459248569844,0.09154075143015603,9.2,Very low
2364-UFROM,San Diego,92123,30,One year,DSL,Electronic check,70.4,2044.75,Yes,Yes,No,Yes,Yes,No,0.9277356684710827,0.07226433152891737,7.2,Very low
2368-GAKKQ,Sylmar,91342,70,Two year,Fiber optic,Bank transfer (automatic),113.65,7939.25,Yes,Yes,Yes,Yes,Yes,Yes,0.9544624530056607,0.04553754699433929,4.6,Very low
2369-FEVNO,Long Beach,90806,1,Month-to-month,No,Mailed check,19.9,19.9,No,No,No,No,No,No,0.7304233984971216,0.2695766015028785,27.0,Medium
2371-JQHZZ,Bakersfield,93307,24,Month-to-month,Fiber optic,Electronic check,93.0,2248.05,No,No,No,No,Yes,Yes,0.2133170179055457,0.7866829820944543,78.7,Very high
2371-JUNGC,Cupertino,95014,11,Month-to-month,No,Mailed check,20.25,208.0,No,No,No,No,No,No,0.8440358566274592,0.15596414337254083,15.6,Low
2371-KFUOG,Escondido,92025,58,One year,Fiber optic,Bank transfer (automatic),99.15,5720.95,Yes,Yes,No,No,Yes,Yes,0.9168456521646571,0.08315434783534298,8.3,Very low
2373-NTKOD,Rancho Cordova,95670,8,Month-to-month,DSL,Electronic check,66.25,546.45,No,No,No,No,Yes,Yes,0.4122400908546697,0.5877599091453303,58.8,High
2378-HTWFW,Newman,95360,35,Month-to-month,Fiber optic,Credit card (automatic),91.0,3180.5,Yes,No,No,No,No,Yes,0.682444420090121,0.31755557990987904,31.8,Medium
2378-VTKDH,Woodland,95695,65,Month-to-month,Fiber optic,Electronic check,104.35,6578.55,No,Yes,Yes,No,Yes,Yes,0.5445582008543647,0.4554417991456353,45.5,High
2378-YIZKA,Weed,96094,68,Two year,DSL,Credit card (automatic),85.0,5607.75,Yes,Yes,Yes,Yes,Yes,Yes,0.9962064360566151,0.0037935639433849112,0.4,Very low
2379-GYFLQ,Oceanside,92056,46,One year,Fiber optic,Credit card (automatic),94.9,4422.95,No,Yes,Yes,No,Yes,No,0.7806530669580837,0.21934693304191633,21.9,Low
2380-DAMQP,La Palma,90623,72,Two year,Fiber optic,Electronic check,115.15,8349.7,Yes,Yes,Yes,Yes,Yes,Yes,0.9432720179140069,0.056727982085993015,5.7,Very low
2384-OVPSA,Caruthers,93609,38,Two year,No,Mailed check,20.2,735.9,No,No,No,No,No,No,0.9799699579551304,0.020030042044869585,2.0,Very low
2386-OWURY,Yucaipa,92399,58,Month-to-month,Fiber optic,Electronic check,95.3,5817.7,No,No,No,Yes,Yes,Yes,0.6928540566151544,0.3071459433848456,30.7,Medium
2387-KDZQY,Weaverville,96093,17,One year,No,Mailed check,20.1,279.5,No,No,No,No,No,No,0.9062971185658448,0.09370288143415517,9.4,Very low
2388-LAESQ,Manchester,95459,72,Two year,Fiber optic,Bank transfer (automatic),114.85,8317.95,Yes,Yes,Yes,Yes,Yes,Yes,0.9429379234338181,0.05706207656618193,5.7,Very low
2391-IPLOP,Corcoran,93212,50,One year,DSL,Electronic check,69.65,3442.15,No,No,Yes,Yes,Yes,No,0.8567242252910053,0.14327577470899466,14.3,Low
2393-DIVAI,Brea,92821,3,Month-to-month,No,Mailed check,20.0,61.7,No,No,No,No,No,No,0.7461990904252971,0.2538009095747029,25.4,Medium
2400-FEQME,Grenada,96038,55,Two year,No,Mailed check,20.5,1177.95,No,No,No,No,No,No,0.9970000530453033,0.002999946954696774,0.3,Very low
2400-XIWIO,Lucerne,95458,71,Two year,DSL,Electronic check,90.1,6310.9,Yes,Yes,Yes,Yes,Yes,Yes,0.9744463671139301,0.025553632886069953,2.6,Very low
2402-TAIRZ,Los Angeles,90012,37,One year,Fiber optic,Electronic check,80.05,3019.1,No,Yes,Yes,No,No,No,0.8240804415036143,0.17591955849638571,17.6,Low
2404-JIBFC,Anaheim,92804,55,Two year,DSL,Bank transfer (automatic),85.1,4657.95,Yes,No,Yes,Yes,Yes,Yes,0.9903476354218653,0.00965236457813471,1.0,Very low
2405-LBMUW,Oceanside,92057,61,One year,DSL,Bank transfer (automatic),50.7,3088.75,Yes,Yes,No,Yes,No,Yes,0.9890084337281615,0.010991566271838513,1.1,Very low
2408-PSJVE,Chino Hills,91709,44,Month-to-month,DSL,Mailed check,61.9,2924.05,No,Yes,Yes,Yes,No,No,0.970222363708695,0.029777636291304987,3.0,Very low
2410-CIYFZ,Woodland,95776,2,Month-to-month,No,Mailed check,20.4,42.9,No,No,No,No,No,No,0.9528117840893991,0.047188215910600816,4.7,Very low
2418-TPEUN,Topanga,90290,56,Two year,No,Credit card (automatic),19.8,1119.9,No,No,No,No,No,No,0.9964975669412315,0.003502433058768491,0.4,Very low
2419-FSORS,Salinas,93906,72,Two year,Fiber optic,Electronic check,108.4,7719.5,No,Yes,Yes,Yes,Yes,Yes,0.888219314939528,0.11178068506047201,11.2,Low
2424-WVHPL,Redondo Beach,90278,1,Month-to-month,Fiber optic,Electronic check,74.7,74.7,No,No,No,Yes,No,No,0.44314393915259065,0.5568560608474094,55.7,High
2428-HYUNX,San Francisco,94109,44,Two year,No,Credit card (automatic),19.35,847.25,No,No,No,No,No,No,0.9731764297448624,0.026823570255137562,2.7,Very low
2428-ZMCTB,Mountain View,94040,10,Month-to-month,No,Credit card (automatic),19.75,208.25,No,No,No,No,No,No,0.8589906926904515,0.14100930730954853,14.1,Low
2429-AYKKO,Redding,96003,72,Two year,No,Bank transfer (automatic),19.85,1434.1,No,No,No,No,No,No,0.9941777541421817,0.005822245857818288,0.6,Very low
2430-RRYUW,Tecate,91980,66,One year,DSL,Mailed check,54.8,3465.7,Yes,Yes,No,No,No,No,0.9743069089672444,0.02569309103275565,2.6,Very low
2432-TFSMK,Sebastopol,95472,18,One year,Fiber optic,Credit card (automatic),89.6,1633.0,No,No,Yes,No,Yes,No,0.5548663388880303,0.4451336611119697,44.5,Medium
2434-EEVDB,California City,93505,64,Two year,Fiber optic,Credit card (automatic),94.6,5948.7,Yes,No,Yes,No,Yes,No,0.9194228737025727,0.08057712629742728,8.1,Very low
2436-QBZFP,Yreka,96097,22,Month-to-month,DSL,Electronic check,39.2,849.9,No,Yes,No,No,Yes,No,0.846740415638294,0.15325958436170595,15.3,Low
2439-LYPMQ,Milford,96121,38,Month-to-month,Fiber optic,Electronic check,102.6,4009.2,No,Yes,Yes,No,Yes,Yes,0.3252909030365252,0.6747090969634748,67.5,Very high
2439-QKJUL,Saratoga,95070,5,Month-to-month,No,Mailed check,20.25,109.8,No,No,No,No,No,No,0.8155871619876482,0.1844128380123517,18.4,Low
2446-ZKVAF,Stockton,95207,18,Month-to-month,DSL,Credit card (automatic),56.8,1074.65,No,Yes,No,No,No,No,0.6900678891109524,0.3099321108890476,31.0,Medium
2450-ZKEED,Mammoth Lakes,93546,11,One year,DSL,Bank transfer (automatic),53.8,651.55,No,No,Yes,Yes,No,No,0.8940384900666359,0.10596150993336405,10.6,Low
2451-YMUXS,Vista,92084,67,Two year,DSL,Bank transfer (automatic),64.55,4250.1,Yes,Yes,No,Yes,No,No,0.9866945764536167,0.013305423546383296,1.3,Very low
2452-KDRRH,Mi Wuk Village,95346,67,Month-to-month,Fiber optic,Credit card (automatic),101.4,6841.05,No,No,Yes,No,Yes,Yes,0.6998048418697951,0.3001951581302049,30.0,Medium
2452-MRMZF,Inglewood,90303,72,Two year,No,Credit card (automatic),25.7,1937.4,No,No,No,No,No,No,0.9853088793044154,0.014691120695584625,1.5,Very low
2452-SNHFZ,Elk Creek,95939,47,Month-to-month,Fiber optic,Credit card (automatic),75.45,3545.1,Yes,No,No,No,No,No,0.8597309109394395,0.14026908906056043,14.0,Low
2453-SAFNS,Likely,96116,54,One year,DSL,Mailed check,72.1,3886.05,No,Yes,No,Yes,Yes,No,0.9485457170951779,0.05145428290482212,5.1,Very low
2455-USLMV,Redlands,92373,31,Month-to-month,Fiber optic,Credit card (automatic),84.75,2613.4,Yes,No,Yes,No,No,No,0.6449335756864185,0.35506642431358143,35.5,Medium
2458-EOMRE,Mc Farland,93250,11,Month-to-month,DSL,Bank transfer (automatic),64.05,733.95,Yes,No,Yes,No,No,Yes,0.7623235090126871,0.23767649098731294,23.8,Low
2460-NGXBJ,Stockton,95206,11,Month-to-month,Fiber optic,Credit card (automatic),75.2,775.3,No,No,No,No,No,No,0.6976608376256916,0.3023391623743084,30.2,Medium
2465-BLLEU,Salinas,93906,1,Month-to-month,No,Mailed check,19.75,19.75,No,No,No,No,No,No,0.7304233984971216,0.2695766015028785,27.0,Medium
2466-FCCPT,North Fork,93643,20,One year,No,Bank transfer (automatic),19.7,395.6,No,No,No,No,No,No,0.9848571415453736,0.015142858454626382,1.5,Very low
2466-NEJOJ,Bodega,94922,8,Month-to-month,No,Credit card (automatic),19.65,169.75,No,No,No,No,No,No,0.9558944367441622,0.04410556325583779,4.4,Very low
2468-SJFLM,Biggs,95917,1,Month-to-month,Fiber optic,Mailed check,74.3,74.3,No,No,No,Yes,No,No,0.42817698982092756,0.5718230101790724,57.2,High
2469-DTSGX,Somis,93066,72,Two year,Fiber optic,Electronic check,111.65,7943.45,No,Yes,Yes,Yes,Yes,Yes,0.9372356225928822,0.06276437740711782,6.3,Very low
2474-LCNUE,Sunset Beach,90742,23,Month-to-month,DSL,Credit card (automatic),73.65,1642.75,No,No,No,Yes,Yes,Yes,0.5742898061041702,0.42571019389582976,42.6,Medium
2475-MROZF,Murrieta,92562,30,Month-to-month,Fiber optic,Credit card (automatic),95.0,2852.4,Yes,Yes,Yes,Yes,No,No,0.7293856579675001,0.2706143420324999,27.1,Medium
2476-YGEFM,Clovis,93611,29,Month-to-month,Fiber optic,Credit card (automatic),76.0,2215.25,No,No,No,No,No,No,0.5353550077994171,0.46464499220058286,46.5,High
2478-EEWWM,Glenn,95943,59,Month-to-month,DSL,Electronic check,44.3,2666.75,No,No,No,No,Yes,Yes,0.6436735521933316,0.35632644780666844,35.6,Medium
2480-EJWYP,Roseville,95747,58,One year,Fiber optic,Bank transfer (automatic),97.8,5458.8,No,Yes,No,No,Yes,Yes,0.7395660895821952,0.2604339104178048,26.0,Medium
2480-JZOSN,Woody,93287,1,Month-to-month,No,Mailed check,20.65,20.65,No,No,No,No,No,No,0.6743906330819227,0.3256093669180773,32.6,Medium
2480-SQIOB,Woodland Hills,91364,4,Month-to-month,DSL,Electronic check,44.8,169.65,No,No,No,No,No,No,0.8530911426629472,0.14690885733705283,14.7,Low
2481-SBOYW,San Bernardino,92405,61,Two year,No,Credit card (automatic),25.0,1498.35,No,No,No,No,No,No,0.9968593084656926,0.0031406915343074144,0.3,Very low
2483-XSSMZ,Orinda,94563,39,One year,DSL,Electronic check,47.85,1886.4,Yes,No,No,No,No,No,0.9138729975849167,0.08612700241508331,8.6,Very low
2486-WYVVE,Sacramento,95830,31,One year,DSL,Mailed check,79.3,2484.0,No,No,Yes,Yes,Yes,Yes,0.7605365152113494,0.23946348478865062,23.9,Low
2495-KZNFB,La Mesa,91942,33,Month-to-month,Fiber optic,Electronic check,90.65,2989.6,Yes,No,No,No,No,Yes,0.4885446948897887,0.5114553051102113,51.1,High
2495-TTHBQ,La Quinta,92253,4,One year,No,Mailed check,20.4,84.75,No,No,No,No,No,No,0.9696981374430111,0.03030186255698882,3.0,Very low
2498-XLDZR,San Diego,92113,32,Two year,DSL,Mailed check,73.6,2316.85,Yes,Yes,Yes,Yes,No,Yes,0.9922587795481895,0.007741220451810469,0.8,Very low
2499-AJYUA,Benton,93512,72,Two year,Fiber optic,Credit card (automatic),110.8,7882.25,No,Yes,Yes,Yes,Yes,Yes,0.9234123236558772,0.07658767634412277,7.7,Very low
2501-XWWTZ,San Clemente,92673,11,Month-to-month,Fiber optic,Electronic check,70.2,760.05,No,No,No,No,No,No,0.44880010952090943,0.5511998904790906,55.1,High
2504-DSHIH,Thousand Oaks,91360,23,Month-to-month,Fiber optic,Electronic check,86.8,1975.85,No,No,No,No,No,Yes,0.32852601496489164,0.6714739850351084,67.1,Very high
2507-QZPQS,La Mirada,90638,15,Month-to-month,Fiber optic,Electronic check,95.7,1451.1,No,Yes,No,Yes,No,Yes,0.4412107031580491,0.5587892968419509,55.9,High
2509-TFPJU,Torrance,90505,72,Two year,No,Credit card (automatic),25.75,1864.2,No,No,No,No,No,No,0.9897350218804737,0.010264978119526286,1.0,Very low
2511-ALLCS,Temple City,91780,35,Two year,No,Bank transfer (automatic),24.3,821.6,No,No,No,No,No,No,0.992641352617108,0.0073586473828920725,0.7,Very low
2511-MORQY,Torrance,90502,50,One year,DSL,Bank transfer (automatic),54.9,2614.1,No,No,Yes,No,No,No,0.9219988157933331,0.07800118420666688,7.8,Very low
2516-XSJKX,San Juan Bautista,95045,41,Two year,DSL,Electronic check,78.45,3126.45,Yes,Yes,No,Yes,Yes,Yes,0.9897881585353709,0.010211841464629095,1.0,Very low
2519-ERQOJ,Desert Hot Springs,92241,33,Month-to-month,DSL,Electronic check,54.6,1803.7,No,No,Yes,Yes,Yes,Yes,0.5823829135542005,0.4176170864457996,41.8,Medium
2519-LBNQL,Artesia,90701,60,One year,Fiber optic,Electronic check,104.35,6339.45,No,Yes,Yes,No,Yes,Yes,0.6780319721063011,0.321968027893699,32.2,Medium
2519-TWKFS,Blocksburg,95514,25,One year,DSL,Mailed check,55.1,1466.1,No,No,No,Yes,No,No,0.9573225266042793,0.042677473395720644,4.3,Very low
2520-SGTTA,Ben Lomond,95005,0,Two year,No,Mailed check,20.0,0.0,No,No,No,No,No,No,0.981482913352988,0.018517086647012057,1.9,Very low
2521-NPUZR,Santa Maria,93458,70,Two year,Fiber optic,Credit card (automatic),101.0,7085.5,Yes,Yes,Yes,Yes,No,Yes,0.9778222234416493,0.02217777655835079,2.2,Very low
2522-AHJXR,Death Valley,92328,60,Month-to-month,Fiber optic,Bank transfer (automatic),109.45,6572.85,Yes,No,Yes,Yes,Yes,Yes,0.7311606645031016,0.2688393354968984,26.9,Medium
2522-WLNSF,Los Olivos,93441,34,One year,DSL,Bank transfer (automatic),64.2,2106.3,No,No,Yes,Yes,Yes,No,0.9097799569980407,0.09022004300195935,9.0,Very low
2523-EWWZL,Blythe,92225,27,Month-to-month,Fiber optic,Electronic check,76.1,2093.4,No,Yes,No,No,No,No,0.4540963041968876,0.5459036958031124,54.6,High
2525-GVKQU,Santa Margarita,93453,60,Two year,No,Mailed check,20.6,1093.0,No,No,No,No,No,No,0.9905508550360599,0.009449144963940061,0.9,Very low
2530-FMFXO,Irvine,92602,56,Two year,Fiber optic,Electronic check,103.2,5873.75,No,No,Yes,Yes,Yes,Yes,0.954639490741986,0.045360509258014034,4.5,Very low
2533-TIBIX,Oak Run,96069,15,Month-to-month,DSL,Bank transfer (automatic),30.2,469.65,Yes,No,No,No,No,No,0.8835972880009519,0.11640271199904806,11.6,Low
2535-PBCGC,San Diego,92108,70,Two year,DSL,Bank transfer (automatic),64.55,4504.9,Yes,Yes,Yes,Yes,Yes,Yes,0.9788339886662103,0.02116601133378968,2.1,Very low
2538-OIMXF,Cathedral City,92234,1,Month-to-month,DSL,Mailed check,24.7,24.7,No,No,No,No,No,No,0.8508917235045335,0.14910827649546654,14.9,Low
2541-YGPKE,Lemon Cove,93244,42,One year,DSL,Credit card (automatic),63.7,2763.35,Yes,No,No,Yes,No,Yes,0.9903788163586553,0.009621183641344672,1.0,Very low
2542-HYGIQ,Palo Alto,94303,1,Month-to-month,No,Credit card (automatic),19.95,19.95,No,No,No,No,No,No,0.8203274167658391,0.17967258323416094,18.0,Low
2545-EBUPK,Los Angeles,90045,2,Month-to-month,Fiber optic,Electronic check,84.05,186.05,No,No,No,No,No,Yes,0.18554098618595682,0.8144590138140432,81.4,Very high
2545-LXYVJ,Suisun City,94585,72,Two year,No,Bank transfer (automatic),20.7,1492.1,No,No,No,No,No,No,0.9922875567987512,0.007712443201248769,0.8,Very low
2546-KZAAT,San Diego,92119,52,One year,DSL,Mailed check,75.4,3865.45,Yes,Yes,No,No,Yes,Yes,0.9109250874036369,0.08907491259636316,8.9,Very low
2550-AEVRU,Woodland Hills,91364,57,One year,DSL,Electronic check,53.45,3053.0,Yes,Yes,No,No,No,No,0.9915609122886693,0.008439087711330723,0.8,Very low
2550-QHZGP,Calexico,92231,7,One year,No,Mailed check,19.5,128.6,No,No,No,No,No,No,0.9078986984397376,0.09210130156026237,9.2,Very low
2558-BUOZZ,Glendale,91204,47,One year,Fiber optic,Bank transfer (automatic),94.8,4535.85,Yes,Yes,No,No,Yes,No,0.8759306010975956,0.1240693989024044,12.4,Low
2560-PPCHE,Huntington Beach,92649,65,One year,Fiber optic,Bank transfer (automatic),105.05,6744.25,No,Yes,No,Yes,Yes,Yes,0.8721052253269663,0.12789477467303362,12.8,Low
2560-QTSBS,Pomona,91766,72,One year,No,Bank transfer (automatic),23.3,1623.15,No,No,No,No,No,No,0.9946588155122732,0.005341184487726802,0.5,Very low
2560-WBWXF,March Air Reserve Base,92518,68,Two year,No,Bank transfer (automatic),24.15,1498.85,No,No,No,No,No,No,0.9867235517223414,0.01327644827765864,1.3,Very low
2569-WGERO,Landers,92285,72,Two year,No,Bank transfer (automatic),21.15,1419.4,No,No,No,No,No,No,0.9918311118922303,0.008168888107769761,0.8,Very low
2573-GYRUU,San Miguel,93451,48,Month-to-month,Fiber optic,Credit card (automatic),91.05,4370.75,No,No,Yes,No,No,Yes,0.5534369415666374,0.4465630584333626,44.7,Medium
2576-HXMPA,Mckinleyville,95519,1,Month-to-month,No,Credit card (automatic),19.55,19.55,No,No,No,No,No,No,0.8203274167658391,0.17967258323416094,18.0,Low
2577-GVSIL,Lamont,93241,35,One year,DSL,Bank transfer (automatic),73.45,2661.1,No,No,No,Yes,Yes,Yes,0.7972991350806857,0.20270086491931427,20.3,Low
2578-JQPHZ,Bayside,95524,44,Two year,Fiber optic,Bank transfer (automatic),100.1,4378.35,No,No,Yes,Yes,Yes,Yes,0.9149036166665189,0.08509638333348116,8.5,Very low
2580-ASVVY,San Ysidro,92173,37,Two year,DSL,Electronic check,45.4,1593.1,Yes,No,No,Yes,Yes,No,0.923601093787751,0.07639890621224894,7.6,Very low
2580-ATZSQ,San Jose,95123,65,One year,DSL,Bank transfer (automatic),61.35,3874.1,Yes,Yes,Yes,No,No,No,0.9956184759675252,0.004381524032474868,0.4,Very low
2581-VKIRT,Kings Beach,96143,59,One year,DSL,Mailed check,65.5,3801.3,Yes,Yes,No,Yes,No,No,0.9701242423319774,0.02987575766802269,3.0,Very low
2582-FFFZR,Vallejo,94592,22,Month-to-month,DSL,Electronic check,50.6,1073.3,No,No,Yes,No,Yes,Yes,0.41663941141943783,0.5833605885805622,58.3,High
2585-KTFRE,Mendota,93640,1,Month-to-month,DSL,Bank transfer (automatic),70.45,70.45,Yes,Yes,No,Yes,No,Yes,0.9242914806940482,0.07570851930595182,7.6,Very low
2586-CWXVV,Hawaiian Gardens,90716,54,Month-to-month,DSL,Electronic check,30.4,1621.35,No,Yes,No,No,No,No,0.8088071992756631,0.19119280072433686,19.1,Low
2587-EKXTS,San Diego,92116,44,Month-to-month,Fiber optic,Electronic check,111.5,4915.15,Yes,Yes,Yes,No,Yes,Yes,0.5364153658696524,0.4635846341303475,46.4,High
2587-YNLES,Downey,90240,6,Two year,No,Mailed check,20.1,100.35,No,No,No,No,No,No,0.9848159341301553,0.015184065869844625,1.5,Very low
2589-AYCRP,Cedar Glen,92321,50,One year,No,Bank transfer (automatic),19.75,989.05,No,No,No,No,No,No,0.9791176279710225,0.020882372028977483,2.1,Very low
2592-HODOV,Brea,92823,13,One year,No,Credit card (automatic),19.3,259.65,No,No,No,No,No,No,0.9335214208529466,0.06647857914705331,6.6,Very low
2592-YKDIF,North Highlands,95660,1,Month-to-month,No,Mailed check,20.35,20.35,No,No,No,No,No,No,0.7968245159733536,0.20317548402664645,20.3,Low
2595-KIWPV,Tecate,91980,27,Two year,No,Credit card (automatic),19.7,509.3,No,No,No,No,No,No,0.9950297521678394,0.004970247832160656,0.5,Very low
2599-CIPQE,Compton,90220,71,Two year,Fiber optic,Credit card (automatic),109.3,7782.85,Yes,Yes,Yes,Yes,Yes,Yes,0.9942279244419294,0.005772075558070531,0.6,Very low
2599-CZABP,Meridian,95957,14,One year,DSL,Electronic check,44.6,641.25,No,No,No,No,No,No,0.7703383080354407,0.22966169196455927,23.0,Low
2603-HVKCG,Meridian,95957,31,Month-to-month,Fiber optic,Electronic check,101.4,3143.65,No,Yes,Yes,No,Yes,Yes,0.42112980290270075,0.5788701970972993,57.9,High
2604-IJPDU,Encino,91316,20,Month-to-month,Fiber optic,Electronic check,96.55,1901.65,Yes,Yes,No,Yes,Yes,No,0.4985207002044443,0.5014792997955557,50.1,High
2604-XVDAM,Pope Valley,94567,12,Month-to-month,DSL,Bank transfer (automatic),43.8,540.95,No,No,No,No,No,No,0.7459838116998323,0.25401618830016764,25.4,Medium
2606-PKWJB,Little River,95456,40,One year,DSL,Mailed check,40.25,1564.05,Yes,Yes,No,Yes,No,No,0.9898964006621316,0.010103599337868424,1.0,Very low
2607-DHDAK,Bakersfield,93307,72,Two year,No,Credit card (automatic),19.8,1414.65,No,No,No,No,No,No,0.9979227494965466,0.0020772505034534405,0.2,Very low
2607-FBDFF,Tuolumne,95379,1,Month-to-month,DSL,Credit card (automatic),49.0,49.0,No,No,No,Yes,No,No,0.7468257257647037,0.25317427423529626,25.3,Medium
2612-PHGOX,Graton,95444,64,Two year,DSL,Bank transfer (automatic),76.1,4818.8,No,Yes,Yes,Yes,Yes,No,0.9645818663196637,0.03541813368033629,3.5,Very low
2615-YVMYX,Chula Vista,91915,71,Month-to-month,Fiber optic,Electronic check,107.5,7713.55,Yes,Yes,Yes,No,Yes,Yes,0.6789954059188053,0.32100459408119475,32.1,Medium
2616-FLVQC,Point Arena,95468,64,Two year,No,Mailed check,19.55,1240.15,No,No,No,No,No,No,0.9916117846989837,0.00838821530101632,0.8,Very low
2616-UUTFK,Bakersfield,93313,33,Month-to-month,DSL,Bank transfer (automatic),72.75,2447.45,Yes,Yes,Yes,No,Yes,No,0.7298259945692969,0.27017400543070313,27.0,Medium
2621-UDNLU,San Francisco,94107,3,Month-to-month,No,Mailed check,20.85,72.0,No,No,No,No,No,No,0.7596554664459493,0.24034453355405075,24.0,Low
2623-DRYAM,Jamul,91935,70,One year,Fiber optic,Electronic check,101.75,7069.3,No,No,Yes,No,Yes,Yes,0.7330772088225552,0.2669227911774448,26.7,Medium
2625-TRCZQ,Auburn,95602,51,Month-to-month,DSL,Electronic check,49.65,2553.35,No,Yes,No,No,Yes,Yes,0.6091723163810625,0.3908276836189375,39.1,Medium
2626-VEEWG,Sun City,92587,67,Two year,No,Credit card (automatic),19.4,1284.2,No,No,No,No,No,No,0.997543192788606,0.0024568072113940022,0.2,Very low
2632-IVXVF,Kernville,93238,68,Two year,Fiber optic,Credit card (automatic),111.75,7511.3,Yes,No,Yes,Yes,Yes,Yes,0.9901785836443822,0.009821416355617882,1.0,Very low
2632-TACXW,Richmond,94801,62,Two year,No,Bank transfer (automatic),23.65,1416.75,No,No,No,No,No,No,0.9851281472434162,0.014871852756583813,1.5,Very low
2636-SJDOU,Seal Beach,90740,64,One year,Fiber optic,Credit card (automatic),84.3,5289.05,Yes,Yes,No,No,No,No,0.925166870383444,0.07483312961655601,7.5,Very low
2637-FKFSY,Wasco,93280,3,Month-to-month,DSL,Mailed check,46.1,130.15,No,No,No,No,No,No,0.5093706481989175,0.4906293518010824,49.1,High
2639-UGMAZ,Artesia,90701,71,One year,DSL,Electronic check,56.45,3985.35,Yes,Yes,No,No,Yes,Yes,0.9217349748972318,0.07826502510276823,7.8,Very low
2640-LYMOV,Anaheim,92804,2,Month-to-month,No,Mailed check,19.65,38.8,No,No,No,No,No,No,0.7369956384050156,0.2630043615949844,26.3,Medium
2642-MAWLJ,Menlo Park,94025,36,Two year,No,Bank transfer (automatic),20.25,717.95,No,No,No,No,No,No,0.9949333957143058,0.005066604285694165,0.5,Very low
2649-HWLYB,Fresno,93727,65,Two year,DSL,Bank transfer (automatic),76.15,4929.55,Yes,No,Yes,Yes,No,Yes,0.9816427128368919,0.018357287163108162,1.8,Very low
2650-GYRYL,Kerman,93630,33,One year,No,Bank transfer (automatic),19.45,600.25,No,No,No,No,No,No,0.9858318520955401,0.014168147904459829,1.4,Very low
2651-ZCBXV,Burbank,91501,54,Two year,Fiber optic,Credit card (automatic),108.0,5760.65,Yes,Yes,No,Yes,Yes,Yes,0.9258132995464516,0.07418670045354842,7.4,Very low
2654-VBVPB,Newport Beach,92663,1,Month-to-month,No,Bank transfer (automatic),19.9,19.9,No,No,No,No,No,No,0.8123227214604224,0.18767727853957764,18.8,Low
2657-VPXTA,Anza,92539,10,Month-to-month,Fiber optic,Electronic check,88.85,929.45,No,No,No,No,Yes,Yes,0.5497656733414802,0.45023432665851987,45.0,High
2661-GKBTK,Eureka,95503,60,Two year,DSL,Bank transfer (automatic),76.95,4543.95,No,Yes,No,Yes,Yes,Yes,0.9945204706477054,0.005479529352294564,0.5,Very low
2662-NNTDK,Coleville,96107,65,One year,No,Credit card (automatic),24.8,1600.95,No,No,No,No,No,No,0.9828670470277122,0.01713295297228774,1.7,Very low
2664-XJZNO,Oroville,95965,72,Two year,Fiber optic,Credit card (automatic),104.9,7559.55,Yes,No,Yes,Yes,Yes,Yes,0.9911632295396112,0.008836770460388794,0.9,Very low
2665-NPTGL,Sheep Ranch,95250,26,Month-to-month,Fiber optic,Bank transfer (automatic),98.1,2510.7,No,No,Yes,No,Yes,Yes,0.2984042562614534,0.7015957437385466,70.2,Very high
2668-TZSPS,Santa Rosa,95403,1,Month-to-month,No,Mailed check,20.45,20.45,No,No,No,No,No,No,0.7944846682045015,0.20551533179549855,20.6,Low
2669-OIDSD,Long Beach,90810,48,Month-to-month,Fiber optic,Credit card (automatic),100.05,4834.0,No,No,Yes,Yes,Yes,Yes,0.6542756036250015,0.3457243963749985,34.6,Medium
2669-QVCRG,Forest Ranch,95942,41,Month-to-month,Fiber optic,Credit card (automatic),81.3,3190.65,Yes,No,No,No,No,No,0.7138069472927189,0.2861930527072811,28.6,Medium
2672-OJQZP,Stockton,95203,1,Month-to-month,DSL,Mailed check,44.75,44.75,No,No,No,No,No,No,0.6476353254769411,0.35236467452305886,35.2,Medium
2672-TGEFF,Traver,93673,37,Month-to-month,Fiber optic,Electronic check,88.8,3340.55,No,Yes,No,No,Yes,No,0.7575783572905805,0.24242164270941952,24.2,Low
2673-CXQEU,Gardena,90247,56,One year,Fiber optic,Electronic check,110.5,6139.5,Yes,Yes,Yes,No,Yes,Yes,0.8363946024969443,0.16360539750305572,16.4,Low
2673-ZALNP,Mcarthur,96056,7,One year,No,Mailed check,19.9,173.15,No,No,No,No,No,No,0.9090950415297931,0.0909049584702068,9.1,Very low
2674-MIAHT,Blocksburg,95514,4,Month-to-month,Fiber optic,Mailed check,80.3,324.2,No,Yes,No,No,No,No,0.3221037232611712,0.6778962767388288,67.8,Very high
2674-MLXMN,Richmond,94801,71,Month-to-month,Fiber optic,Credit card (automatic),99.65,6951.15,No,Yes,No,No,Yes,Yes,0.7471068985577335,0.2528931014422665,25.3,Medium
2675-DHUTR,Big Pine,93513,58,Month-to-month,Fiber optic,Electronic check,98.9,5780.7,No,Yes,No,No,Yes,Yes,0.4809935478232207,0.5190064521767793,51.9,High
2675-IJRGJ,Oakland,94621,53,Two year,No,Bank transfer (automatic),19.65,978.0,No,No,No,No,No,No,0.9890247642265606,0.01097523577343938,1.1,Very low
2675-OTVVJ,Novato,94945,31,Month-to-month,Fiber optic,Electronic check,89.45,2807.65,Yes,No,No,No,Yes,No,0.4746672189492851,0.5253327810507149,52.5,High
2676-ISHSF,Anderson,96007,1,Month-to-month,No,Mailed check,20.3,20.3,No,No,No,No,No,No,0.7944846682045015,0.20551533179549855,20.6,Low
2676-OXPPQ,Irvine,92612,6,Month-to-month,DSL,Bank transfer (automatic),55.7,335.65,Yes,Yes,No,No,No,No,0.7274068673890197,0.2725931326109802,27.3,Medium
2676-SSLTO,Hawaiian Gardens,90716,49,Two year,DSL,Bank transfer (automatic),66.15,3199.0,No,No,No,Yes,Yes,No,0.95056611075034,0.04943388924965992,4.9,Very low
2680-XKKNJ,Weimar,95736,8,One year,DSL,Bank transfer (automatic),58.2,469.25,Yes,Yes,No,Yes,No,No,0.9233169407837053,0.0766830592162947,7.7,Very low
2682-KEVRP,Woodlake,93286,22,One year,No,Mailed check,20.05,417.0,No,No,No,No,No,No,0.9190753765039221,0.08092462349607785,8.1,Very low
2683-JXWQQ,Visalia,93291,61,Month-to-month,DSL,Bank transfer (automatic),33.6,2117.2,Yes,No,Yes,No,No,No,0.9810916043969055,0.01890839560309449,1.9,Very low
2688-BHGOG,Olancha,93549,9,Month-to-month,Fiber optic,Electronic check,79.55,718.55,No,No,No,No,No,Yes,0.2857143323739777,0.7142856676260223,71.4,Very high
2690-DVRVK,San Diego,92120,5,One year,No,Electronic check,20.55,99.45,No,No,No,No,No,No,0.9639047112338716,0.03609528876612849,3.6,Very low
2692-AQCPF,San Mateo,94403,65,One year,Fiber optic,Credit card (automatic),108.05,7118.9,No,Yes,Yes,Yes,Yes,Yes,0.846750142888854,0.15324985711114608,15.3,Low
2692-BUCFV,Shingle Springs,95682,29,Month-to-month,Fiber optic,Bank transfer (automatic),101.45,2948.6,No,Yes,Yes,No,Yes,Yes,0.4909406325129031,0.5090593674870969,50.9,High
2692-PFYTJ,Hercules,94547,1,Month-to-month,No,Mailed check,25.75,25.75,No,No,No,No,No,No,0.6613443932498799,0.33865560675012013,33.9,Medium
2694-CIUMO,Los Angeles,90033,12,Month-to-month,Fiber optic,Credit card (automatic),79.55,958.25,No,No,No,Yes,No,No,0.4763338668466669,0.5236661331533331,52.4,High
2696-ECXKC,Ione,95640,55,One year,Fiber optic,Mailed check,100.9,5448.6,Yes,No,No,No,Yes,Yes,0.9569926629852586,0.043007337014741374,4.3,Very low
2696-RZVZW,Downey,90242,68,Two year,No,Credit card (automatic),25.05,1629.2,No,No,No,No,No,No,0.9882738797818622,0.011726120218137842,1.2,Very low
2697-NQBPF,Fulton,95439,34,Month-to-month,Fiber optic,Electronic check,105.35,3540.65,No,Yes,No,Yes,Yes,Yes,0.4395713922664408,0.5604286077335592,56.0,High
2700-LUEVA,Oakland,94618,1,Month-to-month,No,Credit card (automatic),20.75,20.75,No,No,No,No,No,No,0.8181964817842037,0.18180351821579635,18.2,Low
2703-AMTUL,Lookout,96054,36,One year,DSL,Mailed check,53.65,1939.35,Yes,Yes,No,No,No,No,0.986850393813612,0.013149606186387996,1.3,Very low
2706-QZIHY,Los Angeles,90005,15,Two year,No,Mailed check,25.2,387.9,No,No,No,No,No,No,0.9250919469395802,0.0749080530604198,7.5,Very low
2709-UQGNP,San Mateo,94401,10,Month-to-month,DSL,Mailed check,51.65,524.5,Yes,No,No,No,No,No,0.7130491205098962,0.2869508794901038,28.7,Medium
2710-WYVXG,Sun Valley,91352,3,Two year,DSL,Mailed check,71.1,213.35,Yes,Yes,No,Yes,No,Yes,0.9256818879109303,0.07431811208906973,7.4,Very low
2712-SYWAY,Creston,93432,1,Month-to-month,No,Electronic check,25.7,25.7,No,No,No,No,No,No,0.5979060891888515,0.4020939108111485,40.2,Medium
2716-GFZOR,Raymond,93653,43,Month-to-month,Fiber optic,Credit card (automatic),86.1,3551.65,Yes,Yes,Yes,No,No,No,0.7599054865117529,0.24009451348824706,24.0,Low
2717-HVIZY,Orleans,95556,8,Month-to-month,No,Mailed check,20.05,163.6,No,No,No,No,No,No,0.9616354668959144,0.03836453310408557,3.8,Very low
2718-YSKCS,Tomales,94971,71,Two year,No,Bank transfer (automatic),19.6,1387.45,No,No,No,No,No,No,0.9977342872871438,0.0022657127128562727,0.2,Very low
2720-FVBQP,Mccloud,96057,6,Month-to-month,DSL,Credit card (automatic),48.95,273.25,No,No,No,No,No,No,0.827497891348399,0.17250210865160093,17.3,Low
2724-FJDYW,Inverness,94937,39,One year,DSL,Bank transfer (automatic),54.85,2191.7,No,No,Yes,Yes,Yes,Yes,0.9743349667222122,0.025665033277787838,2.6,Very low
2725-IWWBA,El Cajon,92020,46,One year,DSL,Mailed check,56.9,2560.1,Yes,No,Yes,Yes,No,No,0.9926237076372094,0.007376292362790534,0.7,Very low
2725-TTRIQ,Menifee,92584,72,Two year,DSL,Bank transfer (automatic),84.2,5986.55,Yes,No,Yes,Yes,Yes,Yes,0.9945285544738187,0.0054714455261812315,0.5,Very low
2729-VNVAP,Vallejo,94590,33,Two year,No,Credit card (automatic),19.8,641.35,No,No,No,No,No,No,0.9946881006094431,0.005311899390556864,0.5,Very low
2731-GJRDG,Corona,92880,32,One year,Fiber optic,Bank transfer (automatic),109.55,3608.0,Yes,No,Yes,Yes,Yes,Yes,0.7484358843551056,0.25156411564489445,25.2,Medium
2732-ISEZX,Pacific Grove,93950,5,Month-to-month,No,Mailed check,20.5,104.3,No,No,No,No,No,No,0.7587285570635947,0.24127144293640532,24.1,Low
2739-CACDQ,La Jolla,92037,17,Month-to-month,Fiber optic,Credit card (automatic),82.65,1470.05,No,No,Yes,No,No,No,0.43420777388907783,0.5657922261109222,56.6,High
2739-CCZMB,Alleghany,95910,5,Month-to-month,No,Credit card (automatic),20.35,122.0,No,No,No,No,No,No,0.9629664690719557,0.03703353092804427,3.7,Very low
2740-JFBOK,Lakewood,90713,10,Month-to-month,No,Electronic check,24.0,226.55,No,No,No,No,No,No,0.664878882759375,0.33512111724062493,33.5,Medium
2740-TVLFN,Manteca,95337,1,Month-to-month,DSL,Electronic check,50.15,50.15,No,No,No,No,No,No,0.40720144370971967,0.5927985562902803,59.3,High
2746-DIJLO,Harbor City,90710,41,One year,DSL,Credit card (automatic),56.3,2364.0,No,Yes,No,No,No,No,0.904686961174905,0.09531303882509504,9.5,Very low
2749-CTKAJ,Long Beach,90813,22,One year,No,Mailed check,20.15,419.9,No,No,No,No,No,No,0.9248249720553087,0.07517502794469136,7.5,Very low
2750-BJLSB,Rancho Santa Fe,92067,47,One year,Fiber optic,Electronic check,103.7,4730.6,Yes,No,Yes,Yes,Yes,Yes,0.8271555966498425,0.17284440335015744,17.3,Low
2753-JMMCV,Paso Robles,93446,65,Two year,DSL,Credit card (automatic),74.2,4805.65,No,Yes,Yes,Yes,No,Yes,0.9758457883433278,0.02415421165667222,2.4,Very low
2754-SDJRD,Somis,93066,8,Month-to-month,Fiber optic,Credit card (automatic),100.15,908.55,No,No,No,Yes,Yes,Yes,0.3083624170992385,0.6916375829007615,69.2,Very high
2758-RNWXS,Oceanside,92054,35,One year,Fiber optic,Electronic check,89.2,3251.3,Yes,No,No,Yes,No,Yes,0.8051259005846685,0.19487409941533154,19.5,Low
2761-XECQW,Glenhaven,95443,8,Month-to-month,DSL,Mailed check,43.35,371.4,No,Yes,Yes,No,No,Yes,0.38774556774616664,0.6122544322538334,61.2,High
2770-NSVDG,San Jose,95124,24,Month-to-month,DSL,Electronic check,29.1,688.0,No,No,Yes,No,No,No,0.585445299357344,0.414554700642656,41.5,Medium
2773-MADBQ,Long Beach,90804,36,Two year,DSL,Mailed check,53.1,1901.25,Yes,Yes,Yes,Yes,No,Yes,0.9431957971990208,0.05680420280097919,5.7,Very low
2773-OVBPK,Orange,92865,67,Two year,Fiber optic,Bank transfer (automatic),111.3,7567.2,No,Yes,Yes,Yes,Yes,Yes,0.9068388879969109,0.09316111200308905,9.3,Very low
2775-SEFEE,Wilmington,90744,0,Two year,DSL,Bank transfer (automatic),61.9,0.0,Yes,Yes,No,Yes,No,No,0.9757259777856696,0.02427402221433041,2.4,Very low
2782-JEEBU,Los Molinos,96055,21,Month-to-month,DSL,Mailed check,36.0,780.15,No,Yes,No,Yes,No,No,0.7042974969189412,0.29570250308105883,29.6,Medium
2782-LFZVW,Costa Mesa,92627,11,Month-to-month,DSL,Mailed check,58.95,601.6,No,No,No,No,No,Yes,0.4954178595416673,0.5045821404583327,50.5,High
2786-GCDPI,Pioneertown,92268,50,Month-to-month,Fiber optic,Electronic check,104.95,5222.35,No,No,Yes,Yes,Yes,Yes,0.5497900336484794,0.45020996635152055,45.0,High
2788-CJQAQ,Winton,95388,13,One year,No,Mailed check,19.45,270.2,No,No,No,No,No,No,0.923443544028033,0.07655645597196703,7.7,Very low
2789-CZANW,Dublin,94568,64,Two year,Fiber optic,Bank transfer (automatic),110.3,6997.3,Yes,Yes,No,Yes,Yes,Yes,0.9891565472509293,0.010843452749070717,1.1,Very low
2789-HQBOU,Bakersfield,93306,3,Month-to-month,Fiber optic,Electronic check,80.35,253.8,No,No,No,No,No,Yes,0.25046187829486666,0.7495381217051333,75.0,Very high
2790-XUYMV,Mount Hamilton,95140,71,One year,Fiber optic,Credit card (automatic),85.45,6028.95,Yes,Yes,No,No,No,No,0.987502507861641,0.012497492138359014,1.2,Very low
2791-SFVEW,Los Angeles,90013,9,Month-to-month,No,Bank transfer (automatic),20.15,238.15,No,No,No,No,No,No,0.8499603941401912,0.15003960585980886,15.0,Low
2792-LSHWX,Fremont,94555,1,Month-to-month,Fiber optic,Mailed check,83.4,83.4,Yes,Yes,No,Yes,No,No,0.5500637667404682,0.44993623325953186,45.0,Medium
2792-VPPET,San Gabriel,91776,3,Month-to-month,No,Electronic check,20.5,76.95,No,No,No,No,No,No,0.6881550199262169,0.31184498007378314,31.2,Medium
2796-NNUFI,Palos Verdes Peninsula,90274,46,Two year,No,Mailed check,19.95,927.1,No,No,No,No,No,No,0.9718848713462397,0.028115128653760358,2.8,Very low
2796-UUZZO,Redding,96002,63,Month-to-month,Fiber optic,Credit card (automatic),80.3,4896.35,No,Yes,Yes,No,No,No,0.9558833661564068,0.04411663384359319,4.4,Very low
2798-NYLMZ,Los Banos,93635,71,Two year,Fiber optic,Credit card (automatic),108.55,7616.0,Yes,No,Yes,Yes,Yes,Yes,0.9384849821181503,0.061515017881849654,6.2,Very low
2799-ARNLO,Bonsall,92003,5,Month-to-month,Fiber optic,Electronic check,69.35,341.6,No,No,No,No,No,No,0.25857334326310577,0.7414266567368942,74.1,Very high
2799-TSLAG,Irvine,92618,65,Two year,No,Bank transfer (automatic),25.3,1748.55,No,No,No,No,No,No,0.996159402779299,0.0038405972207009756,0.4,Very low
2800-QQUSO,Riverside,92505,42,Month-to-month,Fiber optic,Electronic check,100.3,4222.95,No,No,No,Yes,Yes,Yes,0.4797609689384048,0.5202390310615952,52.0,High
2800-VEQXM,Lebec,93243,3,Month-to-month,Fiber optic,Mailed check,74.75,238.1,No,No,Yes,No,No,No,0.3719614886305186,0.6280385113694814,62.8,High
2801-NISEI,Mt Baldy,91759,24,Month-to-month,DSL,Electronic check,54.95,1348.5,Yes,No,No,Yes,No,No,0.858092045744842,0.14190795425515806,14.2,Low
2804-ETQDK,Ventura,93004,66,Two year,No,Mailed check,20.55,1357.1,No,No,No,No,No,No,0.9984364687219573,0.0015635312780426216,0.2,Very low
2805-AUFQN,Traver,93673,25,Two year,No,Credit card (automatic),19.8,475.2,No,No,No,No,No,No,0.9740920158496161,0.025907984150383912,2.6,Very low
2805-EDJPQ,San Diego,92124,56,One year,Fiber optic,Credit card (automatic),99.75,5608.4,No,Yes,Yes,Yes,No,Yes,0.845140199419702,0.15485980058029805,15.5,Low
2806-MLNTI,White Water,92282,52,One year,Fiber optic,Bank transfer (automatic),105.1,5376.4,No,Yes,Yes,No,Yes,Yes,0.6998908118009606,0.3001091881990394,30.0,Medium
2808-CHTDM,Los Angeles,90024,23,Two year,No,Mailed check,25.1,611.45,No,No,No,No,No,No,0.9878980024211663,0.012101997578833724,1.2,Very low
2809-ILCYT,Sequoia National Park,93262,25,One year,No,Mailed check,26.8,733.55,No,No,No,No,No,No,0.8730081665835192,0.12699183341648076,12.7,Low
2809-ZMYOQ,Camptonville,95922,32,Month-to-month,Fiber optic,Electronic check,101.35,3334.9,No,No,Yes,No,Yes,Yes,0.32757057780150667,0.6724294221984933,67.2,Very high
2811-POVEX,Live Oak,95953,23,Month-to-month,Fiber optic,Bank transfer (automatic),88.45,2130.55,No,Yes,Yes,No,No,Yes,0.8026790753465792,0.19732092465342074,19.7,Low
2812-ENYMO,Orick,95555,26,One year,DSL,Credit card (automatic),54.55,1362.85,Yes,No,No,Yes,Yes,Yes,0.8789544710182297,0.12104552898177036,12.1,Low
2812-REYAT,Chilcoot,96105,49,One year,No,Bank transfer (automatic),20.05,923.1,No,No,No,No,No,No,0.9599077273135785,0.04009227268642143,4.0,Very low
2812-SFXMJ,Hat Creek,96040,1,Month-to-month,No,Mailed check,20.05,20.05,No,No,No,No,No,No,0.9512760504361688,0.04872394956383118,4.9,Very low
2817-LVCPP,Sacramento,95822,50,Two year,No,Credit card (automatic),19.4,1023.95,No,No,No,No,No,No,0.9886592138546675,0.011340786145332475,1.1,Very low
2819-GWENI,Hayward,94542,28,One year,No,Mailed check,19.9,543.0,No,No,No,No,No,No,0.9872005979078972,0.01279940209210285,1.3,Very low
2821-WARNZ,Buena Park,90620,49,One year,No,Credit card (automatic),19.45,921.3,No,No,No,No,No,No,0.9958766642069526,0.004123335793047312,0.4,Very low
2823-LKABH,Rancho Mirage,92270,18,Month-to-month,Fiber optic,Bank transfer (automatic),95.05,1679.4,No,No,Yes,Yes,No,Yes,0.45187155182378536,0.5481284481762146,54.8,High
2824-DXNKN,Santa Cruz,95065,72,Two year,DSL,Bank transfer (automatic),71.45,5025.85,Yes,No,Yes,No,Yes,No,0.9941378385704459,0.005862161429554042,0.6,Very low
2824-MYYBN,Bakersfield,93313,37,Month-to-month,Fiber optic,Electronic check,95.25,3314.15,No,No,No,No,Yes,Yes,0.6826810866029394,0.3173189133970606,31.7,Medium
2826-DXLQO,El Cerrito,94530,7,Month-to-month,DSL,Bank transfer (automatic),29.8,220.45,Yes,No,No,No,No,No,0.6158078382817778,0.3841921617182223,38.4,Medium
2826-UWHIS,Sequoia National Park,93262,45,Month-to-month,Fiber optic,Bank transfer (automatic),81.4,3775.85,No,Yes,No,No,No,No,0.6881896649629153,0.3118103350370847,31.2,Medium
2828-SLQPF,San Marino,91108,19,Month-to-month,DSL,Bank transfer (automatic),45.0,865.85,No,No,No,No,No,No,0.7197032927740977,0.2802967072259023,28.0,Medium
2829-HYVZP,Fairfax,94930,29,One year,No,Mailed check,19.8,572.2,No,No,No,No,No,No,0.9354092676161797,0.06459073238382033,6.5,Very low
2830-LEWOA,Jamestown,95327,61,One year,Fiber optic,Credit card (automatic),103.9,6449.15,No,Yes,Yes,Yes,Yes,Yes,0.9797098371967422,0.020290162803257804,2.0,Very low
2831-EBWRN,Altadena,91001,4,Month-to-month,DSL,Electronic check,45.9,199.75,No,No,No,No,No,No,0.5168047215969349,0.48319527840306514,48.3,High
2832-KJCRD,Los Angeles,90071,38,Month-to-month,Fiber optic,Electronic check,103.65,3988.5,No,No,Yes,Yes,Yes,Yes,0.454656162139919,0.545343837860081,54.5,High
2832-SCUCO,Kirkwood,95646,2,Month-to-month,No,Electronic check,19.9,57.4,No,No,No,No,No,No,0.7554069836043813,0.24459301639561865,24.5,Low
2834-JKOOW,Gerber,96035,15,One year,DSL,Mailed check,45.9,693.45,Yes,Yes,Yes,Yes,No,No,0.8964086135483753,0.10359138645162465,10.4,Low
2842-BCQGE,San Diego,92139,43,Month-to-month,Fiber optic,Credit card (automatic),75.35,3161.4,No,No,No,No,No,No,0.6452487788257929,0.3547512211742071,35.5,Medium
2843-CQMEG,San Diego,92120,24,Month-to-month,DSL,Mailed check,49.7,1218.25,No,Yes,No,No,No,No,0.7539505260860687,0.2460494739139313,24.6,Low
2845-KDHVX,Sheridan,95681,64,Two year,DSL,Mailed check,68.3,4378.8,No,Yes,Yes,Yes,No,Yes,0.973049018595767,0.026950981404233052,2.7,Very low
2848-YXSMW,Torrance,90503,72,Two year,No,Credit card (automatic),19.4,1363.25,No,No,No,No,No,No,0.9926856177622978,0.007314382237702202,0.7,Very low
2851-MMUTZ,Tahoe Vista,96148,27,Month-to-month,DSL,Mailed check,56.15,1439.35,No,Yes,No,Yes,No,No,0.8278670346672637,0.17213296533273625,17.2,Low
2851-STERV,Descanso,91916,35,One year,DSL,Electronic check,73.0,2471.25,No,No,Yes,Yes,Yes,Yes,0.8348758055193233,0.16512419448067678,16.5,Low
2853-CWQFQ,Eureka,95503,1,Month-to-month,DSL,Mailed check,59.55,59.55,No,No,No,Yes,No,Yes,0.8729943511043887,0.12700564889561128,12.7,Low
2858-EIMXH,Vallejo,94592,53,One year,Fiber optic,Credit card (automatic),95.85,5016.25,No,No,No,No,Yes,Yes,0.6945959894310738,0.30540401056892613,30.5,Medium
2862-JVEOY,Loma Mar,94021,6,One year,No,Mailed check,19.15,124.4,No,No,No,No,No,No,0.9050469405441318,0.09495305945586822,9.5,Very low
2862-PFNIK,San Leandro,94578,1,Month-to-month,DSL,Electronic check,24.7,24.7,No,No,No,No,No,No,0.7501245205197828,0.2498754794802172,25.0,Low
2863-IMQDR,San Diego,92130,61,Two year,DSL,Electronic check,89.65,5308.7,Yes,Yes,Yes,Yes,Yes,Yes,0.9730839139291438,0.02691608607085614,2.7,Very low
2866-IKBTM,Dana Point,92629,1,Month-to-month,No,Mailed check,19.55,19.55,No,No,No,No,No,No,0.7968245159733536,0.20317548402664645,20.3,Low
2868-LLSKM,Yosemite National Park,95389,68,One year,Fiber optic,Bank transfer (automatic),83.65,5733.4,No,Yes,No,Yes,No,No,0.9804213868022076,0.019578613197792426,2.0,Very low
2874-YXVVA,Herlong,96113,34,Month-to-month,Fiber optic,Electronic check,105.1,3634.8,No,Yes,Yes,Yes,Yes,Yes,0.533114963717239,0.46688503628276107,46.7,High
2876-GZYZC,Cerritos,90703,13,Month-to-month,Fiber optic,Electronic check,85.95,1215.65,No,No,No,No,No,Yes,0.2521392293641087,0.7478607706358913,74.8,Very high
2877-VDUER,Camp Nelson,93208,35,One year,DSL,Mailed check,40.9,1383.6,No,No,No,Yes,Yes,No,0.9671250744902928,0.03287492550970715,3.3,Very low
2878-DHMIN,Sacramento,95833,35,One year,No,Electronic check,19.9,666.0,No,No,No,No,No,No,0.9865338363644697,0.013466163635530326,1.3,Very low
2878-RMWXY,Temecula,92590,72,Two year,Fiber optic,Credit card (automatic),102.65,7550.3,Yes,Yes,Yes,No,No,Yes,0.9426100948981885,0.05738990510181157,5.7,Very low
2880-FPNAE,Van Nuys,91405,2,Month-to-month,Fiber optic,Electronic check,74.2,140.1,No,No,Yes,No,No,No,0.24059601085509064,0.7594039891449094,75.9,Very high
2882-DDZPG,San Carlos,94070,12,Month-to-month,No,Bank transfer (automatic),19.45,227.45,No,No,No,No,No,No,0.8623811214244501,0.13761887857554983,13.8,Low
2882-WDTBA,Willows,95988,69,Two year,DSL,Bank transfer (automatic),75.75,5388.15,Yes,Yes,Yes,Yes,Yes,No,0.9849787666510175,0.015021233348982515,1.5,Very low
2883-ILGWO,Compton,90222,57,Month-to-month,Fiber optic,Bank transfer (automatic),104.9,5913.95,No,Yes,No,Yes,Yes,Yes,0.7068188018550547,0.2931811981449453,29.3,Medium
2885-HIJDH,Tecate,91980,69,Two year,DSL,Bank transfer (automatic),86.9,6194.1,Yes,No,Yes,Yes,Yes,Yes,0.9956913690558082,0.004308630944191806,0.4,Very low
2887-JPYLU,Stinson Beach,94970,41,Month-to-month,DSL,Bank transfer (automatic),45.2,1841.9,No,No,No,No,No,No,0.9752124605717112,0.0247875394282888,2.5,Very low
2888-ADFAO,Palmdale,93551,47,Two year,No,Bank transfer (automatic),21.3,1041.8,No,No,No,No,No,No,0.9950066335092701,0.004993366490729872,0.5,Very low
2890-WFBHU,Salyer,95563,59,One year,DSL,Credit card (automatic),79.85,4786.1,Yes,Yes,Yes,Yes,No,Yes,0.9751227928965902,0.02487720710340978,2.5,Very low
2892-GESUL,San Juan Capistrano,92675,18,Two year,No,Mailed check,19.35,309.25,No,No,No,No,No,No,0.9898077502699507,0.010192249730049311,1.0,Very low
2896-TBNBE,Guadalupe,93434,40,One year,Fiber optic,Electronic check,80.8,3132.75,No,Yes,Yes,No,No,No,0.7937560790374358,0.2062439209625642,20.6,Low
2897-DOVND,Winterhaven,92283,2,Month-to-month,Fiber optic,Electronic check,69.8,146.65,No,No,No,No,No,No,0.2965716019610458,0.7034283980389542,70.3,Very high
2898-MRKPI,Ranchita,92066,68,One year,Fiber optic,Credit card (automatic),101.05,6770.5,No,Yes,No,No,Yes,Yes,0.9552358450261113,0.04476415497388871,4.5,Very low
2900-PHPLN,Vista,92083,70,Two year,No,Credit card (automatic),19.55,1462.05,No,No,No,No,No,No,0.9887969710633705,0.011203028936629533,1.1,Very low
2903-YYTBW,Hemet,92545,1,Month-to-month,DSL,Electronic check,44.55,44.55,No,No,No,No,No,No,0.8399875271760917,0.16001247282390832,16.0,Low
2904-GGUAZ,Potrero,91963,72,Two year,Fiber optic,Bank transfer (automatic),84.05,6052.25,Yes,Yes,No,No,No,No,0.9538487033016816,0.04615129669831846,4.6,Very low
2905-KFQUV,Moss Beach,94038,2,Month-to-month,Fiber optic,Credit card (automatic),70.4,154.8,No,No,No,No,No,No,0.33008687958129435,0.6699131204187057,67.0,Very high
2907-ILJBN,Duarte,91010,11,One year,No,Mailed check,20.6,233.9,No,No,No,No,No,No,0.8960551402368258,0.10394485976317419,10.4,Low
2908-WGAXL,Fullerton,92835,56,Two year,No,Credit card (automatic),24.95,1468.9,No,No,No,No,No,No,0.9950770719564069,0.004922928043593042,0.5,Very low
2908-ZTPNF,Pleasanton,94566,36,Month-to-month,DSL,Bank transfer (automatic),34.85,1267.2,No,Yes,No,Yes,No,No,0.8153930684373069,0.18460693156269314,18.5,Low
2911-IJORQ,Stirling City,95978,37,One year,DSL,Bank transfer (automatic),90.6,3358.65,Yes,Yes,Yes,Yes,Yes,Yes,0.9015841889305546,0.09841581106944543,9.8,Very low
2911-WDXMV,Fontana,92335,18,Month-to-month,Fiber optic,Credit card (automatic),80.55,1406.65,No,No,Yes,No,No,No,0.801545604859681,0.1984543951403191,19.8,Low
2916-BQZLN,Reseda,91335,19,Month-to-month,Fiber optic,Electronic check,84.75,1651.95,Yes,No,Yes,No,No,No,0.4388649655694967,0.5611350344305033,56.1,High
2920-RNCEZ,Lebec,93243,1,Month-to-month,Fiber optic,Credit card (automatic),69.95,69.95,No,No,No,No,No,No,0.7034200656878744,0.2965799343121256,29.7,Medium
2921-XWDJH,Glendale,91202,38,Month-to-month,Fiber optic,Electronic check,83.45,3147.15,Yes,No,No,No,No,Yes,0.5397189361024186,0.4602810638975814,46.0,High
2923-ARZLG,La Verne,91750,0,One year,No,Mailed check,19.7,0.0,No,No,No,No,No,No,0.9540768086026935,0.04592319139730648,4.6,Very low
2924-KHUVI,Orland,95963,56,One year,Fiber optic,Electronic check,100.55,5514.95,Yes,No,No,No,Yes,Yes,0.7056330800943733,0.29436691990562663,29.4,Medium
2925-MXLSX,Chula Vista,91911,30,One year,DSL,Credit card (automatic),68.95,2038.7,No,Yes,Yes,No,Yes,No,0.8333109477059761,0.16668905229402387,16.7,Low
2925-VDZHY,Sonora,95370,72,Two year,DSL,Credit card (automatic),88.7,6501.35,Yes,Yes,Yes,Yes,Yes,Yes,0.9966796019729229,0.0033203980270770637,0.3,Very low
2926-JEJJC,Angelus Oaks,92305,8,One year,No,Bank transfer (automatic),20.2,140.95,No,No,No,No,No,No,0.8888929644044882,0.11110703559551179,11.1,Low
2927-CVULT,Ramona,92065,53,Two year,Fiber optic,Bank transfer (automatic),104.05,5566.4,Yes,Yes,Yes,Yes,No,Yes,0.9836581531187931,0.01634184688120688,1.6,Very low
2927-QRRQV,Scott Bar,96085,46,One year,Fiber optic,Electronic check,94.65,4312.5,No,Yes,Yes,No,Yes,No,0.6368870145794691,0.36311298542053094,36.3,Medium
2928-HLDBA,Cypress,90630,6,Month-to-month,No,Mailed check,20.7,112.75,No,No,No,No,No,No,0.8227020293213475,0.17729797067865252,17.7,Low
2931-FSOHN,Napa,94559,13,Month-to-month,DSL,Electronic check,59.9,788.35,No,Yes,No,No,Yes,No,0.5411158637038771,0.45888413629612296,45.9,High
2931-SVLTV,Vallejo,94589,40,Month-to-month,Fiber optic,Credit card (automatic),110.1,4469.1,Yes,Yes,No,Yes,Yes,Yes,0.8897808736573747,0.11021912634262532,11.0,Low
2931-VUVJN,Murrieta,92562,59,One year,Fiber optic,Electronic check,94.05,5483.9,Yes,Yes,Yes,Yes,No,No,0.879330433321432,0.12066956667856804,12.1,Low
2931-XIQBR,Kelseyville,95451,50,One year,Fiber optic,Mailed check,103.05,5153.5,No,No,Yes,Yes,Yes,Yes,0.9631110981749916,0.03688890182500834,3.7,Very low
2933-XEUJM,Ballico,95303,46,Two year,DSL,Mailed check,79.2,3593.8,Yes,No,Yes,No,Yes,Yes,0.9484853022664278,0.05151469773357219,5.2,Very low
2937-FTHUR,Cedar Glen,92321,18,Month-to-month,DSL,Electronic check,64.8,1166.7,Yes,No,No,No,No,Yes,0.9078851201866871,0.0921148798133129,9.2,Very low
2946-KIQSP,Crescent City,95531,35,Month-to-month,DSL,Mailed check,33.45,1175.85,No,No,Yes,Yes,No,No,0.779931876315504,0.220068123684496,22.0,Low
2954-PIBKO,Los Angeles,90058,69,Two year,DSL,Credit card (automatic),64.15,4254.1,Yes,No,Yes,Yes,No,No,0.9835728352735021,0.016427164726497842,1.6,Very low
2957-JIRMN,Vallejo,94591,62,One year,Fiber optic,Electronic check,84.45,4959.15,No,No,No,No,Yes,No,0.8326423481562277,0.1673576518437723,16.7,Low
2958-NHPPS,Sacramento,95816,23,Month-to-month,No,Electronic check,20.85,473.9,No,No,No,No,No,No,0.8605302206628528,0.13946977933714724,13.9,Low
2959-EEXWB,Pasadena,91105,45,Month-to-month,DSL,Bank transfer (automatic),50.9,2333.85,Yes,No,No,No,Yes,Yes,0.923720771935109,0.07627922806489097,7.6,Very low
2959-FENLU,Los Gatos,95033,9,Month-to-month,Fiber optic,Credit card (automatic),85.3,781.4,No,No,Yes,No,No,Yes,0.3926746149138334,0.6073253850861666,60.7,High
2960-NKRSO,Mad River,95552,24,Month-to-month,Fiber optic,Electronic check,85.95,2107.15,No,Yes,Yes,Yes,No,No,0.5837974459305526,0.41620255406944745,41.6,Medium
2961-VNFKL,Mountain View,94041,71,Two year,No,Credit card (automatic),25.95,1801.9,No,No,No,No,No,No,0.9851391087929521,0.014860891207047904,1.5,Very low
2967-MXRAV,Los Angeles,90003,1,One year,No,Mailed check,18.8,18.8,No,No,No,No,No,No,0.8585567524440344,0.1414432475559656,14.1,Low
2969-QWUBZ,Los Altos,94022,2,Month-to-month,DSL,Electronic check,51.4,96.8,No,Yes,No,No,Yes,Yes,0.3621483760178761,0.6378516239821239,63.8,High
2969-VAPYH,Fresno,93704,67,One year,DSL,Credit card (automatic),60.5,3870.0,Yes,Yes,No,Yes,No,No,0.9892964700667135,0.010703529933286443,1.1,Very low
2969-WGHQO,Bradley,93426,7,One year,DSL,Electronic check,69.45,477.05,Yes,Yes,Yes,No,Yes,No,0.9433912185260064,0.056608781473993605,5.7,Very low
2971-SGAFL,Millbrae,94030,13,Month-to-month,DSL,Electronic check,78.75,995.35,Yes,No,Yes,No,Yes,Yes,0.468519543297784,0.531480456702216,53.1,High
2972-YDYUW,Posey,93260,57,One year,Fiber optic,Electronic check,94.7,5468.95,No,Yes,No,Yes,No,Yes,0.8727212887789059,0.1272787112210941,12.7,Low
2974-GGUXS,Granite Bay,95746,36,Month-to-month,Fiber optic,Credit card (automatic),91.95,3301.05,No,Yes,No,No,Yes,No,0.47225769767167547,0.5277423023283245,52.8,High
2977-CEBSX,Coachella,92236,66,Two year,DSL,Credit card (automatic),90.05,5965.95,Yes,Yes,Yes,Yes,Yes,Yes,0.9786492989207771,0.021350701079222857,2.1,Very low
2978-XXSOG,Doyle,96109,22,Month-to-month,DSL,Mailed check,59.05,1253.5,Yes,No,No,Yes,No,No,0.7895000660476404,0.21049993395235952,21.0,Low
2984-AFWNC,Rough And Ready,95975,3,Month-to-month,Fiber optic,Electronic check,95.4,293.15,No,Yes,No,No,Yes,Yes,0.28709294345660596,0.712907056543394,71.3,Very high
2984-RGEYA,Winnetka,91306,69,Two year,No,Bank transfer (automatic),19.75,1375.4,No,No,No,No,No,No,0.9915963546514667,0.0084036453485333,0.8,Very low
2984-TBYKU,Barstow,92311,72,Two year,Fiber optic,Credit card (automatic),104.9,7732.65,Yes,Yes,Yes,Yes,No,Yes,0.9916383565611812,0.008361643438818863,0.8,Very low
2985-FMWYF,Myers Flat,95554,23,Month-to-month,Fiber optic,Electronic check,93.5,2341.55,No,No,No,No,Yes,Yes,0.2609103952441558,0.7390896047558442,73.9,Very high
2985-JUUBZ,Dulzura,91917,40,Month-to-month,DSL,Electronic check,74.55,3015.75,No,No,Yes,No,Yes,Yes,0.8501251100256001,0.14987488997439993,15.0,Low
2987-BJXIK,Tulare,93274,70,Two year,DSL,Mailed check,84.7,5991.05,Yes,Yes,Yes,No,Yes,Yes,0.978700964359377,0.02129903564062292,2.1,Very low
2988-GBIVW,Knights Landing,95645,70,Month-to-month,Fiber optic,Electronic check,90.85,6470.1,Yes,No,No,No,No,Yes,0.7096749009511724,0.29032509904882764,29.0,Medium
2988-PLAHS,Sierraville,96126,3,One year,DSL,Electronic check,69.95,220.45,No,No,Yes,No,Yes,Yes,0.5609470114336804,0.4390529885663196,43.9,Medium
2988-QRAJY,Santa Rosa,95403,69,Two year,Fiber optic,Credit card (automatic),110.05,7430.75,Yes,Yes,Yes,No,Yes,Yes,0.9377597908130937,0.062240209186906266,6.2,Very low
2990-IAJSV,San Francisco,94110,72,Two year,DSL,Bank transfer (automatic),92.0,6632.75,Yes,Yes,Yes,Yes,Yes,Yes,0.9868038041311719,0.013196195868828104,1.3,Very low
2990-OGYTD,Fullerton,92831,67,Two year,DSL,Bank transfer (automatic),86.15,5883.85,No,Yes,Yes,Yes,Yes,Yes,0.9709447259356091,0.02905527406439091,2.9,Very low
2995-YWTCD,Browns Valley,95918,19,Two year,No,Bank transfer (automatic),24.9,467.7,No,No,No,No,No,No,0.9822045842626221,0.01779541573737788,1.8,Very low
2996-XAUVF,Needles,92363,70,Two year,DSL,Mailed check,40.05,2799.75,No,No,No,Yes,No,Yes,0.9690485771571951,0.030951422842805,3.1,Very low
2999-AANRQ,Sacramento,95833,21,Two year,DSL,Credit card (automatic),71.05,1524.85,Yes,Yes,No,Yes,Yes,No,0.9628667198056917,0.03713328019430829,3.7,Very low
3001-UNBTL,Burbank,91506,29,Month-to-month,Fiber optic,Electronic check,103.95,2964.8,No,No,Yes,No,Yes,Yes,0.6177307018409417,0.3822692981590583,38.2,Medium
3002-WQZWT,Murrieta,92563,29,Month-to-month,Fiber optic,Electronic check,74.2,1993.25,No,No,No,No,No,No,0.42974552027696444,0.5702544797230356,57.0,High
3003-CMDUU,Santa Paula,93060,25,Month-to-month,Fiber optic,Electronic check,95.15,2395.7,No,No,No,Yes,Yes,Yes,0.35901041753130103,0.640989582468699,64.1,High
3005-TYFRD,Tollhouse,93667,55,Month-to-month,Fiber optic,Credit card (automatic),103.65,5676.65,No,Yes,Yes,No,Yes,Yes,0.5752309297700693,0.4247690702299307,42.5,Medium
3007-FDPEA,Crescent City,95531,2,Month-to-month,No,Bank transfer (automatic),20.7,39.85,No,No,No,No,No,No,0.7583055583773182,0.24169444162268186,24.2,Low
3011-WQKSZ,Foresthill,95631,19,Month-to-month,No,Electronic check,20.0,377.55,No,No,No,No,No,No,0.950225747821515,0.04977425217848497,5.0,Very low
3012-VFFMN,Richvale,95974,7,Month-to-month,No,Mailed check,20.65,158.95,No,No,No,No,No,No,0.9480837216519333,0.05191627834806662,5.2,Very low
3014-WJKSM,San Luis Obispo,93401,29,Month-to-month,Fiber optic,Credit card (automatic),75.3,2263.4,No,No,Yes,No,No,No,0.5511646423641219,0.4488353576358781,44.9,Medium
3016-KSVCP,Rancho Palos Verdes,90275,29,Month-to-month,DSL,Mailed check,33.75,1009.25,No,No,No,No,Yes,No,0.6168534455748909,0.3831465544251092,38.3,Medium
3021-VLNRJ,Encino,91436,50,One year,DSL,Credit card (automatic),70.8,3478.15,Yes,No,Yes,Yes,Yes,No,0.9921571665668252,0.007842833433174812,0.8,Very low
3022-BEXHZ,Sonoma,95476,67,Two year,Fiber optic,Bank transfer (automatic),111.2,7530.8,No,Yes,Yes,Yes,Yes,Yes,0.9800640829553711,0.019935917044628933,2.0,Very low
3026-ATZYV,Riverside,92507,37,One year,DSL,Bank transfer (automatic),75.1,2658.8,Yes,Yes,No,No,Yes,Yes,0.9803195307125075,0.0196804692874925,2.0,Very low
3027-YNWZU,San Ramon,94583,64,Two year,No,Credit card (automatic),25.0,1584.8,No,No,No,No,No,No,0.9867963979681874,0.013203602031812603,1.3,Very low
3030-YDNRM,Pasadena,91107,8,Month-to-month,Fiber optic,Electronic check,74.85,572.45,No,No,No,No,No,No,0.26821221710384313,0.7317877828961569,73.2,Very high
3030-ZKIWL,Lake Isabella,93240,1,Month-to-month,No,Mailed check,20.05,20.05,No,No,No,No,No,No,0.7944846682045015,0.20551533179549855,20.6,Low
3038-PQIUY,Dulzura,91917,38,Month-to-month,DSL,Bank transfer (automatic),66.15,2522.4,Yes,Yes,Yes,No,No,No,0.8519255246898702,0.14807447531012988,14.8,Low
3039-MJSLN,Cressey,95312,3,Month-to-month,No,Bank transfer (automatic),20.2,50.6,No,No,No,No,No,No,0.9584142354138713,0.04158576458612869,4.2,Very low
3043-SUDUA,West Sacramento,95605,32,Month-to-month,No,Bank transfer (automatic),19.9,601.55,No,No,No,No,No,No,0.9247008051166947,0.07529919488330526,7.5,Very low
3043-TYBNO,Kneeland,95549,3,Month-to-month,DSL,Mailed check,60.65,196.9,No,No,No,Yes,No,Yes,0.6750065559977048,0.3249934440022953,32.5,Medium
3050-GBUSH,Burlingame,94010,3,Month-to-month,DSL,Credit card (automatic),34.8,113.95,No,No,No,No,Yes,No,0.4244895186769406,0.5755104813230594,57.6,High
3050-RLLXC,Kyburz,95720,56,Two year,DSL,Credit card (automatic),81.25,4620.4,Yes,Yes,Yes,Yes,Yes,No,0.9957076332491108,0.0042923667508891665,0.4,Very low
3055-MJDSB,Planada,95365,9,Month-to-month,DSL,Mailed check,24.6,190.1,No,No,No,No,No,No,0.5053686936048567,0.49463130639514336,49.5,High
3055-OYMSE,Saratoga,95070,53,Month-to-month,Fiber optic,Credit card (automatic),73.8,4003.85,No,Yes,No,No,No,No,0.7983665246473027,0.20163347535269724,20.2,Low
3055-VTCGS,Whittier,90605,63,One year,DSL,Credit card (automatic),58.55,3503.5,No,No,Yes,No,No,Yes,0.9655680231555345,0.03443197684446556,3.4,Very low
3057-VJJQE,Yorba Linda,92886,35,Two year,DSL,Mailed check,55.25,1924.1,Yes,No,No,No,No,No,0.9554595751657118,0.044540424834288175,4.5,Very low
3058-WQDRE,Branscomb,95417,13,Month-to-month,DSL,Bank transfer (automatic),25.15,331.85,No,No,No,No,No,No,0.563319048513073,0.4366809514869269,43.7,Medium
3059-NGMXB,San Jose,95124,14,Month-to-month,DSL,Mailed check,69.2,944.65,Yes,Yes,No,No,No,Yes,0.9034219264942931,0.09657807350570685,9.7,Very low
3061-BCKYI,Thousand Palms,92276,14,Month-to-month,No,Mailed check,19.9,283.75,No,No,No,No,No,No,0.8568644416222577,0.14313555837774225,14.3,Low
3062-ICYZQ,Oak Park,91377,51,Month-to-month,Fiber optic,Electronic check,93.8,4539.35,Yes,Yes,No,No,No,Yes,0.8811438575674072,0.1188561424325928,11.9,Low
3067-SVMTC,Imperial,92251,68,One year,DSL,Bank transfer (automatic),55.9,3848.8,Yes,No,No,Yes,No,No,0.9839584146050779,0.016041585394922033,1.6,Very low
3069-SSVSN,Hilmar,95324,1,One year,DSL,Mailed check,25.85,25.85,No,No,No,No,No,No,0.7019047828565836,0.2980952171434164,29.8,Medium
3070-BDOQC,Sacramento,95827,60,Two year,Fiber optic,Electronic check,99.65,5941.05,No,Yes,Yes,No,Yes,Yes,0.8779157601990085,0.12208423980099144,12.2,Low
3070-FNFZQ,Happy Camp,96039,23,Two year,No,Bank transfer (automatic),20.4,478.75,No,No,No,No,No,No,0.992175890188963,0.007824109811036966,0.8,Very low
3071-MVJCD,Grizzly Flats,95636,72,Two year,DSL,Bank transfer (automatic),82.3,5815.15,Yes,Yes,Yes,Yes,Yes,No,0.9865813894642248,0.013418610535775165,1.3,Very low
3071-VBYPO,Whittier,90604,3,Month-to-month,Fiber optic,Electronic check,89.85,248.4,Yes,Yes,No,No,Yes,No,0.7402367244096038,0.2597632755903962,26.0,Medium
3077-RSNTJ,Long Beach,90807,6,Month-to-month,No,Mailed check,19.7,113.5,No,No,No,No,No,No,0.9464027695630656,0.0535972304369344,5.4,Very low
3078-ZKNTS,Rancho Santa Fe,92091,13,Two year,No,Bank transfer (automatic),19.75,246.7,No,No,No,No,No,No,0.9844938871229578,0.015506112877042134,1.6,Very low
3079-BCHLN,Wishon,93669,47,One year,No,Bank transfer (automatic),19.9,942.95,No,No,No,No,No,No,0.9692127736985593,0.03078722630144066,3.1,Very low
3082-VQXNH,Hat Creek,96040,3,Month-to-month,DSL,Credit card (automatic),29.8,94.4,No,Yes,No,No,No,No,0.5377295400582869,0.46227045994171306,46.2,High
3082-WQRVY,Stockton,95203,14,One year,No,Mailed check,19.65,228.65,No,No,No,No,No,No,0.9019154778758873,0.09808452212411273,9.8,Very low
3082-YVEKW,Yucca Valley,92284,23,Two year,DSL,Bank transfer (automatic),77.15,1759.4,Yes,No,Yes,Yes,Yes,No,0.9785531889631293,0.02144681103687072,2.1,Very low
3084-DOWLE,Citrus Heights,95621,72,Two year,DSL,Bank transfer (automatic),92.0,6474.4,Yes,Yes,Yes,Yes,Yes,Yes,0.9828065191196514,0.017193480880348503,1.7,Very low
3086-RUCRN,Paicines,95043,66,Month-to-month,Fiber optic,Bank transfer (automatic),103.1,6595.0,Yes,Yes,Yes,Yes,No,Yes,0.8695990144550363,0.1304009855449637,13.0,Low
3088-FVYWK,Mc Kittrick,93251,53,Two year,No,Credit card (automatic),25.55,1336.1,No,No,No,No,No,No,0.9961237676502708,0.003876232349729194,0.4,Very low
3088-LHEFH,Pollock Pines,95726,11,Month-to-month,Fiber optic,Bank transfer (automatic),79.0,929.3,Yes,No,No,No,No,No,0.46290951950045367,0.5370904804995463,53.7,High
3090-LETTY,San Diego,92130,2,Month-to-month,DSL,Bank transfer (automatic),60.95,134.6,Yes,Yes,No,No,No,No,0.9227233096737988,0.07727669032620126,7.7,Very low
3090-QFUVD,Reedley,93654,1,Month-to-month,No,Credit card (automatic),20.3,20.3,No,No,No,No,No,No,0.8203274167658391,0.17967258323416094,18.0,Low
3094-JOJAI,Maxwell,95955,18,Month-to-month,Fiber optic,Mailed check,74.15,1387.0,No,No,No,No,No,No,0.49015828236309944,0.5098417176369006,51.0,High
3096-GKWEB,Bakersfield,93306,18,Month-to-month,Fiber optic,Electronic check,94.75,1691.9,No,No,No,No,Yes,Yes,0.18140112931976327,0.8185988706802367,81.9,Very high
3096-WPXBT,Venice,90291,61,One year,Fiber optic,Credit card (automatic),100.7,6018.65,Yes,Yes,Yes,No,No,Yes,0.9711892914606127,0.028810708539387227,2.9,Very low
3096-YXENJ,Danville,94506,65,Two year,Fiber optic,Bank transfer (automatic),107.65,7082.85,No,Yes,Yes,Yes,Yes,Yes,0.9022736497416822,0.09772635025831777,9.8,Very low
3097-FQTVJ,Denair,95316,41,Two year,No,Mailed check,20.0,810.3,No,No,No,No,No,No,0.9822451976569126,0.017754802343087347,1.8,Very low
3097-IDVPU,Los Angeles,90012,19,Month-to-month,DSL,Credit card (automatic),50.1,910.45,No,No,No,No,No,No,0.9126413996420636,0.08735860035793643,8.7,Very low
3097-PYWXL,New Cuyama,93254,4,Month-to-month,No,Electronic check,19.95,82.9,No,No,No,No,No,No,0.8980686898658059,0.10193131013419404,10.2,Low
3099-OONVS,Crockett,94525,25,Month-to-month,DSL,Electronic check,54.3,1296.8,Yes,No,No,Yes,No,No,0.959673366226505,0.04032663377349495,4.0,Very low
3108-PCCGG,Redwood Valley,95470,72,Two year,DSL,Credit card (automatic),84.45,5899.85,Yes,Yes,Yes,No,Yes,Yes,0.9765103513310295,0.023489648668970485,2.3,Very low
3113-IWHLC,Strathmore,93267,5,Month-to-month,DSL,Mailed check,55.8,274.35,Yes,No,Yes,No,No,No,0.681643214439775,0.318356785560225,31.8,Medium
3115-CZMZD,Independence,93526,0,Two year,No,Mailed check,20.25,0.0,No,No,No,No,No,No,0.9321105515933783,0.06788944840662166,6.8,Very low
3115-JPJDD,Ventura,93003,59,One year,Fiber optic,Credit card (automatic),81.25,4639.45,Yes,No,Yes,No,No,No,0.9114769999971409,0.08852300000285908,8.9,Very low
3118-UHVVQ,Calpine,96124,68,Two year,No,Credit card (automatic),25.8,1911.5,No,No,No,No,No,No,0.9884394892333765,0.011560510766623422,1.2,Very low
3120-FAZKD,El Portal,95318,54,Two year,No,Bank transfer (automatic),24.05,1230.9,No,No,No,No,No,No,0.99436917551394,0.005630824486059991,0.6,Very low
3125-RAHBV,Rocklin,95765,22,One year,No,Credit card (automatic),20.3,467.15,No,No,No,No,No,No,0.9500190616419504,0.04998093835804966,5.0,Very low
3126-WQMGH,Yorba Linda,92887,49,Month-to-month,DSL,Credit card (automatic),52.15,2583.75,No,No,No,No,No,No,0.8013953879592695,0.1986046120407306,19.9,Low
3128-YOVTD,Forbestown,95941,51,Month-to-month,Fiber optic,Bank transfer (automatic),79.15,4018.55,Yes,Yes,No,No,No,No,0.9517746814369056,0.048225318563094435,4.8,Very low
3129-AAQOU,Trabuco Canyon,92679,19,Two year,No,Mailed check,25.6,485.9,No,No,No,No,No,No,0.9861790259498218,0.013820974050178262,1.4,Very low
3130-ICDUP,Hercules,94547,2,Month-to-month,Fiber optic,Credit card (automatic),80.55,188.1,Yes,No,No,No,No,No,0.8287599495776041,0.17124005042239585,17.1,Low
3131-NWVFJ,Pioneer,95666,14,One year,No,Mailed check,19.55,294.5,No,No,No,No,No,No,0.9050861184101769,0.09491388158982303,9.5,Very low
3133-PZNSR,Belmont,94002,72,Two year,Fiber optic,Credit card (automatic),97.75,6991.6,Yes,Yes,No,Yes,No,Yes,0.9914768634346035,0.008523136565396482,0.9,Very low
3134-DSHVC,Stockton,95205,63,Two year,Fiber optic,Credit card (automatic),98.0,6218.45,Yes,Yes,Yes,No,Yes,No,0.9587729765607554,0.04122702343924455,4.1,Very low
3137-LUPIX,Yucca Valley,92284,4,Month-to-month,DSL,Mailed check,64.4,253.0,No,No,No,Yes,Yes,No,0.5143423270065532,0.48565767299344675,48.6,High
3137-NYQQI,Palmdale,93550,17,One year,DSL,Mailed check,64.8,1175.6,Yes,Yes,No,No,No,Yes,0.8573437978898704,0.14265620211012967,14.3,Low
3144-KMTWZ,Whittier,90606,71,Month-to-month,Fiber optic,Bank transfer (automatic),93.25,6669.45,No,Yes,Yes,No,No,Yes,0.7434688646087496,0.2565311353912504,25.7,Medium
3146-JTQHR,San Bruno,94066,10,One year,No,Bank transfer (automatic),19.6,189.45,No,No,No,No,No,No,0.9006725545667617,0.09932744543323839,9.9,Very low
3146-MSEGF,Paramount,90723,72,Two year,DSL,Credit card (automatic),88.05,6425.65,Yes,Yes,Yes,Yes,Yes,Yes,0.9763831974725274,0.023616802527472548,2.4,Very low
3148-AOIQT,Sacramento,95837,69,Two year,No,Credit card (automatic),24.95,1718.35,No,No,No,No,No,No,0.9841213017904825,0.015878698209517435,1.6,Very low
3154-CFSZG,Modesto,95351,47,Month-to-month,Fiber optic,Electronic check,90.05,4137.2,Yes,No,Yes,No,No,Yes,0.9215581075891881,0.07844189241081187,7.8,Very low
3154-HMWUU,Winters,95694,60,Two year,No,Bank transfer (automatic),20.5,1198.8,No,No,No,No,No,No,0.9836670299478226,0.01633297005217738,1.6,Very low
3156-QLHBO,San Jose,95136,2,Month-to-month,No,Mailed check,19.25,48.35,No,No,No,No,No,No,0.9528117840893991,0.047188215910600816,4.7,Very low
3160-TYXLT,Palmdale,93552,53,Month-to-month,DSL,Bank transfer (automatic),46.3,2546.85,Yes,Yes,No,No,No,Yes,0.8593550757749355,0.14064492422506442,14.1,Low
3161-GETRM,Soledad,93960,34,Month-to-month,Fiber optic,Credit card (automatic),90.05,3097.0,No,No,Yes,No,No,Yes,0.7998010153584281,0.20019898464157193,20.0,Low
3161-ONRWK,Hydesville,95547,60,One year,DSL,Bank transfer (automatic),65.85,3928.3,Yes,Yes,Yes,Yes,No,No,0.9735063048658913,0.026493695134108704,2.6,Very low
3162-KKZXO,Citrus Heights,95610,55,One year,Fiber optic,Electronic check,100.15,5409.75,No,No,Yes,No,Yes,Yes,0.6828222830273405,0.31717771697265956,31.7,Medium
3162-ZJZFU,Mill Creek,96061,53,Month-to-month,Fiber optic,Electronic check,92.55,4779.45,No,Yes,No,Yes,Yes,No,0.9121876479894467,0.08781235201055325,8.8,Very low
3164-YAXFY,Coulterville,95311,57,Month-to-month,DSL,Electronic check,53.75,3196.0,Yes,No,Yes,No,Yes,Yes,0.7676384178452407,0.23236158215475933,23.2,Low
3166-PNEOF,Walnut Creek,94596,61,Two year,DSL,Credit card (automatic),86.45,5175.3,Yes,No,Yes,Yes,Yes,Yes,0.9802581817655561,0.019741818234443858,2.0,Very low
3167-SNQPL,Pine Valley,91962,38,Month-to-month,Fiber optic,Electronic check,101.15,3741.85,No,Yes,No,No,Yes,Yes,0.7731190779101889,0.22688092208981114,22.7,Low
3170-GWYKC,Vernalis,95385,60,Month-to-month,Fiber optic,Bank transfer (automatic),104.95,6236.75,Yes,No,Yes,Yes,Yes,Yes,0.8375124550091675,0.16248754499083254,16.2,Low
3170-NMYVV,Compton,90222,50,Two year,No,Bank transfer (automatic),20.15,930.9,No,No,No,No,No,No,0.9841950128313739,0.015804987168626123,1.6,Very low
3173-NVMPX,Newport Beach,92663,9,Month-to-month,DSL,Mailed check,55.3,501.2,No,Yes,No,No,No,No,0.8353636749179669,0.16463632508203307,16.5,Low
3173-WSSUE,Canoga Park,91304,71,Two year,No,Credit card (automatic),19.7,1415.85,No,No,No,No,No,No,0.9985148952752007,0.00148510472479938,0.1,Very low
3174-AKMAS,Hume,93628,46,Two year,DSL,Credit card (automatic),64.2,3009.5,No,Yes,No,Yes,Yes,No,0.9564501757206542,0.04354982427934583,4.4,Very low
3174-RKMOW,Glendale,91201,35,Month-to-month,Fiber optic,Electronic check,109.95,3782.4,No,Yes,Yes,Yes,Yes,Yes,0.7588598267267144,0.24114017327328566,24.1,Low
3178-CIFOT,Amador City,95601,23,One year,No,Credit card (automatic),19.65,478.1,No,No,No,No,No,No,0.9332344995939752,0.06676550040602482,6.7,Very low
3179-GBRWV,San Gabriel,91775,21,Month-to-month,DSL,Bank transfer (automatic),64.95,1339.8,Yes,Yes,No,No,No,Yes,0.7140134800946052,0.28598651990539475,28.6,Medium
3181-MIZBN,Jenner,95450,16,Month-to-month,No,Electronic check,19.75,313.4,No,No,No,No,No,No,0.9488569899414233,0.05114301005857673,5.1,Very low
3181-VTHOE,Browns Valley,95918,70,One year,DSL,Bank transfer (automatic),51.05,3635.15,No,Yes,Yes,Yes,No,Yes,0.9437022753799501,0.056297724620049935,5.6,Very low
3186-AJIEK,Apple Valley,92308,66,Two year,Fiber optic,Bank transfer (automatic),105.65,6844.5,Yes,No,Yes,Yes,Yes,Yes,0.9580458478272208,0.041954152172779244,4.2,Very low
3190-FZATL,Lakeside,92040,14,Month-to-month,No,Mailed check,19.95,268.4,No,No,No,No,No,No,0.96798301954362,0.032016980456380004,3.2,Very low
3190-ITQXP,Ceres,95307,46,Two year,No,Bank transfer (automatic),20.25,890.35,No,No,No,No,No,No,0.9963754744289484,0.0036245255710515983,0.4,Very low
3191-CSNMG,Upland,91784,3,Month-to-month,Fiber optic,Electronic check,80.7,239.45,No,No,No,No,Yes,No,0.5573365565367692,0.4426634434632308,44.3,Medium
3192-LNKRK,San Joaquin,93660,34,Month-to-month,Fiber optic,Mailed check,84.05,2909.95,No,No,Yes,No,Yes,No,0.8250047679117,0.1749952320883,17.5,Low
3195-TQDZX,Elk Creek,95939,3,Month-to-month,No,Electronic check,20.25,61.45,No,No,No,No,No,No,0.6881550199262169,0.31184498007378314,31.2,Medium
3196-NVXLZ,Orange Cove,93646,25,Month-to-month,Fiber optic,Mailed check,84.6,2088.05,No,No,No,No,Yes,No,0.39285970278743854,0.6071402972125615,60.7,High
3197-ARFOY,Ontario,91761,19,Month-to-month,Fiber optic,Mailed check,105.0,2007.25,Yes,Yes,No,Yes,Yes,Yes,0.556741543408386,0.443258456591614,44.3,Medium
3197-NNYNB,Jolon,93928,65,Two year,Fiber optic,Credit card (automatic),105.1,6631.85,No,Yes,Yes,No,Yes,Yes,0.9285562798286007,0.07144372017139929,7.1,Very low
3199-NPKCN,Menlo Park,94025,67,One year,Fiber optic,Electronic check,111.25,7511.65,Yes,No,Yes,Yes,Yes,Yes,0.8338923853533433,0.16610761464665663,16.6,Low
3199-XGZCY,Granada Hills,91344,8,Month-to-month,Fiber optic,Electronic check,75.25,576.7,No,No,No,No,No,No,0.2710462787500201,0.7289537212499799,72.9,Very high
3200-MNQTF,Raisin City,93652,67,Two year,DSL,Credit card (automatic),70.9,4677.1,Yes,Yes,Yes,Yes,No,No,0.9887180086135341,0.0112819913864659,1.1,Very low
3205-MXZRA,Standish,96128,26,One year,DSL,Credit card (automatic),59.45,1507.0,No,No,No,Yes,Yes,No,0.9142426278597704,0.08575737214022965,8.6,Very low
3209-ZPKFI,Borrego Springs,92004,47,Month-to-month,DSL,Electronic check,54.25,2538.2,No,Yes,No,No,No,No,0.9512419967695429,0.04875800323045714,4.9,Very low
3211-AAPKX,Woodland,95776,20,Month-to-month,Fiber optic,Mailed check,98.55,2031.95,No,No,No,Yes,Yes,Yes,0.3662059625303977,0.6337940374696023,63.4,High
3212-KXOCR,Inglewood,90302,52,Two year,No,Bank transfer (automatic),21.0,1107.2,No,No,No,No,No,No,0.9886535421756489,0.011346457824351081,1.1,Very low
3213-VVOLG,Sun City,92585,0,Two year,No,Mailed check,25.35,0.0,No,No,No,No,No,No,0.9737658079020478,0.02623419209795224,2.6,Very low
3214-IYUUQ,Pine Grove,95665,61,One year,Fiber optic,Bank transfer (automatic),93.7,5860.7,Yes,Yes,No,Yes,No,Yes,0.945750363427885,0.054249636572114984,5.4,Very low
3219-JQRSL,Monterey Park,91755,72,Two year,DSL,Credit card (automatic),89.1,6352.4,Yes,Yes,Yes,Yes,Yes,Yes,0.9833294081859252,0.01667059181407487,1.7,Very low
3221-CJMSG,Mira Loma,91752,24,Month-to-month,DSL,Credit card (automatic),51.1,1269.6,No,No,No,Yes,No,No,0.8175838481599921,0.18241615184000795,18.2,Low
3223-DWFIO,Forks Of Salmon,96031,4,Month-to-month,Fiber optic,Electronic check,69.35,261.65,No,No,No,No,No,No,0.3862804250997356,0.6137195749002644,61.4,High
3224-DFQNQ,Carmel Valley,93924,66,One year,Fiber optic,Electronic check,89.0,5898.6,Yes,Yes,No,Yes,No,No,0.9295415516110436,0.07045844838895642,7.0,Very low
3227-WLKLI,San Francisco,94112,65,Two year,DSL,Bank transfer (automatic),91.55,5963.95,Yes,Yes,Yes,Yes,Yes,Yes,0.9956354473695501,0.00436455263044985,0.4,Very low
3229-USWAR,San Francisco,94129,34,One year,DSL,Bank transfer (automatic),79.95,2727.3,Yes,No,Yes,Yes,Yes,Yes,0.9139684041006607,0.08603159589933927,8.6,Very low
3230-IUALN,Eureka,95501,45,Two year,DSL,Mailed check,81.0,3533.6,Yes,No,Yes,Yes,Yes,Yes,0.9487417209106439,0.05125827908935612,5.1,Very low
3230-JCNZS,San Francisco,94107,71,Two year,Fiber optic,Credit card (automatic),99.0,7061.65,Yes,Yes,Yes,No,Yes,No,0.9878317737297488,0.012168226270251156,1.2,Very low
3234-VKACU,Sunol,94586,2,Month-to-month,DSL,Electronic check,70.3,132.4,No,No,No,Yes,Yes,Yes,0.5335326570636949,0.46646734293630504,46.6,High
3239-TPHPZ,Chula Vista,91910,12,Two year,No,Electronic check,20.05,264.55,No,No,No,No,No,No,0.8934656872734746,0.10653431272652536,10.7,Low
3243-ZHOHY,Escondido,92025,16,One year,No,Mailed check,20.1,296.15,No,No,No,No,No,No,0.9312077504971346,0.06879224950286549,6.9,Very low
3244-CQPHU,Berkeley,94710,72,Two year,Fiber optic,Bank transfer (automatic),110.1,7746.7,Yes,Yes,No,Yes,Yes,Yes,0.9555796512076803,0.04442034879231973,4.4,Very low
3247-MHJKM,Upland,91784,1,Month-to-month,No,Mailed check,20.2,20.2,No,No,No,No,No,No,0.7944846682045015,0.20551533179549855,20.6,Low
3249-VHRIP,Fiddletown,95629,62,Two year,DSL,Credit card (automatic),43.6,2748.7,No,Yes,Yes,No,No,Yes,0.9582015913341105,0.04179840866588949,4.2,Very low
3251-YMVWZ,San Andreas,95249,53,One year,No,Bank transfer (automatic),24.05,1301.9,No,No,No,No,No,No,0.9732055802931245,0.026794419706875457,2.7,Very low
3253-HKOKL,Elk Grove,95758,52,One year,Fiber optic,Electronic check,100.3,5244.45,Yes,No,Yes,No,Yes,Yes,0.9564836780118983,0.04351632198810172,4.4,Very low
3255-GRXMG,Playa Del Rey,90293,18,Month-to-month,DSL,Credit card (automatic),45.65,747.2,No,No,No,No,No,No,0.9297074939499801,0.07029250605001994,7.0,Very low
3256-EZDBI,Greenville,95947,51,Month-to-month,DSL,Credit card (automatic),29.45,1459.35,No,Yes,No,No,No,No,0.8003569215169781,0.19964307848302187,20.0,Low
3258-SANFR,Big Oak Flat,95305,6,Month-to-month,DSL,Credit card (automatic),44.7,276.5,No,No,No,No,No,No,0.7094043822587962,0.2905956177412038,29.1,Medium
3258-SYSWS,Lakeside,92040,72,Two year,Fiber optic,Bank transfer (automatic),113.8,7845.8,Yes,Yes,Yes,Yes,Yes,Yes,0.9685963139529987,0.03140368604700131,3.1,Very low
3258-ZKPAI,Sacramento,95815,72,Two year,Fiber optic,Bank transfer (automatic),116.6,8337.45,Yes,Yes,Yes,Yes,Yes,Yes,0.9882479674347506,0.011752032565249319,1.2,Very low
3259-KNMRR,Montrose,91020,57,Two year,DSL,Bank transfer (automatic),79.75,4438.2,No,Yes,Yes,No,Yes,Yes,0.9386860960158793,0.06131390398412069,6.1,Very low
3259-QMXUN,Campo Seco,95226,58,Two year,DSL,Electronic check,86.1,4890.5,Yes,Yes,Yes,No,Yes,Yes,0.9240367179940748,0.07596328200592516,7.6,Very low
3261-CQXOL,Concord,94521,71,Two year,No,Bank transfer (automatic),25.45,1813.35,No,No,No,No,No,No,0.9977965347702681,0.0022034652297319482,0.2,Very low
3262-EIDHV,Inglewood,90304,72,Two year,DSL,Credit card (automatic),84.7,5893.9,Yes,No,Yes,Yes,Yes,Yes,0.9963578080571535,0.0036421919428465395,0.4,Very low
3266-FTKHB,Beale Afb,95903,17,Two year,No,Mailed check,19.15,343.45,No,No,No,No,No,No,0.960511014212015,0.039488985787984945,3.9,Very low
3272-VUHPV,Whittier,90602,8,Month-to-month,DSL,Bank transfer (automatic),56.3,401.5,No,Yes,No,Yes,No,No,0.9383038622492835,0.06169613775071643,6.2,Very low
3274-NSDWE,Ivanhoe,93235,68,Two year,No,Credit card (automatic),19.6,1441.65,No,No,No,No,No,No,0.9937782106407933,0.006221789359206684,0.6,Very low
3275-RHRNE,Keeler,93530,28,One year,DSL,Credit card (automatic),60.0,1682.05,No,Yes,Yes,Yes,Yes,Yes,0.9420646301584439,0.05793536984155613,5.8,Very low
3278-FSIXX,Blue Lake,95525,2,Month-to-month,DSL,Mailed check,45.25,74.2,No,No,No,No,No,No,0.5712368932490817,0.42876310675091833,42.9,Medium
3279-DYZQM,Santa Clarita,91350,71,Two year,No,Mailed check,19.45,1378.45,No,No,No,No,No,No,0.9982465053262185,0.001753494673781495,0.2,Very low
3280-MRDOF,Los Angeles,90067,30,Two year,DSL,Credit card (automatic),69.1,2093.9,No,No,Yes,Yes,Yes,No,0.9143526288603037,0.08564737113969635,8.6,Very low
3280-NMUVX,Rio Vista,94571,34,One year,No,Credit card (automatic),19.6,678.8,No,No,No,No,No,No,0.9554454452252423,0.04455455477475769,4.5,Very low
3282-ZISZV,South El Monte,91733,32,One year,DSL,Credit card (automatic),83.7,2633.3,No,Yes,Yes,Yes,Yes,Yes,0.889626759685858,0.11037324031414203,11.0,Low
3283-WCWXT,Los Angeles,90027,6,Two year,No,Mailed check,25.4,153.3,No,No,No,No,No,No,0.9784573963712482,0.021542603628751787,2.2,Very low
3284-SVCRO,Sunol,94586,45,Two year,No,Mailed check,25.5,1121.05,No,No,No,No,No,No,0.9713301152266248,0.028669884773375124,2.9,Very low
3292-PBZEJ,Greenview,96037,11,Month-to-month,Fiber optic,Electronic check,111.4,1183.05,No,Yes,Yes,Yes,Yes,Yes,0.2651643026024745,0.7348356973975255,73.5,Very high
3295-YVUSR,Glendale,91202,2,Month-to-month,Fiber optic,Mailed check,72.6,154.3,No,No,No,No,No,No,0.2778835983529572,0.7221164016470428,72.2,Very high
3298-QEICA,Fountain Valley,92708,23,Two year,DSL,Mailed check,34.6,813.45,Yes,No,No,Yes,No,No,0.9298445098302727,0.07015549016972736,7.0,Very low
3301-LSLWQ,Vallejo,94592,29,Month-to-month,DSL,Electronic check,66.1,1912.15,Yes,No,No,No,No,Yes,0.6644647713228716,0.33553522867712837,33.6,Medium
3301-VKTGC,Huron,93234,68,One year,Fiber optic,Bank transfer (automatic),85.5,5696.6,Yes,Yes,No,No,No,No,0.980777926033857,0.01922207396614298,1.9,Very low
3307-TLCUD,Los Angeles,90001,17,Month-to-month,DSL,Mailed check,34.4,592.75,Yes,No,Yes,No,No,No,0.6793635180947729,0.3206364819052271,32.1,Medium
3308-DGHKL,Linden,95236,69,Two year,No,Bank transfer (automatic),19.3,1447.9,No,No,No,No,No,No,0.9908418426623733,0.009158157337626758,0.9,Very low
3308-JSGML,Shandon,93461,59,Two year,DSL,Credit card (automatic),64.05,3886.85,Yes,No,Yes,Yes,Yes,Yes,0.9533957379297047,0.04660426207029529,4.7,Very low
3308-MHOOC,Scotia,95565,1,Month-to-month,No,Mailed check,19.2,19.2,No,No,No,No,No,No,0.9318989869020213,0.0681010130979787,6.8,Very low
3312-UUMZW,San Jose,95117,32,Month-to-month,Fiber optic,Credit card (automatic),98.85,3145.9,No,Yes,No,No,Yes,Yes,0.3765616580306729,0.6234383419693271,62.3,High
3312-ZWLGF,Acton,93510,29,Month-to-month,Fiber optic,Electronic check,79.3,2414.55,No,No,No,Yes,No,No,0.43368565706802975,0.5663143429319702,56.6,High
3315-IKYZQ,Los Angeles,90035,28,One year,DSL,Mailed check,50.8,1386.8,Yes,No,Yes,Yes,Yes,No,0.9712418982267963,0.02875810177320374,2.9,Very low
3316-UWXUY,Burbank,91502,50,Month-to-month,Fiber optic,Credit card (automatic),93.5,4747.5,Yes,Yes,No,Yes,No,Yes,0.8482275638846064,0.15177243611539365,15.2,Low
3317-VLGQT,Wallace,95254,14,Month-to-month,Fiber optic,Electronic check,78.1,1122.4,No,No,No,No,No,Yes,0.26996981255579144,0.7300301874442086,73.0,Very high
3318-ISQFQ,Newark,94560,20,Month-to-month,No,Bank transfer (automatic),19.5,413.0,No,No,No,No,No,No,0.851817106249568,0.148182893750432,14.8,Low
3318-NMQXL,El Monte,91731,3,Month-to-month,Fiber optic,Electronic check,92.0,266.8,No,No,No,No,Yes,Yes,0.1999586230755901,0.8000413769244099,80.0,Very high
3320-VEOYC,Beverly Hills,90210,14,Month-to-month,Fiber optic,Electronic check,95.6,1273.3,No,No,No,No,Yes,Yes,0.2009500256697424,0.7990499743302576,79.9,Very high
3323-CPBWR,Knights Landing,95645,23,Month-to-month,Fiber optic,Credit card (automatic),96.9,2085.45,No,No,Yes,Yes,Yes,No,0.4974496340004477,0.5025503659995523,50.3,High
3324-OIRTO,Glennville,93226,71,One year,Fiber optic,Bank transfer (automatic),104.65,7288.4,Yes,Yes,Yes,No,Yes,Yes,0.9789144180184144,0.02108558198158562,2.1,Very low
3327-YBAKM,San Diego,92131,64,One year,Fiber optic,Mailed check,96.9,6314.35,Yes,No,No,Yes,Yes,Yes,0.8916466796953705,0.10835332030462955,10.8,Low
3338-CVVEH,Chula Vista,91913,12,Month-to-month,Fiber optic,Electronic check,94.55,1173.55,No,No,No,No,Yes,Yes,0.2553521973551277,0.7446478026448723,74.5,Very high
3339-EAQNV,Palermo,95968,72,One year,Fiber optic,Credit card (automatic),97.25,7133.1,No,Yes,No,No,Yes,Yes,0.8254432762719088,0.1745567237280911,17.5,Low
3340-QBBFM,Petaluma,94954,36,One year,DSL,Credit card (automatic),54.1,1992.85,No,No,Yes,Yes,No,No,0.9374756676641924,0.0625243323358076,6.3,Very low
3345-JHUEO,Windsor,95492,4,Month-to-month,No,Electronic check,20.2,55.7,No,No,No,No,No,No,0.6953279190243886,0.3046720809756113,30.5,Medium
3345-PBBFH,Fowler,93625,8,Month-to-month,DSL,Bank transfer (automatic),49.55,393.45,No,Yes,No,No,No,No,0.5979950850672859,0.4020049149327141,40.2,Medium
3347-YJZZE,Los Osos,93402,29,Month-to-month,DSL,Credit card (automatic),80.1,2211.8,No,Yes,Yes,No,Yes,Yes,0.9048840187800704,0.09511598121992963,9.5,Very low
3349-ANQNH,Del Rey,93616,59,One year,Fiber optic,Electronic check,99.5,5890.0,No,No,Yes,No,Yes,Yes,0.7112228863170119,0.2887771136829881,28.9,Medium
3351-NGXYI,San Diego,92106,16,Month-to-month,DSL,Electronic check,54.1,889.0,Yes,No,No,No,No,No,0.6201242091180066,0.3798757908819934,38.0,Medium
3352-ALMCK,Navarro,95463,40,Month-to-month,Fiber optic,Mailed check,102.65,4108.15,No,Yes,Yes,No,Yes,Yes,0.4788351460001816,0.5211648539998184,52.1,High
3352-RICWQ,Davis,95616,9,Two year,No,Mailed check,19.75,210.65,No,No,No,No,No,No,0.9862534693507278,0.013746530649272252,1.4,Very low
3354-OADJP,Bolinas,94924,8,One year,DSL,Bank transfer (automatic),54.25,447.75,Yes,No,No,Yes,No,No,0.9153728585057805,0.08462714149421952,8.5,Very low
3359-DSRKA,Scott Bar,96085,58,Two year,No,Mailed check,19.85,1158.85,No,No,No,No,No,No,0.9961890746843889,0.0038109253156111446,0.4,Very low
3363-DTIVD,Reseda,91335,71,Two year,Fiber optic,Electronic check,105.55,7405.5,Yes,No,Yes,No,Yes,Yes,0.9809194398913599,0.01908056010864013,1.9,Very low
3363-EWLGO,Freedom,95019,5,Month-to-month,No,Mailed check,19.95,109.6,No,No,No,No,No,No,0.8177418682528526,0.1822581317471474,18.2,Low
3365-SAIGS,Rancho Santa Fe,92067,17,Month-to-month,Fiber optic,Electronic check,83.55,1329.15,No,Yes,No,No,Yes,No,0.3710115772005629,0.6289884227994371,62.9,High
3370-GQEAL,Indio,92201,30,Month-to-month,Fiber optic,Electronic check,85.45,2509.95,No,No,No,No,Yes,No,0.7572692351034419,0.2427307648965581,24.3,Low
3370-HXOPH,Mountain View,94041,3,Month-to-month,Fiber optic,Electronic check,76.1,257.6,No,No,No,No,No,No,0.30957279058747866,0.6904272094125213,69.0,Very high
3372-CDXFJ,San Quentin,94964,13,One year,No,Bank transfer (automatic),24.5,343.6,No,No,No,No,No,No,0.9729652959778428,0.027034704022157272,2.7,Very low
3373-DIUUN,Hinkley,92347,30,Two year,No,Mailed check,21.25,711.9,No,No,No,No,No,No,0.9930715508974173,0.006928449102582672,0.7,Very low
3373-YZZYM,Los Gatos,95030,1,Month-to-month,No,Mailed check,19.2,19.2,No,No,No,No,No,No,0.9363494973740398,0.06365050262596017,6.4,Very low
3374-PZLXD,Blairsden Graeagle,96103,34,Month-to-month,No,Mailed check,19.7,675.6,No,No,No,No,No,No,0.9214547790604622,0.07854522093953778,7.9,Very low
3374-TTZTK,Sun City,92585,52,Two year,Fiber optic,Electronic check,106.3,5487.0,Yes,Yes,Yes,Yes,Yes,Yes,0.8919074890689711,0.10809251093102894,10.8,Low
3378-AJRAO,Garden Grove,92840,44,One year,No,Electronic check,24.85,1013.6,No,No,No,No,No,No,0.9331079668445268,0.0668920331554732,6.7,Very low
3384-CTMSF,Lincoln,95648,47,Month-to-month,Fiber optic,Electronic check,104.1,5135.15,No,Yes,Yes,No,Yes,Yes,0.4001529118987902,0.5998470881012098,60.0,High
3387-PLKUI,San Jose,95119,13,Month-to-month,No,Mailed check,18.8,251.25,No,No,No,No,No,No,0.9571661330824256,0.0428338669175744,4.3,Very low
3389-KTRXV,Ravendale,96123,23,Two year,No,Mailed check,23.85,625.65,No,No,No,No,No,No,0.9878980024211663,0.012101997578833724,1.2,Very low
3391-JSQEW,San Jose,95110,40,Month-to-month,DSL,Mailed check,50.15,2058.5,No,Yes,No,No,No,No,0.7981828100578328,0.20181718994216727,20.2,Low
3392-EHMNK,Thermal,92274,67,Two year,Fiber optic,Credit card (automatic),94.1,6302.8,No,Yes,No,Yes,Yes,No,0.9896984044534891,0.01030159554651093,1.0,Very low
3396-DKDEL,King City,93930,70,Two year,Fiber optic,Credit card (automatic),115.15,8250.0,Yes,Yes,Yes,Yes,Yes,Yes,0.9882538394370874,0.01174616056291255,1.2,Very low
3397-AVTKU,Mount Hamilton,95140,43,Two year,DSL,Electronic check,60.0,2548.55,No,Yes,No,No,No,Yes,0.9256235208817167,0.07437647911828327,7.4,Very low
3398-GCPMU,Fullerton,92833,72,Two year,DSL,Credit card (automatic),89.55,6448.85,Yes,Yes,Yes,Yes,Yes,Yes,0.9763831974725274,0.023616802527472548,2.4,Very low
3399-BMLVW,Whitmore,96096,51,Two year,DSL,Credit card (automatic),60.5,3121.45,Yes,Yes,No,Yes,No,No,0.9860406483539725,0.013959351646027452,1.4,Very low
3401-URHDA,Emigrant Gap,95715,51,One year,DSL,Credit card (automatic),59.9,3043.6,Yes,No,No,Yes,No,No,0.9713826814175814,0.02861731858241855,2.9,Very low
3402-XRIUO,Glendale,91201,22,Month-to-month,DSL,Mailed check,63.55,1381.8,Yes,Yes,No,Yes,No,No,0.7547484919935974,0.24525150800640258,24.5,Low
3404-JNXAX,Ukiah,95482,51,Month-to-month,Fiber optic,Electronic check,80.75,4116.9,No,No,No,Yes,No,No,0.8936967719819042,0.10630322801809577,10.6,Low
3407-JMJQQ,Oakhurst,93644,71,Two year,Fiber optic,Bank transfer (automatic),109.0,7661.8,Yes,Yes,Yes,No,Yes,Yes,0.9833274434458087,0.01667255655419132,1.7,Very low
3407-QGWLG,Roseville,95661,3,Month-to-month,No,Mailed check,20.05,75.45,No,No,No,No,No,No,0.9360466554949318,0.06395334450506814,6.4,Very low
3410-MHHUM,San Francisco,94111,44,One year,Fiber optic,Electronic check,94.4,4295.35,No,Yes,Yes,No,No,Yes,0.9247106492790722,0.07528935072092785,7.5,Very low
3410-YOQBQ,Compton,90221,31,Two year,DSL,Mailed check,79.2,2497.2,No,Yes,Yes,Yes,Yes,Yes,0.9439780524296227,0.056021947570377276,5.6,Very low
3411-WLRSQ,Los Angeles,90038,3,Month-to-month,Fiber optic,Bank transfer (automatic),74.6,239.05,No,Yes,No,No,No,No,0.34472492967175494,0.6552750703282451,65.5,Very high
3413-BMNZE,Los Angeles,90037,1,Month-to-month,DSL,Bank transfer (automatic),45.25,45.25,No,No,No,No,No,No,0.6617050199445931,0.33829498005540687,33.8,Medium
3413-CSSTH,Stevinson,95374,41,Month-to-month,DSL,Bank transfer (automatic),55.7,2237.55,No,No,Yes,No,No,No,0.7958379049018709,0.20416209509812916,20.4,Low
3413-DHLPB,Oceano,93445,60,Month-to-month,Fiber optic,Bank transfer (automatic),103.75,5969.95,No,Yes,No,Yes,Yes,Yes,0.9120790298879534,0.08792097011204654,8.8,Very low
3417-TSCIC,Cloverdale,95425,29,One year,DSL,Mailed check,24.85,788.05,No,No,No,No,No,No,0.80666755279582,0.19333244720418,19.3,Low
3420-YJLQT,Alturas,96101,2,Month-to-month,Fiber optic,Electronic check,79.55,151.75,No,Yes,No,No,No,No,0.3255148501859939,0.6744851498140061,67.4,Very high
3420-ZDBMA,Brea,92821,5,Month-to-month,Fiber optic,Mailed check,71.45,371.6,No,No,No,No,No,No,0.37467953138011934,0.6253204686198807,62.5,High
3422-GALYP,Phillipsville,95559,2,Month-to-month,Fiber optic,Electronic check,79.45,145.15,No,Yes,No,No,No,No,0.25005214299017964,0.7499478570098204,75.0,Very high
3422-WJOYD,Oakland,94618,28,One year,DSL,Mailed check,54.35,1426.45,Yes,No,No,Yes,No,No,0.9344910479015851,0.06550895209841491,6.6,Very low
3423-HHXAO,Littlerock,93543,14,One year,No,Mailed check,19.5,272.0,No,No,No,No,No,No,0.9712269060938736,0.028773093906126423,2.9,Very low
3427-GGZZI,Midpines,95345,19,Month-to-month,Fiber optic,Electronic check,89.1,1620.8,No,Yes,No,No,No,Yes,0.2570735840754208,0.7429264159245792,74.3,Very high
3428-MMGUB,Rio Nido,95471,60,Two year,Fiber optic,Electronic check,89.55,5231.2,No,No,Yes,No,Yes,No,0.8551369970985888,0.1448630029014112,14.5,Low
3429-IFLEM,Hayward,94544,71,Two year,DSL,Credit card (automatic),77.35,5550.1,Yes,Yes,Yes,Yes,Yes,No,0.9930128625875608,0.0069871374124391965,0.7,Very low
3439-GVUSX,Lookout,96054,1,Month-to-month,DSL,Mailed check,24.4,24.4,No,No,No,No,No,No,0.526914019027404,0.4730859809725961,47.3,High
3441-CGZJH,Lost Hills,93249,43,One year,DSL,Credit card (automatic),60.4,2640.55,Yes,No,Yes,Yes,Yes,Yes,0.9725920104336662,0.027407989566333852,2.7,Very low
3442-ZHHCC,Coarsegold,93614,68,One year,DSL,Credit card (automatic),76.9,5023.0,Yes,Yes,Yes,No,No,Yes,0.9632471369052424,0.036752863094757574,3.7,Very low
3446-QDSZF,Homewood,96141,4,Month-to-month,DSL,Credit card (automatic),55.5,227.35,No,No,No,No,Yes,No,0.63903546678962,0.36096453321038,36.1,Medium
3450-WXOAT,Bakersfield,93309,46,Month-to-month,DSL,Credit card (automatic),45.2,2065.15,No,No,No,No,No,No,0.8704171906684085,0.12958280933159153,13.0,Low
3451-VAWLI,North Highlands,95660,35,Two year,No,Credit card (automatic),19.7,730.4,No,No,No,No,No,No,0.9950320067029631,0.004967993297036885,0.5,Very low
3452-ABWRL,San Jose,95132,47,Month-to-month,Fiber optic,Credit card (automatic),86.05,3865.6,No,No,No,No,Yes,No,0.6035783506227927,0.3964216493772073,39.6,Medium
3452-FLHYD,Lucerne,95458,25,One year,No,Bank transfer (automatic),20.95,495.15,No,No,No,No,No,No,0.9132446936076389,0.08675530639236105,8.7,Very low
3452-GWUIN,Raisin City,93652,19,Month-to-month,Fiber optic,Electronic check,94.95,1760.25,No,No,No,No,Yes,Yes,0.18530208458884723,0.8146979154111528,81.5,Very high
3452-SRFEG,La Verne,91750,49,Month-to-month,Fiber optic,Bank transfer (automatic),74.6,3720.35,No,No,No,No,No,No,0.6784511811693916,0.3215488188306084,32.2,Medium
3453-RTHJQ,San Bernardino,92407,6,Month-to-month,Fiber optic,Electronic check,69.1,435.0,No,No,No,No,No,No,0.32538806615891935,0.6746119338410806,67.5,Very high
3454-JFUBC,Pala,92059,68,Two year,No,Credit card (automatic),20.0,1396.0,No,No,No,No,No,No,0.9908216431423236,0.009178356857676448,0.9,Very low
3457-PQBYH,Washington,95986,58,Two year,No,Credit card (automatic),20.3,1160.75,No,No,No,No,No,No,0.9977021233159928,0.00229787668400721,0.2,Very low
3458-IDMFK,Idyllwild,92549,25,Two year,No,Mailed check,20.75,499.4,No,No,No,No,No,No,0.9571050488154849,0.04289495118451519,4.3,Very low
3460-TJBWI,Marshall,94940,24,Two year,No,Mailed check,24.2,609.05,No,No,No,No,No,No,0.9881259772205642,0.011874022779435823,1.2,Very low
3462-BJQQA,Belvedere Tiburon,94920,6,Month-to-month,Fiber optic,Electronic check,89.75,552.65,No,Yes,No,No,Yes,No,0.2244730527482236,0.7755269472517764,77.6,Very high
3466-BYAVD,Long Beach,90802,15,Month-to-month,DSL,Mailed check,69.5,1071.4,No,Yes,Yes,Yes,No,Yes,0.90396754074487,0.09603245925513008,9.6,Very low
3466-RITXD,Twin Bridges,95735,26,Month-to-month,Fiber optic,Credit card (automatic),92.4,2349.8,Yes,Yes,No,No,Yes,No,0.5527464303941014,0.4472535696058985,44.7,Medium
3466-WAESX,Rancho Cucamonga,91701,16,Month-to-month,DSL,Electronic check,69.1,1083.7,Yes,Yes,No,No,No,Yes,0.8763407137182376,0.12365928628176236,12.4,Low
3468-DRVQJ,Los Angeles,90031,10,One year,DSL,Electronic check,70.3,676.15,Yes,Yes,No,No,Yes,No,0.9277795755450653,0.07222042445493472,7.2,Very low
3470-BTGQO,Belmont,94002,21,Month-to-month,DSL,Mailed check,45.65,985.05,No,No,No,No,No,No,0.9471761309002587,0.05282386909974135,5.3,Very low
3470-OBUET,San Jose,95123,67,Two year,DSL,Credit card (automatic),74.0,4868.4,Yes,Yes,No,Yes,Yes,No,0.99697362411487,0.0030263758851299923,0.3,Very low
3472-OAOOR,Mission Hills,91345,19,Month-to-month,DSL,Mailed check,34.95,610.2,Yes,Yes,No,No,No,No,0.8975330638324855,0.10246693616751441,10.2,Low
3472-QPRCH,Sacramento,95826,40,Two year,No,Credit card (automatic),25.25,1006.9,No,No,No,No,No,No,0.9940102231879916,0.005989776812008405,0.6,Very low
3474-BAFSJ,West Hollywood,90069,57,Two year,DSL,Bank transfer (automatic),57.5,3265.95,No,Yes,Yes,Yes,Yes,Yes,0.9345172703141167,0.06548272968588334,6.5,Very low
3481-JHUZH,Forks Of Salmon,96031,41,Month-to-month,Fiber optic,Electronic check,80.25,3439.0,No,Yes,No,No,No,No,0.4826463154731291,0.5173536845268709,51.7,High
3482-ABPKK,Nuevo,92567,28,One year,DSL,Mailed check,54.3,1546.3,Yes,No,No,Yes,No,No,0.9505114384783908,0.04948856152160922,4.9,Very low
3486-HOOGQ,San Jose,95128,70,Two year,DSL,Bank transfer (automatic),79.7,5743.3,Yes,Yes,Yes,Yes,Yes,No,0.9971686774304522,0.002831322569547757,0.3,Very low
3486-KHMLI,Adelanto,92301,21,Month-to-month,No,Mailed check,24.7,467.15,No,No,No,No,No,No,0.964516293283086,0.03548370671691403,3.5,Very low
3486-NPGST,Mill Valley,94941,36,One year,No,Mailed check,19.55,620.75,No,No,No,No,No,No,0.9636727251753623,0.03632727482463766,3.6,Very low
3487-EARAT,Wishon,93669,70,One year,DSL,Credit card (automatic),74.1,5222.3,Yes,Yes,Yes,Yes,No,Yes,0.9836568273614519,0.016343172638548113,1.6,Very low
3489-HHPFY,Amboy,92304,2,Month-to-month,Fiber optic,Electronic check,84.05,134.05,No,No,No,No,Yes,No,0.14621357100263377,0.8537864289973662,85.4,Very high
3489-VSFRD,Willits,95490,56,One year,DSL,Credit card (automatic),60.25,3282.75,Yes,No,Yes,Yes,No,No,0.9761785902878248,0.023821409712175147,2.4,Very low
3496-LFSZU,Anaheim,92801,4,Month-to-month,Fiber optic,Electronic check,70.5,294.2,No,No,No,No,No,No,0.32650198753521154,0.6734980124647885,67.3,Very high
3498-LZGQZ,Walnut Grove,95690,63,Two year,No,Mailed check,19.15,1177.05,No,No,No,No,No,No,0.9967305919889412,0.0032694080110587825,0.3,Very low
3500-NSDOA,Los Angeles,90008,68,Two year,DSL,Credit card (automatic),70.8,4859.95,No,Yes,No,Yes,No,Yes,0.9792211425290225,0.020778857470977546,2.1,Very low
3503-TYDAY,Keene,93531,43,Month-to-month,Fiber optic,Electronic check,80.45,3398.9,No,Yes,No,No,No,No,0.590885977217783,0.409114022782217,40.9,Medium
3506-OVLKD,Wilmington,90744,35,One year,No,Bank transfer (automatic),26.2,954.9,No,No,No,No,No,No,0.9519783007100613,0.04802169928993877,4.8,Very low
3507-GASNP,North Hollywood,91602,60,Two year,No,Mailed check,19.95,1189.9,No,No,No,No,No,No,0.9980874551069453,0.0019125448930547332,0.2,Very low
3508-CFVZL,El Monte,91731,71,Two year,Fiber optic,Mailed check,111.3,7985.9,Yes,Yes,Yes,Yes,Yes,Yes,0.9655451322839711,0.03445486771602888,3.4,Very low
3508-VLHCZ,Lakewood,90715,71,Two year,DSL,Credit card (automatic),90.55,6239.05,Yes,Yes,Yes,Yes,Yes,Yes,0.9951778194223124,0.004822180577687529,0.5,Very low
3509-GWQGF,Ducor,93218,24,Month-to-month,Fiber optic,Credit card (automatic),70.0,1732.6,No,No,No,No,No,No,0.6534781039028539,0.34652189609714606,34.7,Medium
3511-APPBJ,Spring Valley,91977,23,One year,Fiber optic,Credit card (automatic),99.95,2292.75,Yes,No,Yes,No,Yes,Yes,0.6969729643647399,0.3030270356352601,30.3,Medium
3511-BFTJW,Glendora,91740,72,Two year,DSL,Credit card (automatic),38.5,2763.0,Yes,Yes,Yes,No,No,No,0.996923070214721,0.0030769297852789317,0.3,Very low
3518-FSTWG,Paradise,95969,72,Two year,Fiber optic,Bank transfer (automatic),109.55,7920.7,Yes,Yes,Yes,No,Yes,Yes,0.9209254675892148,0.07907453241078524,7.9,Very low
3518-PZXZQ,Castroville,95012,1,Month-to-month,DSL,Mailed check,55.3,55.3,No,No,No,No,Yes,No,0.4206282958585469,0.5793717041414531,57.9,High
3520-FJGCV,San Diego,92120,72,Two year,Fiber optic,Credit card (automatic),112.6,8126.65,Yes,Yes,Yes,Yes,Yes,Yes,0.9888521806826434,0.011147819317356618,1.1,Very low
3521-HTQTV,Hesperia,92345,34,Two year,No,Bank transfer (automatic),26.1,980.35,No,No,No,No,No,No,0.9712530065861532,0.028746993413846803,2.9,Very low
3521-MNKLV,Nubieber,96068,24,Month-to-month,DSL,Mailed check,49.7,1167.8,No,No,Yes,No,No,No,0.7372784888104733,0.2627215111895267,26.3,Medium
3522-CDKHF,Stockton,95210,32,Month-to-month,Fiber optic,Bank transfer (automatic),75.5,2324.7,Yes,No,No,No,No,No,0.6494485855959091,0.3505514144040909,35.1,Medium
3523-BRGUW,Los Altos,94022,26,One year,No,Credit card (automatic),19.3,504.2,No,No,No,No,No,No,0.9551018391299377,0.04489816087006231,4.5,Very low
3524-WQDSG,Corte Madera,94925,43,Month-to-month,Fiber optic,Bank transfer (automatic),99.3,4209.95,No,No,Yes,No,Yes,Yes,0.7954999718488758,0.20450002815112425,20.5,Low
3525-DVKFN,Felton,95018,17,Two year,No,Mailed check,19.4,358.05,No,No,No,No,No,No,0.9610532699163078,0.03894673008369218,3.9,Very low
3528-HFRIQ,Los Angeles,90068,71,Month-to-month,DSL,Bank transfer (automatic),52.3,3765.05,No,Yes,Yes,No,Yes,Yes,0.8131640368095016,0.18683596319049842,18.7,Low
3530-CRZSB,Malibu,90263,7,Month-to-month,No,Mailed check,20.65,155.9,No,No,No,No,No,No,0.8275556661567953,0.17244433384320462,17.2,Low
3530-VWVGU,Manteca,95337,22,Month-to-month,No,Mailed check,19.9,400.3,No,No,No,No,No,No,0.9679971480534804,0.0320028519465196,3.2,Very low
3533-UVMOM,Markleeville,96120,68,Two year,DSL,Bank transfer (automatic),70.95,4741.45,Yes,Yes,Yes,No,No,Yes,0.9851343645043009,0.014865635495699093,1.5,Very low
3537-HPKQT,Mentone,92359,55,Month-to-month,Fiber optic,Credit card (automatic),77.75,4266.4,No,Yes,No,No,No,No,0.6985597265877768,0.30144027341222324,30.1,Medium
3537-RYBHH,Northridge,91324,47,Month-to-month,DSL,Credit card (automatic),67.45,3252.0,Yes,Yes,Yes,No,No,No,0.8582589345569244,0.14174106544307566,14.2,Low
3541-ZNUHK,La Crescenta,91214,55,Month-to-month,Fiber optic,Electronic check,85.1,4600.95,Yes,Yes,No,No,No,No,0.9171301407747826,0.08286985922521742,8.3,Very low
3544-FBCAS,Philo,95466,72,Two year,DSL,Credit card (automatic),83.6,5959.3,Yes,Yes,Yes,No,Yes,Yes,0.9934898004607766,0.006510199539223389,0.7,Very low
3545-CNWRG,Santa Monica,90402,49,Month-to-month,Fiber optic,Electronic check,98.35,4889.2,No,Yes,No,No,Yes,Yes,0.7819405145898759,0.21805948541012415,21.8,Low
3546-GHEAE,Blythe,92225,7,Two year,No,Mailed check,19.45,165.35,No,No,No,No,No,No,0.9455790272912137,0.054420972708786285,5.4,Very low
3547-LQRIK,San Gregorio,94074,47,One year,No,Electronic check,26.9,1250.85,No,No,No,No,No,No,0.9399557576134194,0.06004424238658052,6.0,Very low
3549-ZTMNH,San Mateo,94402,12,Two year,No,Bank transfer (automatic),24.0,269.65,No,No,No,No,No,No,0.9772680670130096,0.022731932986990395,2.3,Very low
3551-GAEGL,Oakhurst,93644,34,One year,DSL,Bank transfer (automatic),30.4,938.65,Yes,No,No,No,No,No,0.8943789142967374,0.10562108570326252,10.6,Low
3552-CTCYF,San Bernardino,92411,63,Two year,Fiber optic,Bank transfer (automatic),104.8,6597.25,No,Yes,Yes,No,Yes,Yes,0.9684784734971893,0.031521526502810746,3.2,Very low
3556-BVQGL,Sutter Creek,95685,20,One year,No,Mailed check,20.0,416.45,No,No,No,No,No,No,0.8910485294518816,0.10895147054811835,10.9,Low
3557-HTYWR,Los Angeles,90043,47,Two year,DSL,Mailed check,74.05,3496.3,Yes,Yes,No,Yes,No,Yes,0.9749239278831264,0.025076072116873523,2.5,Very low
3563-SVYLG,Nipton,92364,68,Two year,DSL,Credit card (automatic),62.65,4375.8,Yes,Yes,Yes,Yes,No,No,0.9984503473742241,0.0015496526257759186,0.2,Very low
3566-CAAYU,Cayucos,93430,64,Two year,DSL,Electronic check,49.85,3210.35,No,Yes,Yes,Yes,No,Yes,0.9918554148812756,0.008144585118724363,0.8,Very low
3566-HJGPK,Woodland Hills,91367,1,Month-to-month,DSL,Mailed check,45.55,45.55,No,No,No,No,No,No,0.5594347865190121,0.4405652134809878,44.1,Medium
3566-VVORZ,Westlake Village,91361,12,Month-to-month,DSL,Bank transfer (automatic),45.9,505.95,No,No,No,No,No,No,0.6887439891162919,0.3112560108837082,31.1,Medium
3567-PQTSO,Junction City,96048,53,One year,Fiber optic,Electronic check,105.25,5576.3,No,Yes,Yes,No,Yes,Yes,0.8957344721773065,0.10426552782269348,10.4,Low
3569-EDBPQ,Pine Grove,95665,24,Month-to-month,Fiber optic,Electronic check,84.35,1938.05,Yes,No,No,Yes,No,No,0.5629167972349343,0.43708320276506574,43.7,Medium
3569-JFODW,Del Mar,92014,72,Two year,DSL,Credit card (automatic),90.95,6652.45,Yes,Yes,Yes,Yes,Yes,Yes,0.996726889544401,0.0032731104555989658,0.3,Very low
3569-VLDHH,Sacramento,95824,66,One year,DSL,Electronic check,75.1,5013.0,Yes,Yes,Yes,Yes,Yes,No,0.9915385779404944,0.008461422059505602,0.8,Very low
3570-YUEKJ,Fresno,93725,42,Month-to-month,DSL,Electronic check,49.55,2077.95,No,Yes,No,No,No,No,0.8126245611852426,0.18737543881475738,18.7,Low
3571-DPYUH,Temecula,92592,58,One year,Fiber optic,Credit card (automatic),94.7,5430.35,No,Yes,No,Yes,Yes,No,0.9653016491289771,0.034698350871022875,3.5,Very low
3572-UOLYZ,San Jose,95118,46,Month-to-month,Fiber optic,Bank transfer (automatic),84.8,3958.85,No,No,Yes,Yes,No,No,0.9330410666066022,0.06695893339339773,6.7,Very low
3572-UUHRS,Castro Valley,94546,45,One year,No,Bank transfer (automatic),18.85,867.3,No,No,No,No,No,No,0.9750388612736695,0.02496113872633054,2.5,Very low
3577-AMVUX,Big Bear City,92314,1,Month-to-month,DSL,Mailed check,55.05,55.05,No,No,Yes,Yes,No,No,0.7209227062307463,0.2790772937692537,27.9,Medium
3580-GICBM,Clovis,93611,61,Two year,No,Mailed check,24.2,1445.2,No,No,No,No,No,No,0.9951557734426946,0.0048442265573054154,0.5,Very low
3580-HYCSP,Midway City,92655,72,Two year,Fiber optic,Bank transfer (automatic),110.3,7966.9,Yes,Yes,Yes,No,Yes,Yes,0.9836400916111782,0.016359908388821807,1.6,Very low
3583-KRKMD,San Diego,92115,18,Month-to-month,Fiber optic,Bank transfer (automatic),75.9,1373.05,No,No,No,Yes,No,No,0.5941599335636574,0.4058400664363427,40.6,Medium
3584-WKTTW,Weed,96094,51,One year,Fiber optic,Electronic check,111.55,5720.35,Yes,No,Yes,Yes,Yes,Yes,0.7428517749833765,0.2571482250166235,25.7,Medium
3585-YNADK,Berkeley,94707,57,One year,DSL,Bank transfer (automatic),74.6,4368.95,No,Yes,Yes,Yes,Yes,No,0.9464439113230093,0.053556088676990646,5.4,Very low
3587-PMCOY,Placerville,95667,10,One year,Fiber optic,Electronic check,98.9,1064.95,Yes,No,Yes,No,Yes,Yes,0.4927665356632486,0.5072334643367514,50.7,High
3588-WSTTJ,Los Angeles,90077,35,Month-to-month,Fiber optic,Electronic check,99.05,3554.6,Yes,No,No,No,Yes,Yes,0.4277761676869679,0.5722238323130321,57.2,High
3589-PPVKW,Pomona,91766,9,Month-to-month,DSL,Mailed check,44.4,348.15,No,No,No,No,No,No,0.6243340217109726,0.37566597828902737,37.6,Medium
3590-TCXTB,Cerritos,90703,1,Month-to-month,No,Mailed check,20.35,20.35,No,No,No,No,No,No,0.7944846682045015,0.20551533179549855,20.6,Low
3594-BDSOA,Novato,94947,24,One year,No,Credit card (automatic),20.4,482.8,No,No,No,No,No,No,0.9395428652438138,0.060457134756186234,6.0,Very low
3594-IVHJZ,French Gulch,96033,2,Month-to-month,No,Mailed check,20.45,42.45,No,No,No,No,No,No,0.7397756311390775,0.2602243688609225,26.0,Medium
3594-KADLU,Witter Springs,95493,3,Month-to-month,DSL,Mailed check,35.1,101.1,Yes,No,No,Yes,No,No,0.644759652662142,0.35524034733785803,35.5,Medium
3597-MVHJT,Brawley,92227,27,Month-to-month,Fiber optic,Bank transfer (automatic),95.6,2595.25,No,No,No,No,Yes,Yes,0.36922770402318694,0.6307722959768131,63.1,High
3597-YASZG,Tustin,92782,70,Two year,Fiber optic,Bank transfer (automatic),104.45,7349.35,No,Yes,No,Yes,Yes,Yes,0.9129083679042739,0.08709163209572608,8.7,Very low
3604-WLABM,San Diego,92104,10,Month-to-month,DSL,Electronic check,54.25,583.0,No,No,Yes,Yes,No,No,0.7298078124220586,0.27019218757794145,27.0,Medium
3605-JISKB,Twentynine Palms,92278,55,One year,DSL,Credit card (automatic),60.0,3316.1,Yes,Yes,No,No,No,No,0.9579514175153778,0.04204858248462221,4.2,Very low
3606-SBKRY,Linden,95236,31,One year,DSL,Electronic check,50.05,1523.4,No,No,Yes,No,Yes,Yes,0.6650795646372094,0.33492043536279065,33.5,Medium
3612-YUNGG,Burbank,91502,64,Two year,Fiber optic,Credit card (automatic),109.2,6741.15,No,Yes,Yes,Yes,Yes,Yes,0.9791140154642172,0.020885984535782852,2.1,Very low
3612-YVGSJ,La Honda,94020,71,Two year,No,Credit card (automatic),24.45,1681.6,No,No,No,No,No,No,0.9851391087929521,0.014860891207047904,1.5,Very low
3617-XLSGQ,Modesto,95355,66,Two year,Fiber optic,Bank transfer (automatic),109.25,7082.5,Yes,Yes,Yes,No,Yes,Yes,0.9861343972003477,0.013865602799652306,1.4,Very low
3620-EHIMZ,Menifee,92584,52,Two year,No,Mailed check,19.35,1031.7,No,No,No,No,No,No,0.9967298008706589,0.0032701991293410926,0.3,Very low
3620-MWJNE,Homeland,92548,2,Month-to-month,DSL,Mailed check,54.45,87.3,Yes,No,No,Yes,No,No,0.7264338007788215,0.27356619922117853,27.4,Medium
3621-CHYVB,Soquel,95073,57,Month-to-month,DSL,Bank transfer (automatic),49.9,2782.4,Yes,No,Yes,Yes,No,Yes,0.8725170418860587,0.12748295811394125,12.7,Low
3623-FQBOX,Los Angeles,90065,21,Month-to-month,No,Mailed check,19.95,416.4,No,No,No,No,No,No,0.8415175987400416,0.15848240125995838,15.8,Low
3629-WEAAM,Forbestown,95941,8,Month-to-month,DSL,Mailed check,64.1,504.05,No,No,Yes,Yes,No,Yes,0.7176427862857798,0.2823572137142202,28.2,Medium
3629-ZNKXA,Seiad Valley,96086,17,Month-to-month,Fiber optic,Electronic check,101.8,1752.45,No,Yes,Yes,No,Yes,Yes,0.3076627863221225,0.6923372136778775,69.2,Very high
3633-CDBUW,Midpines,95345,17,One year,DSL,Electronic check,80.85,1445.95,No,Yes,Yes,Yes,Yes,Yes,0.9576748692634566,0.04232513073654338,4.2,Very low
3635-JBPSG,Van Nuys,91406,15,Two year,DSL,Mailed check,38.8,603.0,No,Yes,No,No,No,Yes,0.7989660180834608,0.20103398191653926,20.1,Low
3635-QQRQD,Westmorland,92281,62,Two year,No,Credit card (automatic),20.05,1201.65,No,No,No,No,No,No,0.9890328856827235,0.010967114317276469,1.1,Very low
3638-DIMPH,Wilseyville,95257,13,One year,DSL,Electronic check,43.8,592.65,No,No,No,No,No,No,0.7669152615455176,0.23308473845448238,23.3,Low
3638-VBZTA,Baldwin Park,91706,68,Two year,DSL,Bank transfer (automatic),86.5,5882.75,Yes,Yes,No,Yes,Yes,Yes,0.9782316785051393,0.021768321494860694,2.2,Very low
3638-WEABW,Los Angeles,90025,58,Two year,DSL,Credit card (automatic),59.9,3505.1,No,Yes,No,Yes,No,No,0.9689774931932741,0.031022506806725896,3.1,Very low
3639-XJHKQ,San Jose,95135,19,Month-to-month,DSL,Electronic check,60.6,1297.8,Yes,Yes,Yes,No,No,No,0.9370745402398253,0.06292545976017475,6.3,Very low
3640-JQGJG,Pasadena,91101,13,Month-to-month,DSL,Bank transfer (automatic),44.8,559.2,No,No,No,No,No,No,0.9193065809553612,0.08069341904463881,8.1,Very low
3642-BYHDO,Downey,90240,71,Two year,No,Bank transfer (automatic),19.9,1389.35,No,No,No,No,No,No,0.998433572788873,0.001566427211126942,0.2,Very low
3642-GKTCT,Oceanside,92057,61,One year,Fiber optic,Mailed check,115.1,6993.65,Yes,Yes,Yes,Yes,Yes,Yes,0.8883940829736573,0.1116059170263427,11.2,Low
3644-QXEHN,Smartville,95977,13,Month-to-month,Fiber optic,Electronic check,97.0,1334.45,No,No,Yes,No,Yes,Yes,0.6594726158466367,0.34052738415336326,34.1,Medium
3645-DEYGF,Northridge,91325,1,Month-to-month,No,Mailed check,20.75,20.75,No,No,No,No,No,No,0.9512760504361688,0.04872394956383118,4.9,Very low
3646-ITDGM,Sacramento,95822,56,Two year,No,Bank transfer (automatic),19.7,1051.9,No,No,No,No,No,No,0.9902083755940757,0.009791624405924257,1.0,Very low
3648-GZPHF,San Marcos,92069,32,One year,DSL,Mailed check,36.25,1151.05,No,No,Yes,Yes,No,No,0.9616022136576919,0.038397786342308046,3.8,Very low
3649-JPUGY,San Bernardino,92407,72,Two year,DSL,Bank transfer (automatic),88.6,6201.95,No,Yes,Yes,Yes,Yes,Yes,0.973156646487244,0.02684335351275602,2.7,Very low
3653-NCRDJ,Sacramento,95821,43,One year,No,Mailed check,19.2,776.25,No,No,No,No,No,No,0.9887966500204229,0.011203349979577053,1.1,Very low
3654-ARMGP,Los Angeles,90064,61,Two year,DSL,Credit card (automatic),88.65,5321.25,No,Yes,Yes,Yes,Yes,Yes,0.9745107211193026,0.025489278880697363,2.5,Very low
3655-SNQYZ,Los Angeles,90017,69,Two year,Fiber optic,Credit card (automatic),113.25,7895.15,Yes,Yes,Yes,Yes,Yes,Yes,0.9583021795183918,0.041697820481608215,4.2,Very low
3657-COGMW,San Luis Obispo,93405,52,Month-to-month,Fiber optic,Credit card (automatic),108.1,5839.3,Yes,Yes,Yes,No,Yes,Yes,0.7662752877965565,0.23372471220344349,23.4,Low
3658-QQJYD,Santa Monica,90401,62,One year,DSL,Credit card (automatic),74.3,4698.05,Yes,Yes,No,No,Yes,Yes,0.9567453978988926,0.04325460210110747,4.3,Very low
3662-FXJFO,Redondo Beach,90278,54,Two year,No,Mailed check,20.5,1035.7,No,No,No,No,No,No,0.9836187051346844,0.016381294865315556,1.6,Very low
3665-JATSN,Mount Shasta,96067,19,Month-to-month,DSL,Electronic check,39.7,710.05,No,Yes,No,No,No,Yes,0.4852099240744413,0.5147900759255587,51.5,High
3669-WHAFY,Whittier,90604,71,Two year,Fiber optic,Credit card (automatic),115.15,8078.1,Yes,Yes,Yes,Yes,Yes,Yes,0.9451422608191602,0.054857739180839776,5.5,Very low
3675-EQOZA,Newport Beach,92660,5,Month-to-month,No,Bank transfer (automatic),20.65,93.55,No,No,No,No,No,No,0.829959572069468,0.17004042793053195,17.0,Low
3675-YDUPJ,Rancho Cucamonga,91737,10,Month-to-month,No,Mailed check,19.85,193.05,No,No,No,No,No,No,0.7857555348048695,0.21424446519513055,21.4,Low
3678-MNGZX,Porter Ranch,91326,68,Two year,No,Bank transfer (automatic),19.95,1377.7,No,No,No,No,No,No,0.9982424583621681,0.0017575416378319585,0.2,Very low
3679-XASPY,Inglewood,90305,1,Month-to-month,No,Electronic check,19.45,19.45,No,No,No,No,No,No,0.9191184996626589,0.08088150033734108,8.1,Very low
3680-CTHUH,Kneeland,95549,60,One year,Fiber optic,Credit card (automatic),116.6,7049.5,Yes,Yes,Yes,Yes,Yes,Yes,0.898294203725443,0.10170579627455703,10.2,Low
3682-YEUWS,Tulelake,96134,10,Month-to-month,No,Mailed check,24.4,253.9,No,No,No,No,No,No,0.9083842626156176,0.09161573738438245,9.2,Very low
3688-FTHLT,Flournoy,96029,16,Month-to-month,DSL,Bank transfer (automatic),63.05,1067.05,No,No,No,No,No,Yes,0.5618019050515574,0.43819809494844264,43.8,Medium
3689-MOZGR,Irvine,92618,29,Month-to-month,DSL,Electronic check,31.2,926.2,No,No,No,Yes,No,No,0.6838661789544725,0.31613382104552745,31.6,Medium
3692-JHONH,Kettleman City,93239,52,One year,Fiber optic,Electronic check,106.5,5621.85,No,Yes,Yes,No,Yes,Yes,0.6201104187513142,0.3798895812486857,38.0,Medium
3694-DELSO,Olancha,93549,4,Month-to-month,DSL,Credit card (automatic),38.55,156.1,Yes,No,No,No,Yes,No,0.8551158436718345,0.14488415632816554,14.5,Low
3694-GLTJM,Corning,96021,5,Month-to-month,No,Credit card (automatic),19.65,92.05,No,No,No,No,No,No,0.7854517515070987,0.21454824849290127,21.5,Low
3696-DFHHB,Big Bend,96011,68,Two year,No,Bank transfer (automatic),25.5,1821.8,No,No,No,No,No,No,0.9907898004625787,0.009210199537421325,0.9,Very low
3696-XRIEN,San Jose,95124,50,One year,DSL,Credit card (automatic),82.5,4179.1,Yes,No,Yes,Yes,Yes,Yes,0.931683132484257,0.06831686751574294,6.8,Very low
3701-SFMUH,Trabuco Canyon,92679,7,Month-to-month,DSL,Credit card (automatic),69.7,516.15,Yes,No,No,No,Yes,Yes,0.8905740403070812,0.10942595969291877,10.9,Low
3703-KBKZP,Standish,96128,16,Month-to-month,Fiber optic,Bank transfer (automatic),74.45,1261.35,No,No,No,No,No,No,0.4048202032072964,0.5951797967927036,59.5,High
3703-TTEPD,Irvine,92614,21,Month-to-month,DSL,Bank transfer (automatic),65.35,1424.4,Yes,No,Yes,No,Yes,No,0.8120178130448907,0.1879821869551093,18.8,Low
3704-IEAXF,Los Angeles,90063,72,Two year,DSL,Credit card (automatic),53.65,3784.0,No,Yes,No,Yes,Yes,Yes,0.9944378439624961,0.005562156037503852,0.6,Very low
3705-RHRFR,Ukiah,95482,69,Two year,Fiber optic,Bank transfer (automatic),99.15,6875.35,Yes,No,No,No,Yes,Yes,0.9320954438873027,0.06790455611269726,6.8,Very low
3709-OIJEA,Geyserville,95441,26,One year,Fiber optic,Electronic check,85.2,2184.6,No,Yes,Yes,Yes,No,No,0.7576602493934945,0.24233975060650545,24.2,Low
3712-PKXZA,Glendale,91201,61,One year,No,Credit card (automatic),20.55,1252.0,No,No,No,No,No,No,0.9738734838608879,0.026126516139112127,2.6,Very low
3714-NTNFO,Los Angeles,90048,49,Month-to-month,Fiber optic,Electronic check,84.5,3906.7,No,No,No,No,No,Yes,0.5309079104457672,0.4690920895542327,46.9,High
3714-XPXBW,Santa Cruz,95062,37,Month-to-month,DSL,Credit card (automatic),78.9,2976.95,Yes,Yes,Yes,Yes,Yes,No,0.8599188654300721,0.1400811345699279,14.0,Low
3716-LRGXK,San Jose,95136,60,Two year,Fiber optic,Credit card (automatic),101.15,6067.4,No,No,Yes,No,Yes,Yes,0.881452329042979,0.11854767095702105,11.9,Low
3716-UVSPD,San Juan Capistrano,92675,1,Month-to-month,DSL,Electronic check,49.3,49.3,No,No,No,Yes,No,No,0.5748840888022085,0.42511591119779146,42.5,Medium
3717-FDJFU,Montgomery Creek,96065,5,Two year,No,Mailed check,20.45,106.9,No,No,No,No,No,No,0.9879578763938198,0.012042123606180205,1.2,Very low
3717-LNXKW,Glenn,95943,38,Month-to-month,Fiber optic,Bank transfer (automatic),91.7,3479.05,Yes,No,No,No,Yes,No,0.6288272611702423,0.37117273882975765,37.1,Medium
3717-OEAUQ,Ione,95640,2,Month-to-month,Fiber optic,Mailed check,70.7,129.2,No,No,No,No,No,No,0.44133812037634657,0.5586618796236534,55.9,High
3717-OFRTN,Dublin,94568,1,Month-to-month,No,Bank transfer (automatic),19.75,19.75,No,No,No,No,No,No,0.8101188249331256,0.18988117506687438,19.0,Low
3719-TDVQB,Ripon,95366,54,Two year,No,Mailed check,18.95,1031.1,No,No,No,No,No,No,0.9779051610503225,0.022094838949677443,2.2,Very low
3720-DBRWL,Tehama,96090,51,Two year,DSL,Credit card (automatic),83.85,4307.1,Yes,Yes,Yes,Yes,Yes,Yes,0.9665901496549596,0.03340985034504044,3.3,Very low
3721-CNZHX,Berkeley,94704,15,One year,No,Mailed check,19.8,304.6,No,No,No,No,No,No,0.9280664372998033,0.07193356270019666,7.2,Very low
3721-WKIIL,Smartville,95977,27,Two year,No,Mailed check,19.6,561.15,No,No,No,No,No,No,0.9603356305087938,0.03966436949120624,4.0,Very low
3723-BFBGR,Borrego Springs,92004,24,Month-to-month,DSL,Credit card (automatic),54.8,1291.3,No,Yes,No,No,No,No,0.7796020263588269,0.22039797364117306,22.0,Low
3724-BSCVH,Mecca,92254,10,One year,No,Mailed check,20.45,242.4,No,No,No,No,No,No,0.9764677752225897,0.023532224777410397,2.4,Very low
3724-UCSHY,Reedley,93654,6,Month-to-month,No,Mailed check,19.55,122.9,No,No,No,No,No,No,0.9456680664975798,0.05433193350242015,5.4,Very low
3726-TBHQT,Catheys Valley,95306,71,Two year,Fiber optic,Bank transfer (automatic),114.0,8175.9,Yes,Yes,Yes,Yes,Yes,Yes,0.9878507940665285,0.012149205933471428,1.2,Very low
3727-JEZTU,Bakersfield,93312,1,Month-to-month,No,Mailed check,20.4,20.4,No,No,No,No,No,No,0.7968245159733536,0.20317548402664645,20.3,Low
3727-OVPRY,Calabasas,91302,66,One year,No,Credit card (automatic),25.7,1714.55,No,No,No,No,No,No,0.9937201966795636,0.006279803320436384,0.6,Very low
3727-OWVYD,Campo,91906,35,One year,DSL,Mailed check,61.2,2021.2,Yes,Yes,Yes,No,No,No,0.9510780901566365,0.04892190984336348,4.9,Very low
3729-OWRVL,Pixley,93256,65,Two year,Fiber optic,Electronic check,110.35,7246.15,Yes,No,Yes,Yes,Yes,Yes,0.9137003084062442,0.08629969159375586,8.6,Very low
3733-LSYCE,Samoa,95564,15,Month-to-month,Fiber optic,Bank transfer (automatic),75.35,1114.55,No,Yes,No,No,No,No,0.5346308255373137,0.46536917446268633,46.5,High
3733-UOCWF,Helendale,92342,61,One year,Fiber optic,Bank transfer (automatic),85.55,5251.75,No,Yes,No,Yes,No,No,0.8831122402598479,0.11688775974015207,11.7,Low
3733-ZEECP,Inglewood,90301,22,Month-to-month,DSL,Electronic check,51.1,1232.9,No,No,No,Yes,No,No,0.9125077432345521,0.08749225676544797,8.7,Very low
3736-BLEPA,Folsom,95630,28,One year,Fiber optic,Bank transfer (automatic),91.25,2483.65,No,Yes,No,Yes,Yes,No,0.7805083321010571,0.21949166789894292,21.9,Low
3737-XBQDD,Mount Laguna,91948,24,Month-to-month,Fiber optic,Bank transfer (automatic),84.85,2048.8,No,Yes,Yes,No,No,No,0.508044617412056,0.491955382587944,49.2,High
3739-YBWAB,Paramount,90723,36,One year,DSL,Mailed check,35.35,1317.95,Yes,No,Yes,No,No,No,0.8932363353225744,0.1067636646774256,10.7,Low
3740-RLMVT,Saint Helena,94574,67,One year,DSL,Bank transfer (automatic),60.95,4119.4,Yes,Yes,No,Yes,No,No,0.9780802733442252,0.02191972665577483,2.2,Very low
3744-ZBHON,Highland,92346,3,Month-to-month,No,Electronic check,20.2,65.95,No,No,No,No,No,No,0.7615689536192124,0.23843104638078758,23.8,Low
3745-HRPHI,Yuba City,95993,66,Two year,DSL,Bank transfer (automatic),54.65,3632.0,No,No,Yes,Yes,Yes,Yes,0.9920661109650234,0.007933889034976651,0.8,Very low
3748-FVMZZ,Oakland,94610,4,Month-to-month,DSL,Electronic check,40.05,162.45,No,No,No,Yes,No,Yes,0.4134074390096404,0.5865925609903596,58.7,High
3750-RNQKR,Alameda,94501,12,Month-to-month,No,Mailed check,19.45,246.25,No,No,No,No,No,No,0.8502546606655409,0.1497453393344591,15.0,Low
3750-YHRYO,Glendora,91741,7,One year,No,Mailed check,20.65,150.0,No,No,No,No,No,No,0.8813410968275812,0.11865890317241878,11.9,Low
3752-CQSJI,San Anselmo,94960,13,Month-to-month,No,Mailed check,20.45,254.5,No,No,No,No,No,No,0.939983716195467,0.06001628380453308,6.0,Very low
3756-VNWDH,Pasadena,91101,65,One year,Fiber optic,Electronic check,100.75,6674.65,Yes,No,No,No,Yes,Yes,0.76043157495197,0.23956842504803003,24.0,Low
3758-CKOQL,Valyermo,93563,59,One year,Fiber optic,Credit card (automatic),107.0,6152.3,Yes,Yes,Yes,Yes,No,Yes,0.8972020459244263,0.10279795407557374,10.3,Low
3761-FLYZI,Los Angeles,90011,65,Month-to-month,Fiber optic,Bank transfer (automatic),108.8,7082.45,No,Yes,Yes,No,Yes,Yes,0.63743549139415,0.36256450860584993,36.3,Medium
3764-MNMOI,Boulevard,91905,46,Two year,No,Credit card (automatic),19.2,908.15,No,No,No,No,No,No,0.986861649585883,0.013138350414117072,1.3,Very low
3766-EJLFL,Mill Creek,96061,68,Two year,Fiber optic,Bank transfer (automatic),109.05,7508.55,Yes,No,Yes,Yes,Yes,Yes,0.9852916913088995,0.014708308691100538,1.5,Very low
3768-VHXQO,Redondo Beach,90278,67,Two year,No,Credit card (automatic),24.85,1583.5,No,No,No,No,No,No,0.9878775714087099,0.012122428591290072,1.2,Very low
3769-MHZNV,Salyer,95563,33,Two year,No,Mailed check,20.1,670.35,No,No,No,No,No,No,0.993821467688965,0.006178532311034998,0.6,Very low
3771-PZOBW,Solvang,93463,20,Month-to-month,Fiber optic,Credit card (automatic),90.7,1781.35,No,No,Yes,No,Yes,No,0.39016911943445975,0.6098308805655402,61.0,High
3774-VBNXY,Hawaiian Gardens,90716,64,Two year,No,Mailed check,20.2,1277.75,No,No,No,No,No,No,0.9890547405212942,0.010945259478705886,1.1,Very low
3777-XROBG,Echo Lake,95721,58,Two year,No,Credit card (automatic),19.55,1079.65,No,No,No,No,No,No,0.9977021233159928,0.00229787668400721,0.2,Very low
3778-FOAQW,San Diego,92127,24,One year,No,Mailed check,20.15,456.85,No,No,No,No,No,No,0.9303096690581958,0.06969033094180417,7.0,Very low
3779-OSWCF,Dillon Beach,94929,71,Two year,DSL,Credit card (automatic),93.2,6506.15,Yes,Yes,Yes,Yes,Yes,Yes,0.9831371544017569,0.016862845598243175,1.7,Very low
3780-DDGSE,Shoshone,92384,35,Month-to-month,DSL,Electronic check,76.05,2747.2,No,Yes,No,Yes,Yes,Yes,0.909757979567698,0.09024202043230203,9.0,Very low
3780-YVMFA,Long Beach,90803,8,Month-to-month,DSL,Electronic check,68.55,564.35,No,No,No,Yes,Yes,Yes,0.7910999432056485,0.20890005679435156,20.9,Low
3785-KTYSH,Mission Hills,91345,53,Two year,No,Mailed check,24.6,1279.0,No,No,No,No,No,No,0.983053403439489,0.016946596560510965,1.7,Very low
3785-NRHYR,Bridgeport,93517,1,Month-to-month,No,Mailed check,19.65,19.65,No,No,No,No,No,No,0.7944846682045015,0.20551533179549855,20.6,Low
3786-WOVKF,Anaheim,92807,72,One year,Fiber optic,Bank transfer (automatic),106.85,7677.4,Yes,Yes,No,No,Yes,Yes,0.8679877862688407,0.13201221373115937,13.2,Low
3787-TRIAL,San Ardo,93450,21,Month-to-month,DSL,Electronic check,26.05,565.75,No,No,No,No,No,No,0.8159305449012867,0.1840694550987133,18.4,Low
3794-NFNCH,Bella Vista,96008,30,Month-to-month,DSL,Mailed check,50.0,1474.9,No,No,Yes,No,No,No,0.7212471985923447,0.27875280140765535,27.9,Medium
3795-CAWEX,Whitmore,96096,70,Two year,Fiber optic,Credit card (automatic),116.55,8152.3,Yes,Yes,Yes,Yes,Yes,Yes,0.9880856025269069,0.011914397473093129,1.2,Very low
3795-GWTRD,Los Angeles,90048,63,Two year,DSL,Credit card (automatic),75.55,4707.85,Yes,Yes,Yes,Yes,Yes,No,0.9879254106069391,0.01207458939306095,1.2,Very low
3796-ENZGF,The Sea Ranch,95497,63,Two year,DSL,Mailed check,67.25,4234.15,No,Yes,No,Yes,No,Yes,0.9716018108640628,0.028398189135937217,2.8,Very low
3797-FKOGQ,Canoga Park,91303,11,Month-to-month,Fiber optic,Electronic check,86.2,893.2,No,No,No,No,No,Yes,0.6912470648275837,0.30875293517241625,30.9,Medium
3798-EPWRR,Beverly Hills,90212,2,Month-to-month,DSL,Electronic check,43.95,85.1,No,No,No,No,No,No,0.5860791706062083,0.4139208293937917,41.4,Medium
3800-LYTRK,Point Reyes Station,94956,14,One year,DSL,Mailed check,55.7,795.15,Yes,No,No,Yes,No,No,0.9230341572195578,0.07696584278044215,7.7,Very low
3806-YAZOV,Lagunitas,94938,3,Month-to-month,No,Mailed check,18.8,56.0,No,No,No,No,No,No,0.8074994828328951,0.19250051716710492,19.3,Low
3807-BPOMJ,Dobbins,95935,55,One year,Fiber optic,Electronic check,94.75,5276.1,Yes,No,No,No,Yes,Yes,0.7679714720419074,0.2320285279580926,23.2,Low
3807-XHCJH,Fish Camp,93623,1,Month-to-month,No,Electronic check,20.0,20.0,No,No,No,No,No,No,0.9191184996626589,0.08088150033734108,8.1,Very low
3808-HFKDE,Alhambra,91801,20,Month-to-month,DSL,Electronic check,44.35,927.15,No,No,No,No,No,No,0.6501887209048334,0.3498112790951667,35.0,Medium
3810-DVDQQ,Shasta Lake,96019,72,Two year,Fiber optic,Bank transfer (automatic),117.6,8308.9,Yes,Yes,Yes,Yes,Yes,Yes,0.9884139385591774,0.011586061440822673,1.2,Very low
3810-PJUHR,Morongo Valley,92256,70,Two year,No,Mailed check,25.35,1715.15,No,No,No,No,No,No,0.9974494127584737,0.0025505872415263887,0.3,Very low
3812-LRZIR,Desert Hot Springs,92240,27,Two year,No,Electronic check,24.5,761.95,No,No,No,No,No,No,0.9861322467551826,0.013867753244817338,1.4,Very low
3813-DHBBB,Cedarville,96104,67,Two year,DSL,Bank transfer (automatic),50.95,3521.7,Yes,Yes,No,Yes,No,Yes,0.9742783568563443,0.025721643143655673,2.6,Very low
3823-KYNQY,Van Nuys,91406,12,One year,No,Credit card (automatic),24.95,280.4,No,No,No,No,No,No,0.9060704857978077,0.09392951420219225,9.4,Very low
3824-RHKVR,Fullerton,92833,17,Month-to-month,No,Credit card (automatic),19.7,340.35,No,No,No,No,No,No,0.88663298126314,0.1133670187368599,11.3,Low
3831-YCPUO,Glencoe,95232,72,Two year,Fiber optic,Credit card (automatic),109.5,7854.9,Yes,Yes,Yes,Yes,Yes,Yes,0.9921671442474649,0.007832855752535069,0.8,Very low
3836-FZSDJ,Fresno,93720,71,Two year,No,Bank transfer (automatic),24.85,1901.0,No,No,No,No,No,No,0.9885662788482772,0.011433721151722758,1.1,Very low
3841-CONLJ,Morro Bay,93442,1,Month-to-month,DSL,Electronic check,35.0,35.0,No,No,No,No,No,Yes,0.3319106621692238,0.6680893378307762,66.8,Very high
3841-NFECX,Los Angeles,90033,71,Two year,Fiber optic,Credit card (automatic),96.35,6766.95,Yes,Yes,Yes,Yes,No,No,0.9671095618678922,0.03289043813210784,3.3,Very low
3842-QTGDL,Walnut Creek,94595,16,Month-to-month,Fiber optic,Bank transfer (automatic),80.75,1321.3,Yes,Yes,No,No,No,No,0.6286916867144265,0.3713083132855734,37.1,Medium
3845-FXCYS,Long Barn,95335,2,Month-to-month,No,Electronic check,19.65,31.2,No,No,No,No,No,No,0.6808907500213244,0.3191092499786756,31.9,Medium
3845-JHAMY,Inverness,94937,16,Month-to-month,DSL,Credit card (automatic),35.5,552.7,No,No,No,No,No,Yes,0.8166244155783852,0.18337558442161486,18.3,Low
3847-BAERP,Bass Lake,93604,10,Month-to-month,No,Mailed check,20.9,247.0,No,No,No,No,No,No,0.7881682677024902,0.2118317322975098,21.2,Low
3850-OKINF,Pasadena,91106,71,One year,DSL,Electronic check,66.2,4692.55,Yes,No,No,No,Yes,No,0.9841417131335028,0.01585828686649717,1.6,Very low
3853-LYGAM,Meadow Vista,95722,17,Month-to-month,Fiber optic,Bank transfer (automatic),95.65,1640.0,No,No,Yes,Yes,No,Yes,0.4400047851560074,0.5599952148439926,56.0,High
3855-ONCAR,Arcadia,91006,4,Month-to-month,Fiber optic,Mailed check,78.9,299.75,No,No,No,No,Yes,No,0.6310076605154948,0.3689923394845051,36.9,Medium
3858-XHYJO,San Gabriel,91776,40,One year,Fiber optic,Bank transfer (automatic),105.75,4228.55,Yes,No,Yes,No,Yes,Yes,0.749561020934457,0.25043897906554297,25.0,Medium
3863-QSTYI,Mission Viejo,92691,59,Month-to-month,DSL,Electronic check,64.65,3735.45,No,No,Yes,Yes,Yes,No,0.8788720557279586,0.12112794427204146,12.1,Low
3865-QBWSJ,Courtland,95615,38,Month-to-month,Fiber optic,Mailed check,80.45,3162.65,Yes,No,No,No,No,No,0.9041417795082726,0.0958582204917274,9.6,Very low
3865-YIOTT,San Francisco,94110,72,One year,Fiber optic,Bank transfer (automatic),106.1,7848.5,Yes,No,Yes,No,Yes,Yes,0.9683975151689469,0.03160248483105307,3.2,Very low
3865-ZFZIB,Los Angeles,90077,19,Two year,No,Mailed check,19.65,358.15,No,No,No,No,No,No,0.9629852928960392,0.03701470710396085,3.7,Very low
3865-ZYKAD,Sacramento,95831,69,Month-to-month,Fiber optic,Credit card (automatic),84.9,5785.65,Yes,Yes,No,No,No,No,0.838030786919221,0.1619692130807791,16.2,Low
3870-SPZSI,Wilton,95693,70,Two year,Fiber optic,Credit card (automatic),113.05,7869.05,Yes,Yes,Yes,Yes,Yes,Yes,0.9882538394370874,0.01174616056291255,1.2,Very low
3873-NFTGI,Fresno,93703,14,Month-to-month,DSL,Credit card (automatic),55.5,767.55,No,Yes,No,No,No,No,0.6441744848209485,0.3558255151790514,35.6,Medium
3873-WOSBC,Catheys Valley,95306,67,Two year,No,Credit card (automatic),25.6,1784.9,No,No,No,No,No,No,0.9878775714087099,0.012122428591290072,1.2,Very low
3878-AVSOQ,La Jolla,92037,1,Month-to-month,Fiber optic,Electronic check,71.25,71.25,No,No,No,No,No,No,0.28804394049935356,0.7119560595006464,71.2,Very high
3882-IYOIJ,Yorba Linda,92886,60,Two year,Fiber optic,Credit card (automatic),115.25,6758.45,Yes,Yes,Yes,Yes,Yes,Yes,0.988472423630881,0.01152757636911904,1.2,Very low
3884-UEBXB,Diamond Springs,95619,67,Two year,DSL,Bank transfer (automatic),36.15,2434.45,Yes,Yes,No,No,No,No,0.9961439521219105,0.003856047878089474,0.4,Very low
3887-PBQAO,Hermosa Beach,90254,45,One year,No,Credit card (automatic),25.9,1216.6,No,No,No,No,No,No,0.9400609581837683,0.05993904181623164,6.0,Very low
3889-VWBID,Antelope,95843,68,Two year,DSL,Bank transfer (automatic),82.85,5776.45,Yes,Yes,No,Yes,Yes,Yes,0.9970966216349533,0.0029033783650467006,0.3,Very low
3890-RTCMS,Millville,96062,16,Month-to-month,DSL,Mailed check,49.45,799.0,No,No,No,Yes,No,No,0.7462939565923956,0.25370604340760444,25.4,Medium
3891-NLXJB,San Jose,95131,37,Two year,DSL,Mailed check,40.55,1390.85,Yes,Yes,No,Yes,No,No,0.9558805454463634,0.04411945455363668,4.4,Very low
3892-NXAZG,Downieville,95936,72,Two year,Fiber optic,Credit card (automatic),114.05,8289.2,Yes,Yes,Yes,Yes,Yes,Yes,0.9888521806826434,0.011147819317356618,1.1,Very low
3893-JRNFS,Palmdale,93550,68,Month-to-month,DSL,Bank transfer (automatic),39.9,2796.35,No,No,Yes,No,No,Yes,0.8650636470138504,0.13493635298614953,13.5,Low
3896-RCYYE,Atwater,95301,67,Month-to-month,DSL,Credit card (automatic),53.4,3579.15,No,No,Yes,Yes,Yes,Yes,0.8740468256328588,0.12595317436714115,12.6,Low
3896-ZVNET,Gerber,96035,24,Two year,No,Mailed check,24.7,571.75,No,No,No,No,No,No,0.9882936507754106,0.011706349224589392,1.2,Very low
3898-BSJYF,Herlong,96113,10,One year,DSL,Credit card (automatic),73.55,693.3,Yes,No,Yes,Yes,No,Yes,0.9715989568015638,0.028401043198436147,2.8,Very low
3898-GUYTS,Ravendale,96123,45,Month-to-month,Fiber optic,Electronic check,97.05,4385.05,Yes,Yes,No,Yes,Yes,No,0.6801094147966917,0.31989058520330826,32.0,Medium
3902-MIVLE,Whittier,90601,63,Two year,DSL,Mailed check,75.7,4676.7,Yes,No,Yes,Yes,No,Yes,0.9784018376505708,0.021598162349429215,2.2,Very low
3904-UKFRE,Stockton,95205,4,Month-to-month,Fiber optic,Electronic check,80.1,336.15,Yes,No,No,No,No,No,0.31655356907397636,0.6834464309260236,68.3,Very high
3908-MKIMJ,Mount Shasta,96067,68,Two year,DSL,Electronic check,41.95,2965.75,Yes,Yes,Yes,No,No,No,0.9617568689002344,0.0382431310997656,3.8,Very low
3910-MRQOY,Orick,95555,72,Two year,No,Bank transfer (automatic),19.4,1496.45,No,No,No,No,No,No,0.9923969166910422,0.0076030833089577145,0.8,Very low
3911-RSNHI,Rocklin,95765,71,Two year,DSL,Credit card (automatic),61.4,4310.35,No,Yes,Yes,Yes,Yes,Yes,0.9607205716916312,0.03927942830836879,3.9,Very low
3913-FCUUW,Hanford,93230,72,Two year,DSL,Bank transfer (automatic),70.45,5165.7,Yes,Yes,Yes,Yes,No,No,0.9971751084665837,0.002824891533416277,0.3,Very low
3913-RDSJZ,Los Angeles,90019,64,Two year,No,Mailed check,25.55,1714.95,No,No,No,No,No,No,0.9846620923261349,0.01533790767386506,1.5,Very low
3914-FDRHP,Warner Springs,92086,9,Month-to-month,Fiber optic,Electronic check,86.25,770.5,No,No,No,Yes,Yes,No,0.44331461818531914,0.5566853818146809,55.7,High
3915-ODIYG,Cotati,94931,60,One year,DSL,Electronic check,71.75,4374.55,Yes,Yes,No,No,No,Yes,0.9262976879189737,0.07370231208102634,7.4,Very low
3916-NRPAP,Escalon,95320,3,Month-to-month,Fiber optic,Credit card (automatic),85.7,256.75,No,No,Yes,No,No,Yes,0.4263127986148362,0.5736872013851638,57.4,High
3920-HIHMQ,Scotts Valley,95066,26,Month-to-month,DSL,Mailed check,49.5,1265.65,No,No,No,No,No,No,0.914654431652124,0.08534556834787602,8.5,Very low
3926-YZVVX,Sacramento,95841,41,One year,DSL,Bank transfer (automatic),50.05,2029.05,No,No,No,Yes,No,No,0.9578141140230036,0.04218588597699641,4.2,Very low
3930-ZGWVE,Stanton,90680,1,Month-to-month,No,Mailed check,19.75,19.75,No,No,No,No,No,No,0.7944846682045015,0.20551533179549855,20.6,Low
3932-IJWDZ,Willits,95490,45,Month-to-month,Fiber optic,Bank transfer (automatic),103.65,4747.85,No,No,Yes,Yes,Yes,Yes,0.6011749309609773,0.39882506903902265,39.9,Medium
3933-DQPWX,Barstow,92311,50,Two year,DSL,Credit card (automatic),39.7,1932.75,No,Yes,Yes,Yes,No,No,0.9755296876131059,0.024470312386894122,2.4,Very low
3935-TBRZZ,Twentynine Palms,92278,44,One year,No,Mailed check,25.7,1110.5,No,No,No,No,No,No,0.948239708786434,0.05176029121356591,5.2,Very low
3936-QQFLL,Calimesa,92320,2,Month-to-month,No,Mailed check,19.75,39.3,No,No,No,No,No,No,0.7999229118288916,0.20007708817110834,20.0,Low
3938-YFPXD,Janesville,96114,72,Two year,DSL,Credit card (automatic),84.3,5997.1,Yes,No,Yes,Yes,Yes,Yes,0.9860842548833535,0.01391574511664645,1.4,Very low
3941-XTSKM,Burnt Ranch,95527,42,One year,DSL,Credit card (automatic),45.1,2049.05,No,Yes,Yes,No,No,Yes,0.8313409532269711,0.16865904677302893,16.9,Low
3946-JEWRQ,Sherman Oaks,91403,47,One year,Fiber optic,Credit card (automatic),95.2,4563.0,No,No,No,No,Yes,Yes,0.6519095639930794,0.34809043600692063,34.8,Medium
3948-FVVRP,Santa Maria,93455,9,Month-to-month,DSL,Mailed check,54.8,452.8,No,Yes,No,Yes,No,No,0.9335466864208655,0.06645331357913453,6.6,Very low
3948-KXDUF,Los Gatos,95033,66,Two year,DSL,Bank transfer (automatic),68.75,4447.55,Yes,Yes,Yes,Yes,No,No,0.9907075792522477,0.009292420747752312,0.9,Very low
3950-VPYJB,Chester,96020,57,One year,DSL,Mailed check,59.6,3509.4,Yes,Yes,No,Yes,No,No,0.995321270226471,0.004678729773529049,0.5,Very low
3951-NJCVI,Cathedral City,92234,42,Month-to-month,Fiber optic,Electronic check,95.05,3944.5,No,No,No,No,Yes,Yes,0.33023559950139714,0.6697644004986029,67.0,Very high
3955-JBZZM,Hermosa Beach,90254,20,Month-to-month,Fiber optic,Electronic check,78.8,1641.3,No,No,No,No,Yes,No,0.45185804128679985,0.5481419587132002,54.8,High
3956-CJUST,San Francisco,94115,23,Month-to-month,Fiber optic,Bank transfer (automatic),75.4,1643.55,Yes,No,No,No,No,No,0.6399010199663828,0.36009898003361723,36.0,Medium
3956-MGXOG,Modesto,95350,28,Month-to-month,Fiber optic,Electronic check,80.6,2244.95,No,No,No,No,No,Yes,0.44009670497949627,0.5599032950205037,56.0,High
3957-HHLMR,Aguanga,92536,70,One year,DSL,Bank transfer (automatic),65.2,4543.15,Yes,No,No,No,No,Yes,0.9623198168949013,0.03768018310509864,3.8,Very low
3957-SQXML,Los Angeles,90068,34,Two year,No,Credit card (automatic),24.95,894.3,No,No,No,No,No,No,0.9645926570684432,0.03540734293155683,3.5,Very low
3961-SXAXY,Thousand Oaks,91362,1,Month-to-month,DSL,Bank transfer (automatic),44.05,44.05,No,No,No,No,No,No,0.5835777419549446,0.4164222580450554,41.6,Medium
3963-RYFNS,Venice,90291,72,Two year,Fiber optic,Bank transfer (automatic),116.45,8013.55,Yes,Yes,Yes,Yes,Yes,Yes,0.9572988705204719,0.042701129479528095,4.3,Very low
3966-HRMZA,Bishop,93514,3,Month-to-month,Fiber optic,Mailed check,75.05,202.9,No,No,Yes,No,No,No,0.45254639698538524,0.5474536030146148,54.7,High
3967-KXAPS,Los Angeles,90061,72,Two year,DSL,Credit card (automatic),92.3,6719.9,Yes,Yes,Yes,Yes,Yes,Yes,0.9834533108718329,0.01654668912816711,1.7,Very low
3967-VQOGC,Leggett,95585,67,Two year,No,Mailed check,24.9,1680.25,No,No,No,No,No,No,0.9960376554846417,0.003962344515358207,0.4,Very low
3969-GYXEL,Berkeley,94708,11,Month-to-month,Fiber optic,Electronic check,76.4,838.7,Yes,No,No,No,No,No,0.5442553859142083,0.4557446140857917,45.6,High
3969-JQABI,Palo Alto,94303,58,Month-to-month,DSL,Credit card (automatic),65.25,3791.6,Yes,Yes,No,No,Yes,No,0.9024804462704513,0.09751955372954867,9.8,Very low
3970-XGJDU,West Hills,91307,62,Two year,No,Credit card (automatic),19.2,1123.65,No,No,No,No,No,No,0.9891878928756254,0.010812107124374614,1.1,Very low
3973-SKMLN,Carlsbad,92008,71,Two year,No,Credit card (automatic),19.9,1355.1,No,No,No,No,No,No,0.991874445922087,0.008125554077913003,0.8,Very low
3976-HXHCE,Belvedere Tiburon,94920,72,Two year,No,Bank transfer (automatic),19.3,1414.8,No,No,No,No,No,No,0.9941777541421817,0.005822245857818288,0.6,Very low
3976-NLDEZ,Mira Loma,91752,1,Month-to-month,No,Mailed check,20.6,20.6,No,No,No,No,No,No,0.7944846682045015,0.20551533179549855,20.6,Low
3977-QCRSL,Warner Springs,92086,5,Month-to-month,No,Mailed check,20.15,117.95,No,No,No,No,No,No,0.8177418682528526,0.1822581317471474,18.2,Low
3978-YNKDD,Culver City,90232,19,Two year,No,Credit card (automatic),20.85,467.5,No,No,No,No,No,No,0.9935048699843432,0.0064951300156568,0.6,Very low
3981-QSVQI,Bakersfield,93305,8,Month-to-month,No,Bank transfer (automatic),19.7,168.9,No,No,No,No,No,No,0.7909825620965449,0.2090174379034551,20.9,Low
3982-DQLUS,Sunland,91040,65,Month-to-month,Fiber optic,Electronic check,85.75,5688.45,Yes,Yes,No,No,No,No,0.9372625489292319,0.06273745107076806,6.3,Very low
3982-JGSFD,Madera,93638,36,One year,No,Credit card (automatic),20.35,695.85,No,No,No,No,No,No,0.955229115470229,0.04477088452977097,4.5,Very low
3985-HOYPM,Washington,95986,26,One year,No,Mailed check,19.4,525.55,No,No,No,No,No,No,0.9491842095205208,0.05081579047947914,5.1,Very low
3987-KQDDU,Sonoma,95476,9,Month-to-month,Fiber optic,Electronic check,75.6,661.55,Yes,No,No,No,No,No,0.5239355598682265,0.4760644401317735,47.6,High
3995-WFCSM,San Jacinto,92582,2,Month-to-month,DSL,Electronic check,60.85,111.4,No,No,Yes,No,No,Yes,0.5306956899346553,0.4693043100653447,46.9,High
3996-ZNWYK,Sacramento,95832,71,Two year,No,Credit card (automatic),19.8,1388.45,No,No,No,No,No,No,0.9984599741821089,0.0015400258178911521,0.2,Very low
3999-WRNGR,Soda Springs,95728,60,Month-to-month,DSL,Electronic check,49.75,3069.45,No,Yes,No,No,Yes,Yes,0.9142016344199907,0.08579836558000926,8.6,Very low
4000-VGMQP,Pollock Pines,95726,38,One year,DSL,Credit card (automatic),78.95,2862.55,No,Yes,Yes,No,Yes,Yes,0.9640737371359193,0.03592626286408079,3.6,Very low
4001-TSBTV,Sacramento,95827,58,Month-to-month,Fiber optic,Electronic check,91.55,5511.65,No,Yes,Yes,No,Yes,No,0.9008802840003516,0.09911971599964847,9.9,Very low
4002-BQWPQ,Crockett,94525,25,Month-to-month,DSL,Bank transfer (automatic),81.75,2028.8,Yes,Yes,Yes,Yes,No,Yes,0.8484952615881003,0.15150473841189976,15.2,Low
4003-FUSHP,Santa Cruz,95060,19,Month-to-month,DSL,Credit card (automatic),61.55,1093.2,No,No,No,Yes,Yes,No,0.7391320796569504,0.2608679203430496,26.1,Medium
4003-OCTMP,Tracy,95376,31,One year,DSL,Electronic check,64.0,1910.75,Yes,No,No,Yes,No,Yes,0.8675040890951811,0.13249591090481894,13.2,Low
4006-HKYHO,Bakersfield,93311,63,Two year,DSL,Bank transfer (automatic),86.7,5309.5,Yes,Yes,Yes,Yes,Yes,Yes,0.9819829826010275,0.01801701739897257,1.8,Very low
4007-NHVHI,Rio Linda,95673,56,Month-to-month,Fiber optic,Electronic check,96.85,5219.65,Yes,Yes,No,No,No,Yes,0.6927737173844801,0.3072262826155198,30.7,Medium
4010-YLMVT,Yucaipa,92399,56,Month-to-month,Fiber optic,Credit card (automatic),106.6,5893.95,Yes,Yes,No,No,Yes,Yes,0.7249679467713965,0.2750320532286035,27.5,Medium
4011-ARPHK,Norwalk,90650,27,Month-to-month,DSL,Mailed check,50.35,1411.35,Yes,No,No,No,No,No,0.8626543547246602,0.13734564527533974,13.7,Low
4012-YCFAI,Riverside,92508,60,Two year,DSL,Mailed check,61.35,3766.2,Yes,Yes,No,Yes,No,No,0.982924706891315,0.017075293108684997,1.7,Very low
4012-ZTHBR,Kneeland,95549,21,Month-to-month,DSL,Electronic check,44.95,926.25,No,No,No,No,No,No,0.8797343524101922,0.1202656475898079,12.0,Low
4013-GUXND,Lancaster,93534,1,Month-to-month,No,Mailed check,20.8,20.8,No,No,No,No,No,No,0.7944846682045015,0.20551533179549855,20.6,Low
4016-BJKTZ,San Jose,95136,25,Two year,Fiber optic,Electronic check,108.9,2809.05,No,Yes,Yes,Yes,Yes,Yes,0.7584983510165922,0.24150164898340779,24.2,Low
4018-KJYUY,Courtland,95615,22,Month-to-month,No,Credit card (automatic),20.15,432.5,No,No,No,No,No,No,0.9787530852662522,0.021246914733747818,2.1,Very low
4018-PPNDW,California City,93505,61,Two year,No,Mailed check,24.1,1551.6,No,No,No,No,No,No,0.9760056766696692,0.02399432333033075,2.4,Very low
4020-KIUDI,Los Angeles,90044,6,Month-to-month,No,Credit card (automatic),19.85,138.85,No,No,No,No,No,No,0.9529693130492022,0.047030686950797825,4.7,Very low
4023-RTIQM,Redcrest,95569,31,One year,DSL,Credit card (automatic),50.4,1580.1,Yes,Yes,Yes,No,No,Yes,0.8300742839171271,0.16992571608287288,17.0,Low
4024-CSNBY,Mount Hamilton,95140,72,Two year,Fiber optic,Bank transfer (automatic),94.25,6849.75,Yes,Yes,Yes,Yes,No,No,0.9671802178336467,0.03281978216635331,3.3,Very low
4026-SKKHW,Dillon Beach,94929,3,Month-to-month,DSL,Mailed check,50.25,152.3,No,No,No,Yes,No,No,0.6551215472047252,0.3448784527952749,34.5,Medium
4029-HPFVY,San Francisco,94118,3,Month-to-month,Fiber optic,Mailed check,70.3,220.4,No,No,No,No,No,No,0.3641273077186392,0.6358726922813608,63.6,High
4032-RMHCI,Fall River Mills,96028,41,One year,DSL,Credit card (automatic),35.4,1412.4,Yes,No,Yes,No,No,No,0.9833456016794305,0.016654398320569485,1.7,Very low
4039-PIMHX,San Diego,92102,49,Two year,DSL,Mailed check,49.8,2398.4,No,Yes,No,No,No,No,0.9648447303352153,0.03515526966478461,3.5,Very low
4043-MKDTV,Rancho Mirage,92270,71,Two year,Fiber optic,Electronic check,105.25,7291.75,No,Yes,Yes,Yes,Yes,Yes,0.9153601523543864,0.08463984764561366,8.5,Very low
4049-ZPALD,Forest Falls,92339,64,Two year,Fiber optic,Bank transfer (automatic),99.0,6375.8,Yes,No,Yes,No,Yes,Yes,0.9210643767453253,0.07893562325467472,7.9,Very low
4054-CUMIA,San Miguel,93451,18,Month-to-month,No,Mailed check,20.25,401.95,No,No,No,No,No,No,0.9487993214602132,0.05120067853978684,5.1,Very low
4056-QHXHZ,Goleta,93117,72,Two year,Fiber optic,Mailed check,107.45,7576.7,Yes,No,Yes,Yes,Yes,Yes,0.9900074768552383,0.009992523144761695,1.0,Very low
4057-FKCZK,Prather,93651,58,Two year,Fiber optic,Bank transfer (automatic),82.5,4828.05,No,No,No,No,Yes,No,0.9770644377624552,0.022935562237544754,2.3,Very low
4059-IIEBK,Ojai,93023,7,Month-to-month,Fiber optic,Bank transfer (automatic),78.55,522.95,No,Yes,No,No,No,No,0.3671198897773913,0.6328801102226087,63.3,High
4060-LDNLU,Diamond Bar,91765,7,Month-to-month,Fiber optic,Electronic check,96.2,639.7,No,No,No,No,Yes,Yes,0.22470320082051165,0.7752967991794883,77.5,Very high
4061-UKJWL,San Francisco,94102,3,Month-to-month,DSL,Mailed check,45.45,141.7,No,No,No,No,No,No,0.6596082452102313,0.3403917547897687,34.0,Medium
4062-HBMOS,Redding,96003,52,Month-to-month,Fiber optic,Electronic check,103.05,5364.8,No,Yes,Yes,No,Yes,Yes,0.5116033939834572,0.4883966060165428,48.8,High
4063-EIKNQ,Canyon Country,91351,11,Month-to-month,No,Bank transfer (automatic),20.95,267.35,No,No,No,No,No,No,0.9578552592952196,0.042144740704780304,4.2,Very low
4065-JJAVA,Oakland,94605,1,Month-to-month,DSL,Electronic check,49.5,49.5,No,Yes,No,No,No,No,0.6090530290861524,0.3909469709138475,39.1,Medium
4067-HLYQI,Colton,92324,33,Month-to-month,Fiber optic,Bank transfer (automatic),70.4,2406.1,No,No,No,No,No,No,0.6375377911267113,0.3624622088732887,36.2,Medium
4070-OKWVH,Mira Loma,91752,52,Month-to-month,Fiber optic,Bank transfer (automatic),94.6,5025.8,No,Yes,Yes,No,Yes,No,0.6836133748447237,0.31638662515527627,31.6,Medium
4072-IPYLT,Randsburg,93554,36,Month-to-month,DSL,Credit card (automatic),51.05,1815.0,Yes,No,No,No,No,No,0.9744956846231254,0.025504315376874625,2.6,Very low
4075-JFPGR,Rancho Cucamonga,91730,51,One year,Fiber optic,Electronic check,93.5,4619.55,Yes,Yes,Yes,No,Yes,No,0.8107597121128943,0.18924028788710567,18.9,Low
4075-WKNIU,Bell,90201,0,Two year,DSL,Mailed check,73.35,0.0,No,Yes,Yes,Yes,Yes,No,0.9544437749596101,0.045556225040389885,4.6,Very low
4077-HWUYD,Modesto,95354,72,Two year,DSL,Bank transfer (automatic),87.55,6463.15,Yes,Yes,Yes,Yes,Yes,Yes,0.9950111568537804,0.004988843146219566,0.5,Very low
4079-ULGFR,Paicines,95043,16,Month-to-month,No,Mailed check,20.0,275.7,No,No,No,No,No,No,0.864919640647163,0.13508035935283702,13.5,Low
4079-VTGLK,Riverside,92501,30,Two year,DSL,Electronic check,74.85,2181.75,No,No,Yes,No,Yes,Yes,0.8044255613442136,0.19557443865578641,19.6,Low
4079-WWQQQ,San Francisco,94116,72,Two year,DSL,Bank transfer (automatic),65.55,4807.45,Yes,Yes,Yes,Yes,Yes,Yes,0.9784270063988421,0.02157299360115792,2.2,Very low
4080-IIARD,Los Angeles,90047,13,Month-to-month,DSL,Electronic check,76.2,981.45,Yes,Yes,No,Yes,Yes,No,0.569638424803848,0.4303615751961521,43.0,Medium
4083-BFNYK,Acton,93510,38,One year,Fiber optic,Credit card (automatic),95.0,3591.25,Yes,Yes,No,No,No,Yes,0.8082586533370475,0.1917413466629525,19.2,Low
4086-ATNFV,Hawaiian Gardens,90716,34,One year,DSL,Mailed check,60.8,2042.05,Yes,Yes,Yes,No,No,No,0.9807183201073069,0.019281679892693138,1.9,Very low
4086-WITJG,Los Angeles,90007,71,Two year,No,Credit card (automatic),19.7,1301.1,No,No,No,No,No,No,0.9984934004925603,0.0015065995074397124,0.2,Very low
4090-KPJIP,Anaheim,92806,3,Month-to-month,Fiber optic,Electronic check,74.95,212.4,No,No,No,No,No,No,0.2391184663602468,0.7608815336397532,76.1,Very high
4091-TVOCN,Potrero,91963,48,One year,DSL,Credit card (automatic),78.75,3682.45,Yes,No,Yes,No,Yes,Yes,0.8998613031436119,0.10013869685638811,10.0,Low
4092-OFQZS,Manhattan Beach,90266,20,One year,No,Mailed check,20.65,417.5,No,No,No,No,No,No,0.9200117166888024,0.07998828331119755,8.0,Very low
4097-YODCF,Fawnskin,92333,34,One year,Fiber optic,Electronic check,103.8,3470.8,Yes,Yes,No,No,Yes,Yes,0.8950997722943084,0.10490022770569166,10.5,Low
4098-NAUKP,Oceano,93445,68,Month-to-month,Fiber optic,Electronic check,84.65,5683.6,No,Yes,Yes,No,No,No,0.9209701023857976,0.07902989761420243,7.9,Very low
4102-HLENU,Auburn,95603,67,Two year,DSL,Mailed check,65.65,4322.85,Yes,Yes,Yes,No,No,No,0.9820157105261177,0.01798428947388227,1.8,Very low
4104-PVRPS,Rialto,92376,24,Month-to-month,DSL,Mailed check,53.6,1315.35,Yes,No,No,Yes,No,No,0.8568075398484917,0.14319246015150836,14.3,Low
4109-CYRBD,Menifee,92584,29,Month-to-month,DSL,Electronic check,51.6,1442.0,No,No,No,No,No,No,0.564963710362897,0.43503628963710295,43.5,Medium
4111-BNXIF,Rancho Cucamonga,91739,67,Two year,DSL,Electronic check,59.55,4103.9,No,Yes,Yes,Yes,Yes,Yes,0.9332599413045779,0.06674005869542207,6.7,Very low
4114-QMKVN,Surfside,90743,56,One year,DSL,Bank transfer (automatic),68.75,3815.4,Yes,Yes,No,No,No,Yes,0.9889687903700344,0.011031209629965658,1.1,Very low
4115-BNPJY,National City,91950,29,Two year,DSL,Mailed check,75.55,2054.4,No,No,Yes,Yes,Yes,Yes,0.9131265110612472,0.08687348893875285,8.7,Very low
4115-NZRKS,San Diego,92102,7,Month-to-month,Fiber optic,Electronic check,89.15,574.35,No,No,No,No,Yes,Yes,0.22104605807826028,0.7789539419217397,77.9,Very high
4115-UMJFQ,West Hills,91307,69,One year,DSL,Bank transfer (automatic),35.75,2492.25,No,Yes,Yes,No,No,No,0.9525379987310869,0.047462001268913104,4.7,Very low
4116-IQRFR,Cressey,95312,4,One year,No,Credit card (automatic),24.1,73.1,No,No,No,No,No,No,0.9655724606329789,0.03442753936702112,3.4,Very low
4118-CEVPF,Redwood City,94062,35,One year,Fiber optic,Bank transfer (automatic),110.8,3836.3,Yes,Yes,Yes,Yes,Yes,Yes,0.7818438865207298,0.2181561134792702,21.8,Low
4119-ZYPZY,Glendale,91204,71,Two year,Fiber optic,Electronic check,106.8,7623.2,No,Yes,No,Yes,Yes,Yes,0.9072762666088469,0.09272373339115317,9.3,Very low
4121-AGSIN,Ben Lomond,95005,58,One year,No,Credit card (automatic),24.5,1497.9,No,No,No,No,No,No,0.9604536066793546,0.03954639332064538,4.0,Very low
4123-DVHPH,Orinda,94563,9,Month-to-month,Fiber optic,Electronic check,88.05,801.3,Yes,No,No,No,No,Yes,0.24037539080043857,0.7596246091995614,76.0,Very high
4123-FCVCB,Pinon Hills,92372,12,One year,DSL,Mailed check,75.85,854.45,No,No,No,Yes,Yes,Yes,0.6888229591157315,0.31117704088426845,31.1,Medium
4128-ETESU,Pasadena,91101,47,Month-to-month,Fiber optic,Electronic check,99.7,4747.2,No,No,Yes,No,Yes,Yes,0.4590349780293569,0.5409650219706431,54.1,High
4129-LYCOI,Guinda,95637,67,Two year,Fiber optic,Electronic check,104.0,7039.05,No,Yes,No,Yes,Yes,Yes,0.9781634939004644,0.021836506099535583,2.2,Very low
4130-MZLCC,Temple City,91780,5,Month-to-month,DSL,Bank transfer (automatic),50.55,244.75,No,Yes,No,No,No,No,0.7209229073252754,0.2790770926747245,27.9,Medium
4132-KALRO,Davis Creek,96108,4,Month-to-month,Fiber optic,Mailed check,100.85,399.25,No,No,No,Yes,Yes,Yes,0.2549526301993347,0.7450473698006653,74.5,Very high
4132-POCZS,West Point,95255,52,Month-to-month,DSL,Electronic check,39.9,2020.9,Yes,No,No,No,No,Yes,0.7339749507564941,0.26602504924350595,26.6,Medium
4134-BSXLX,Riverside,92507,28,Month-to-month,DSL,Mailed check,60.9,1785.65,Yes,Yes,No,Yes,No,No,0.8839928697234721,0.11600713027652787,11.6,Low
4135-FRWKJ,Santa Monica,90404,55,One year,DSL,Electronic check,76.25,4154.55,Yes,No,Yes,Yes,Yes,No,0.9865127696287765,0.013487230371223447,1.3,Very low
4137-BTIKL,Daggett,92327,2,Month-to-month,Fiber optic,Mailed check,90.75,174.75,Yes,No,No,No,No,Yes,0.3834090758703631,0.6165909241296369,61.7,High
4137-JOPHL,Inglewood,90302,50,Two year,Fiber optic,Bank transfer (automatic),89.7,4304.5,No,No,Yes,Yes,No,Yes,0.9259626561486509,0.07403734385134911,7.4,Very low
4138-NAXED,Joshua Tree,92252,51,Month-to-month,Fiber optic,Bank transfer (automatic),81.0,4085.75,No,Yes,No,No,No,No,0.7818634522922006,0.2181365477077995,21.8,Low
4139-DETXS,Needles,92363,72,Two year,DSL,Bank transfer (automatic),64.45,4528.0,Yes,Yes,Yes,Yes,Yes,Yes,0.9801838823360517,0.01981611766394831,2.0,Very low
4139-JPIAM,Geyserville,95441,51,Month-to-month,DSL,Credit card (automatic),44.45,2181.55,Yes,No,No,Yes,No,Yes,0.8833273704791262,0.1166726295208737,11.7,Low
4146-SVFUD,Modesto,95351,1,Month-to-month,DSL,Mailed check,44.6,44.6,No,No,No,No,No,No,0.6443442254446076,0.35565577455539243,35.6,Medium
4159-NAAIX,Saratoga,95070,63,Two year,Fiber optic,Bank transfer (automatic),97.45,6253.0,No,Yes,No,No,Yes,Yes,0.9197641885151139,0.08023581148488608,8.0,Very low
4163-HFTUK,Oxnard,93033,51,One year,No,Electronic check,19.1,1007.8,No,No,No,No,No,No,0.9705692362713397,0.029430763728660287,2.9,Very low
4163-KIUHY,Los Angeles,90006,35,Month-to-month,No,Electronic check,25.6,901.25,No,No,No,No,No,No,0.8214353293419621,0.17856467065803797,17.9,Low
4163-NCJAK,Palm Desert,92260,46,One year,No,Bank transfer (automatic),24.45,1066.15,No,No,No,No,No,No,0.9389381719100558,0.061061828089944224,6.1,Very low
4176-FXYBO,Whittier,90603,54,Month-to-month,Fiber optic,Electronic check,109.55,6118.95,Yes,Yes,Yes,No,Yes,Yes,0.6352171982246856,0.3647828017753144,36.5,Medium
4176-RELJR,Elmira,95625,67,Two year,No,Credit card (automatic),25.1,1672.15,No,No,No,No,No,No,0.9906369398527787,0.009363060147221316,0.9,Very low
4177-JPDFU,Redcrest,95569,12,Month-to-month,DSL,Mailed check,34.0,442.45,No,Yes,No,Yes,No,No,0.7151423455333403,0.2848576544666596,28.5,Medium
4178-EGMON,Prather,93651,70,Two year,Fiber optic,Credit card (automatic),88.0,5986.45,Yes,Yes,No,Yes,No,No,0.9656362208243486,0.03436377917565133,3.4,Very low
4182-BGSIQ,Durham,95938,10,Month-to-month,No,Bank transfer (automatic),19.8,196.75,No,No,No,No,No,No,0.9398533040527197,0.0601466959472803,6.0,Very low
4183-MYFRB,Los Angeles,90021,21,Month-to-month,Fiber optic,Electronic check,90.05,1862.9,No,Yes,Yes,No,No,Yes,0.41344569998478653,0.5865543000152135,58.7,High
4184-VODJZ,Forks Of Salmon,96031,63,One year,Fiber optic,Electronic check,91.35,5764.7,No,Yes,No,No,No,Yes,0.9403753073246418,0.059624692675358165,6.0,Very low
4186-ZBUEW,Compton,90221,36,One year,DSL,Mailed check,70.7,2511.95,No,Yes,No,Yes,No,Yes,0.8807540260902637,0.11924597390973632,11.9,Low
4188-FRABG,Sunland,91040,57,Month-to-month,Fiber optic,Electronic check,103.05,5925.75,Yes,Yes,Yes,Yes,Yes,No,0.7113143461926259,0.2886856538073741,28.9,Medium
4188-PCPIG,Valencia,91354,57,Two year,DSL,Credit card (automatic),70.35,4124.65,Yes,Yes,No,Yes,Yes,No,0.9787094804285044,0.021290519571495612,2.1,Very low
4189-NAKJS,Murphys,95247,26,One year,DSL,Credit card (automatic),51.55,1295.4,No,No,No,No,No,No,0.835376572695908,0.164623427304092,16.5,Low
4191-XOVOM,Oakland,94611,63,Month-to-month,Fiber optic,Electronic check,105.4,6713.2,No,Yes,No,Yes,Yes,Yes,0.7480138494705906,0.2519861505294094,25.2,Medium
4193-IBKSW,San Pedro,90731,72,Two year,No,Bank transfer (automatic),24.75,1769.6,No,No,No,No,No,No,0.9978384511629997,0.0021615488370002284,0.2,Very low
4194-FJARJ,Albany,94706,54,Two year,DSL,Bank transfer (automatic),60.0,3273.95,Yes,No,No,Yes,No,No,0.995888460226099,0.004111539773901024,0.4,Very low
4194-WHFCB,Aromas,95004,59,Month-to-month,Fiber optic,Bank transfer (automatic),96.65,5580.8,No,Yes,No,Yes,No,Yes,0.931530632387562,0.06846936761243805,6.8,Very low
4195-NZGTA,Valencia,91354,1,Month-to-month,DSL,Electronic check,25.25,25.25,No,No,No,No,No,No,0.4624728512754208,0.5375271487245792,53.8,High
4195-PNGZS,Irvine,92620,69,Two year,No,Bank transfer (automatic),24.45,1718.2,No,No,No,No,No,No,0.997609472013086,0.002390527986913949,0.2,Very low
4198-VFOEA,Stanford,94305,12,One year,DSL,Mailed check,33.6,435.45,Yes,No,No,Yes,No,No,0.8285115077269742,0.17148849227302576,17.1,Low
4199-QHJNM,Bass Lake,93604,67,Two year,Fiber optic,Bank transfer (automatic),102.9,6989.7,No,Yes,No,Yes,Yes,Yes,0.9302000172323426,0.06979998276765739,7.0,Very low
4203-QGNZA,Los Angeles,90021,28,Month-to-month,No,Mailed check,20.25,535.35,No,No,No,No,No,No,0.9800484197005017,0.019951580299498253,2.0,Very low
4213-HKBJO,Martinez,94553,33,Two year,No,Credit card (automatic),25.7,826.1,No,No,No,No,No,No,0.9721911767950625,0.0278088232049375,2.8,Very low
4220-TINQT,Raisin City,93652,61,Month-to-month,Fiber optic,Electronic check,106.35,6751.35,No,No,Yes,Yes,Yes,Yes,0.5765882410968876,0.42341175890311245,42.3,Medium
4223-BKEOR,San Bernardino,92411,21,One year,DSL,Mailed check,64.85,1336.8,Yes,No,Yes,No,No,Yes,0.8944930352048847,0.10550696479511534,10.6,Low
4223-WOZCM,Carmel,93923,2,Month-to-month,DSL,Mailed check,49.95,107.1,No,No,Yes,No,No,No,0.6514057540234843,0.3485942459765156,34.9,Medium
4226-KKDON,French Camp,95231,8,Month-to-month,DSL,Electronic check,66.65,520.95,No,Yes,No,Yes,Yes,No,0.5876105909499362,0.4123894090500638,41.2,Medium
4227-OJHAL,El Centro,92243,68,One year,DSL,Credit card (automatic),73.0,5163.0,Yes,Yes,Yes,No,Yes,No,0.9899750609852497,0.010024939014750283,1.0,Very low
4231-LZUYM,Larkspur,94939,72,Two year,No,Bank transfer (automatic),25.65,1887.0,No,No,No,No,No,No,0.9893311114843272,0.010668888515672796,1.1,Very low
4232-JGKIY,Los Angeles,90011,1,Month-to-month,No,Electronic check,19.2,19.2,No,No,No,No,No,No,0.7464239652225919,0.25357603477740803,25.4,Medium
4234-XTNEA,Irvine,92606,2,Month-to-month,Fiber optic,Electronic check,79.95,174.45,No,No,No,No,Yes,No,0.23974465343662354,0.7602553465633765,76.0,Very high
4236-UJPWO,Alviso,95002,2,Month-to-month,DSL,Electronic check,24.5,46.4,No,No,No,No,No,No,0.47084515169079355,0.5291548483092064,52.9,High
4237-CLSMM,Highland,92346,2,Month-to-month,No,Mailed check,20.0,38.0,No,No,No,No,No,No,0.7507770017889469,0.24922299821105307,24.9,Low
4238-HFHSN,Elverta,95626,61,Month-to-month,Fiber optic,Electronic check,82.15,4904.85,No,Yes,No,No,No,No,0.6413829123944641,0.35861708760553596,35.9,Medium
4238-JSSWH,Porterville,93257,35,Month-to-month,Fiber optic,Bank transfer (automatic),102.05,3452.55,No,No,Yes,No,Yes,Yes,0.4509703745640541,0.5490296254359459,54.9,High
4250-WAROZ,Fresno,93701,60,Month-to-month,Fiber optic,Electronic check,93.25,5774.55,Yes,Yes,No,No,No,Yes,0.9063358440343116,0.09366415596568844,9.4,Very low
4254-QPEDE,Banning,92220,52,Two year,DSL,Credit card (automatic),66.25,3330.1,Yes,Yes,Yes,Yes,Yes,Yes,0.9638007605453891,0.03619923945461091,3.6,Very low
4256-ZWTZI,Morro Bay,93442,5,Month-to-month,DSL,Mailed check,51.0,286.8,No,No,No,Yes,No,No,0.9123570166895197,0.08764298331048023,8.8,Very low
4257-GAESD,Dinuba,93618,6,Month-to-month,DSL,Credit card (automatic),45.0,298.7,No,No,No,No,Yes,Yes,0.4714902735803065,0.5285097264196935,52.9,High
4273-MBHYA,Desert Hot Springs,92241,1,Month-to-month,Fiber optic,Electronic check,89.35,89.35,No,No,No,No,Yes,Yes,0.5448837965783986,0.4551162034216014,45.5,High
4274-DRSQT,Potrero,91963,66,One year,Fiber optic,Bank transfer (automatic),88.9,6000.1,No,Yes,No,No,Yes,No,0.8680668459655252,0.13193315403447484,13.2,Low
4277-BWBML,Three Rivers,93271,72,Two year,No,Bank transfer (automatic),19.95,1322.85,No,No,No,No,No,No,0.9984633895061874,0.0015366104938126244,0.2,Very low
4277-UDIEF,Nuevo,92567,24,Month-to-month,DSL,Bank transfer (automatic),81.0,1923.85,Yes,No,No,Yes,Yes,Yes,0.9314198125219073,0.06858018747809273,6.9,Very low
4280-DLSHD,San Bernardino,92411,8,Month-to-month,DSL,Mailed check,54.75,445.85,No,Yes,Yes,No,No,No,0.5787882723561204,0.42121172764387954,42.1,Medium
4282-ACRXS,Covina,91723,38,Month-to-month,DSL,Electronic check,24.85,955.75,No,No,No,No,No,No,0.6033518341345502,0.3966481658654498,39.7,Medium
4282-MSACW,Tahoe City,96145,68,One year,Fiber optic,Credit card (automatic),117.2,8035.95,Yes,Yes,Yes,Yes,Yes,Yes,0.9203806351629082,0.07961936483709174,8.0,Very low
4283-IVYCI,Sacramento,95832,9,Month-to-month,DSL,Mailed check,64.95,547.8,Yes,No,No,Yes,No,Yes,0.7860653656650869,0.21393463433491317,21.4,Low
4291-HPAXL,Galt,95632,1,Month-to-month,No,Mailed check,19.85,19.85,No,No,No,No,No,No,0.9512760504361688,0.04872394956383118,4.9,Very low
4291-HYEBC,Weldon,93283,28,One year,DSL,Electronic check,39.1,1096.6,No,Yes,No,No,No,Yes,0.9082325546248183,0.09176744537518167,9.2,Very low
4291-SHSBH,Modesto,95354,7,Month-to-month,Fiber optic,Electronic check,69.55,521.35,No,No,No,No,No,No,0.3328152388086013,0.6671847611913987,66.7,Very high
4291-TPNFG,Raisin City,93652,72,Two year,DSL,Bank transfer (automatic),82.3,5980.55,Yes,Yes,Yes,Yes,No,Yes,0.9814122871068756,0.018587712893124476,1.9,Very low
4291-YZODP,San Carlos,94070,7,One year,No,Mailed check,20.05,96.8,No,No,No,No,No,No,0.9805848531209217,0.019415146879078297,1.9,Very low
4293-ETKAP,Litchfield,96117,65,Two year,DSL,Bank transfer (automatic),79.4,5071.9,No,Yes,No,Yes,Yes,Yes,0.9908658349658319,0.009134165034168067,0.9,Very low
4295-YURET,San Quentin,94964,56,Two year,DSL,Credit card (automatic),72.6,4084.35,Yes,No,No,Yes,Yes,Yes,0.9934289472771443,0.006571052722855744,0.7,Very low
4298-OYIFC,Loyalton,96118,15,Month-to-month,Fiber optic,Electronic check,103.45,1539.8,No,No,Yes,Yes,Yes,Yes,0.22217628432166203,0.777823715678338,77.8,Very high
4299-OPXEJ,Inglewood,90301,56,Two year,No,Bank transfer (automatic),19.55,1080.55,No,No,No,No,No,No,0.9860879031327109,0.013912096867289146,1.4,Very low
4299-SIMNS,Temple City,91780,9,Month-to-month,Fiber optic,Electronic check,81.15,784.45,Yes,No,No,No,No,No,0.35401022056580655,0.6459897794341934,64.6,High
4301-VVZKA,San Francisco,94123,16,Month-to-month,Fiber optic,Electronic check,75.4,1189.4,No,No,No,No,No,No,0.26548590669846484,0.7345140933015352,73.5,Very high
4302-ZYFEL,Belvedere Tiburon,94920,69,One year,No,Credit card (automatic),20.55,1403.1,No,No,No,No,No,No,0.9959577680572644,0.0040422319427355245,0.4,Very low
4304-TSPVK,Tupman,93276,68,Two year,Fiber optic,Bank transfer (automatic),114.9,7843.55,Yes,Yes,Yes,Yes,Yes,Yes,0.9546823114737956,0.04531768852620444,4.5,Very low
4304-XUMGI,Moreno Valley,92557,50,Two year,DSL,Bank transfer (automatic),75.15,3822.45,Yes,Yes,Yes,No,No,Yes,0.9888865448222154,0.011113455177784599,1.1,Very low
4307-KWMXE,Llano,93544,10,Month-to-month,DSL,Electronic check,35.75,389.8,No,Yes,No,Yes,No,No,0.6412215218070729,0.35877847819292713,35.9,Medium
4310-KEDTB,Yuba City,95993,26,Month-to-month,DSL,Mailed check,29.8,786.5,No,No,Yes,No,No,No,0.904347570267317,0.09565242973268293,9.6,Very low
4311-QTTAI,Van Nuys,91411,16,One year,No,Credit card (automatic),19.35,295.55,No,No,No,No,No,No,0.9403295926447296,0.059670407355270384,6.0,Very low
4312-GVYNH,Westminster,92683,70,Two year,DSL,Bank transfer (automatic),49.85,3370.2,Yes,No,Yes,Yes,No,Yes,0.9749558363190948,0.02504416368090526,2.5,Very low
4312-KFRXN,Bradley,93426,72,Two year,No,Mailed check,25.4,1710.9,No,No,No,No,No,No,0.9880699894203466,0.011930010579653347,1.2,Very low
4316-XCSLJ,Palo Alto,94301,17,Month-to-month,DSL,Mailed check,50.3,846.8,Yes,No,No,No,No,No,0.9407647819038991,0.059235218096100925,5.9,Very low
4318-RAJVY,Encino,91436,10,One year,No,Mailed check,19.8,198.25,No,No,No,No,No,No,0.8857608124613825,0.11423918753861746,11.4,Low
4320-QMLLA,Avery,95224,7,Month-to-month,DSL,Mailed check,54.85,370.4,No,No,No,No,Yes,No,0.6237990176280345,0.37620098237196553,37.6,Medium
4323-ELYYB,Likely,96116,13,One year,No,Mailed check,20.0,218.55,No,No,No,No,No,No,0.9786785521825896,0.02132144781741046,2.1,Very low
4323-OHFOW,Newhall,91321,70,One year,Fiber optic,Bank transfer (automatic),105.55,7195.35,No,Yes,No,Yes,Yes,Yes,0.8560509621774056,0.14394903782259438,14.4,Low
4324-AHJKS,Buttonwillow,93206,5,Month-to-month,DSL,Credit card (automatic),55.8,300.4,Yes,No,Yes,No,No,No,0.7829819667957147,0.21701803320428528,21.7,Low
4324-BZCKL,Paynes Creek,96075,10,Month-to-month,DSL,Mailed check,55.55,551.3,No,Yes,Yes,No,No,No,0.8827705502772265,0.1172294497227735,11.7,Low
4328-VUFWD,Vallejo,94591,39,One year,DSL,Electronic check,59.3,2209.15,No,No,No,Yes,No,Yes,0.9181914246129791,0.08180857538702088,8.2,Very low
4329-YPDDQ,Cazadero,95421,20,Month-to-month,Fiber optic,Bank transfer (automatic),108.2,2203.7,Yes,Yes,Yes,Yes,Yes,Yes,0.595578495090485,0.40442150490951495,40.4,Medium
4332-MUOEZ,Moreno Valley,92553,20,One year,Fiber optic,Credit card (automatic),94.3,1818.3,Yes,No,Yes,Yes,No,Yes,0.8034915444764907,0.1965084555235092,19.7,Low
4334-HOWRP,Cambria,93428,72,Two year,DSL,Credit card (automatic),64.95,4546.0,Yes,Yes,Yes,Yes,Yes,Yes,0.9724245850857413,0.02757541491425878,2.8,Very low
4335-BSMJS,Sanger,93657,62,Two year,No,Credit card (automatic),25.8,1563.95,No,No,No,No,No,No,0.9848478639007776,0.015152136099222342,1.5,Very low
4335-UPJSI,Aguanga,92536,24,Two year,No,Mailed check,19.75,498.1,No,No,No,No,No,No,0.993699292050292,0.006300707949708056,0.6,Very low
4338-EYCER,Carlotta,95528,21,Month-to-month,DSL,Bank transfer (automatic),54.6,1125.2,No,No,No,No,Yes,No,0.6883069917292124,0.3116930082707876,31.2,Medium
4342-HFXWS,Santa Monica,90401,48,One year,DSL,Bank transfer (automatic),69.7,3023.65,Yes,No,Yes,Yes,Yes,No,0.9917720623990196,0.008227937600980405,0.8,Very low
4343-EJVQB,Mariposa,95338,7,Month-to-month,Fiber optic,Mailed check,74.35,533.6,Yes,No,No,No,No,No,0.574706346203188,0.42529365379681205,42.5,Medium
4350-ZTLPI,Van Nuys,91401,53,One year,Fiber optic,Bank transfer (automatic),108.95,5718.2,No,Yes,Yes,Yes,Yes,Yes,0.7776921366679145,0.22230786333208555,22.2,Low
4353-HYOJD,Monrovia,91016,27,Month-to-month,DSL,Mailed check,49.85,1336.15,No,Yes,No,No,No,No,0.949160969453797,0.05083903054620295,5.1,Very low
4355-CVPVS,California Hot Springs,93207,56,One year,Fiber optic,Bank transfer (automatic),88.9,4968.0,No,No,No,No,Yes,Yes,0.9611316658394301,0.03886833416056991,3.9,Very low
4359-INNWN,Dunsmuir,96025,17,One year,No,Credit card (automatic),20.05,337.9,No,No,No,No,No,No,0.942189380915498,0.05781061908450199,5.8,Very low
4360-PNRQB,Yucca Valley,92284,18,Month-to-month,Fiber optic,Bank transfer (automatic),75.6,1395.05,No,No,No,No,No,No,0.4264955347576601,0.5735044652423399,57.4,High
4360-QRAVE,Farmington,95230,37,Month-to-month,DSL,Electronic check,36.65,1315.0,No,Yes,Yes,No,No,No,0.7596519263036284,0.24034807369637157,24.0,Low
4361-FEBGN,San Francisco,94131,48,Two year,No,Credit card (automatic),20.15,982.95,No,No,No,No,No,No,0.98770599764859,0.012294002351409983,1.2,Very low
4365-MSDYN,San Clemente,92672,8,Month-to-month,No,Bank transfer (automatic),19.55,161.15,No,No,No,No,No,No,0.7403534089841817,0.2596465910158184,26.0,Medium
4366-CTOUZ,Bodega Bay,94923,50,Two year,Fiber optic,Mailed check,100.2,5038.45,No,Yes,No,Yes,Yes,Yes,0.9024875970271915,0.09751240297280844,9.8,Very low
4367-NHWMM,Corte Madera,94925,1,Month-to-month,DSL,Mailed check,24.9,24.9,No,No,No,No,No,No,0.4419505271714995,0.5580494728285005,55.8,High
4367-NUYAO,Cupertino,95014,0,Two year,No,Mailed check,25.75,0.0,No,No,No,No,No,No,0.9737658079020478,0.02623419209795224,2.6,Very low
4369-NYSCF,Oakland,94606,56,One year,DSL,Bank transfer (automatic),75.75,4284.65,No,Yes,No,Yes,Yes,Yes,0.943110315197559,0.05688968480244101,5.7,Very low
4373-VVHQL,Arroyo Grande,93420,1,Month-to-month,DSL,Electronic check,44.75,44.75,No,No,No,No,No,No,0.4915821640551803,0.5084178359448197,50.8,High
4374-YMUSQ,Lake Elsinore,92530,34,One year,Fiber optic,Credit card (automatic),116.25,3899.05,Yes,Yes,Yes,Yes,Yes,Yes,0.8401286410832094,0.15987135891679058,16.0,Low
4376-KFVRS,Barstow,92311,72,Two year,Fiber optic,Credit card (automatic),114.05,8468.2,Yes,Yes,Yes,Yes,Yes,Yes,0.9461317407304458,0.053868259269554186,5.4,Very low
4377-VDHYI,Patterson,95363,32,One year,Fiber optic,Electronic check,90.8,3023.85,Yes,Yes,No,No,No,Yes,0.9187787890002574,0.08122121099974254,8.1,Very low
4378-BZYFP,Fairfield,94533,17,One year,No,Mailed check,20.5,365.8,No,No,No,No,No,No,0.9062971185658448,0.09370288143415517,9.4,Very low
4378-MYPGO,Greenwood,95635,68,Two year,Fiber optic,Bank transfer (automatic),105.25,7173.15,Yes,Yes,Yes,No,Yes,Yes,0.9866623908075789,0.013337609192421107,1.3,Very low
4381-MHQDC,Solvang,93463,47,Two year,DSL,Mailed check,65.0,2879.9,Yes,No,Yes,Yes,No,No,0.9702069338006861,0.029793066199313895,3.0,Very low
4385-ZKVNW,San Francisco,94102,44,Month-to-month,DSL,Bank transfer (automatic),54.9,2549.1,No,Yes,No,Yes,No,No,0.9724303988460155,0.02756960115398454,2.8,Very low
4389-UEFCZ,Monte Rio,95462,72,Two year,Fiber optic,Electronic check,105.5,7544.0,Yes,No,Yes,No,Yes,Yes,0.8821541531578233,0.11784584684217672,11.8,Low
4391-LNRXK,Port Costa,94569,22,Month-to-month,Fiber optic,Bank transfer (automatic),94.95,2142.8,No,Yes,Yes,Yes,No,Yes,0.592942425148967,0.407057574851033,40.7,Medium
4393-GEADV,Dulzura,91917,70,Two year,Fiber optic,Credit card (automatic),114.75,7842.3,Yes,Yes,Yes,Yes,Yes,Yes,0.9916194267093341,0.008380573290665896,0.8,Very low
4393-OBCRR,Bella Vista,96008,3,One year,No,Mailed check,20.25,71.2,No,No,No,No,No,No,0.8973459419485962,0.10265405805140386,10.3,Low
4393-RYCRE,Macdoel,96058,44,One year,Fiber optic,Electronic check,106.05,4510.8,Yes,Yes,Yes,No,Yes,Yes,0.7724197394869027,0.22758026051309732,22.8,Low
4395-PZMSN,San Gregorio,94074,5,Month-to-month,Fiber optic,Electronic check,85.55,408.5,No,Yes,No,No,No,Yes,0.2801669731166493,0.7198330268833507,72.0,Very high
4396-KLSEH,Bakersfield,93311,4,Month-to-month,No,Electronic check,19.85,63.0,No,No,No,No,No,No,0.6953279190243886,0.3046720809756113,30.5,Medium
4397-FRLTA,Corona,92883,4,Month-to-month,No,Mailed check,20.15,84.5,No,No,No,No,No,No,0.8126745363977801,0.1873254636022199,18.7,Low
4402-FTBXC,Hopland,95449,54,Month-to-month,Fiber optic,Mailed check,89.8,4667.0,Yes,No,Yes,No,Yes,No,0.8335542465514796,0.16644575344852036,16.6,Low
4403-BWPAY,Los Angeles,90017,14,One year,No,Credit card (automatic),24.8,321.7,No,No,No,No,No,No,0.8785158702464297,0.1214841297535702,12.1,Low
4415-WNGVR,Daggett,92327,12,One year,DSL,Electronic check,79.2,943.85,Yes,No,Yes,Yes,Yes,Yes,0.7204769478776438,0.2795230521223561,28.0,Medium
4418-LZMSV,San Diego,92113,13,Month-to-month,DSL,Bank transfer (automatic),61.8,750.1,No,Yes,Yes,Yes,No,No,0.9475962984430911,0.05240370155690891,5.2,Very low
4419-UJMUS,Wildomar,92595,69,Two year,Fiber optic,Electronic check,99.35,6856.45,No,No,No,Yes,Yes,Yes,0.969666930776839,0.030333069223161018,3.0,Very low
4422-QVIJA,Los Angeles,90035,35,Month-to-month,DSL,Mailed check,50.15,1655.35,No,No,No,No,No,No,0.9539109658060798,0.04608903419392015,4.6,Very low
4423-JWZJN,Springville,93265,64,One year,Fiber optic,Credit card (automatic),90.25,5629.15,No,No,Yes,No,No,Yes,0.9702254087483153,0.029774591251684645,3.0,Very low
4425-OWHWB,El Cajon,92019,20,One year,No,Credit card (automatic),19.35,433.75,No,No,No,No,No,No,0.9266648062220008,0.07333519377799924,7.3,Very low
4429-WYGFR,Sacramento,95821,26,Month-to-month,DSL,Bank transfer (automatic),49.15,1237.3,No,No,No,Yes,No,No,0.8663830201934494,0.1336169798065506,13.4,Low
4430-YHXGG,San Lorenzo,94580,4,Month-to-month,No,Mailed check,25.45,84.2,No,No,No,No,No,No,0.9160362159858428,0.08396378401415712,8.4,Very low
4431-EDMIQ,Sugarloaf,92386,7,Month-to-month,DSL,Electronic check,75.7,554.05,Yes,Yes,Yes,Yes,Yes,No,0.8868702761045317,0.11312972389546821,11.3,Low
4439-YRNVD,Selma,93662,10,Month-to-month,DSL,Electronic check,36.25,374.0,No,Yes,No,Yes,No,No,0.6445255765045117,0.35547442349548825,35.5,Medium
4443-EMBNA,Castaic,91384,71,Two year,No,Bank transfer (automatic),24.75,1836.9,No,No,No,No,No,No,0.988970135645198,0.011029864354802014,1.1,Very low
4445-KWOKW,Potrero,91963,42,One year,DSL,Bank transfer (automatic),60.15,2421.6,Yes,Yes,No,No,No,No,0.9308154193897421,0.06918458061025792,6.9,Very low
4445-ZJNMU,Manhattan Beach,90266,9,Month-to-month,Fiber optic,Credit card (automatic),99.3,918.75,No,Yes,No,No,Yes,Yes,0.26995983279719604,0.730040167202804,73.0,Very high
4450-DLLMH,Avalon,90704,2,Month-to-month,Fiber optic,Credit card (automatic),71.3,157.75,No,No,No,No,No,No,0.39194793992325827,0.6080520600767417,60.8,High
4450-MDZFX,Monrovia,91016,60,Month-to-month,Fiber optic,Bank transfer (automatic),74.35,4453.3,No,No,No,No,No,No,0.9431338699671289,0.05686613003287111,5.7,Very low
4450-YOOHP,Sacramento,95818,39,Month-to-month,DSL,Credit card (automatic),50.65,1905.4,No,No,Yes,No,Yes,Yes,0.6592231910715949,0.3407768089284052,34.1,Medium
4451-RWASJ,Lagunitas,94938,15,One year,No,Mailed check,19.5,239.75,No,No,No,No,No,No,0.9717599500493956,0.02824004995060433,2.8,Very low
4452-QIIEB,Glendora,91740,7,Month-to-month,DSL,Mailed check,43.9,278.4,No,No,No,No,No,No,0.6891411658577968,0.3108588341422032,31.1,Medium
4452-ROHMO,San Diego,92128,15,Two year,No,Mailed check,19.6,331.6,No,No,No,No,No,No,0.9584554151779057,0.041544584822094305,4.2,Very low
4455-BFSPD,Hollister,95023,61,One year,Fiber optic,Bank transfer (automatic),101.15,6383.9,No,No,No,Yes,Yes,Yes,0.8519878445072079,0.14801215549279212,14.8,Low
4456-RHSNB,San Bernardino,92401,19,Month-to-month,DSL,Bank transfer (automatic),49.6,962.9,No,No,Yes,No,No,No,0.9099547465366453,0.09004525346335462,9.0,Very low
4458-KVRBJ,San Jose,95110,59,Two year,No,Mailed check,25.0,1510.5,No,No,No,No,No,No,0.9861077418541871,0.013892258145812896,1.4,Very low
4459-BBGHE,Descanso,91916,30,Month-to-month,DSL,Electronic check,44.5,1307.8,No,No,No,No,Yes,Yes,0.8202893616798306,0.1797106383201694,18.0,Low
4462-CYWMH,Lindsay,93247,62,Month-to-month,Fiber optic,Bank transfer (automatic),89.8,5629.55,No,Yes,No,No,No,Yes,0.672618205153199,0.3273817948468009,32.7,Medium
4465-VDKIQ,Glendale,91201,18,Month-to-month,Fiber optic,Electronic check,77.8,1358.6,No,Yes,Yes,No,No,No,0.5426104175733986,0.45738958242660144,45.7,High
4468-KAZHE,Hughson,95326,20,Month-to-month,DSL,Electronic check,60.0,1259.35,No,Yes,No,No,No,Yes,0.5389066826058706,0.46109331739412934,46.1,High
4468-YDOVK,Richmond,94805,5,Month-to-month,DSL,Bank transfer (automatic),48.65,235.2,No,No,No,Yes,No,No,0.918861502173176,0.081138497826824,8.1,Very low
4472-LVYGI,San Bernardino,92408,0,Two year,DSL,Bank transfer (automatic),52.55,0.0,Yes,No,Yes,Yes,Yes,No,0.7829074731471495,0.21709252685285055,21.7,Low
4472-VESGY,Durham,95938,52,Month-to-month,Fiber optic,Bank transfer (automatic),98.15,4993.4,Yes,Yes,Yes,No,No,Yes,0.9417388536521637,0.0582611463478363,5.8,Very low
4475-NVTLU,Paso Robles,93446,45,Two year,No,Electronic check,19.2,903.7,No,No,No,No,No,No,0.994498497813226,0.005501502186774023,0.6,Very low
4476-OSWTN,Witter Springs,95493,69,One year,Fiber optic,Mailed check,110.55,7610.1,Yes,No,Yes,Yes,Yes,Yes,0.8717947784572586,0.12820522154274136,12.8,Low
4480-MBMLB,Los Angeles,90066,36,One year,Fiber optic,Bank transfer (automatic),104.8,3886.45,No,Yes,Yes,No,Yes,Yes,0.6520280289938483,0.3479719710061517,34.8,Medium
4480-QQRHC,Hydesville,95547,8,Month-to-month,Fiber optic,Bank transfer (automatic),74.05,600.15,No,No,Yes,No,No,No,0.4307035188617575,0.5692964811382425,56.9,High
4482-EWFMI,Arcadia,91006,2,Month-to-month,Fiber optic,Electronic check,69.7,135.2,No,No,No,No,No,No,0.2995826469165881,0.7004173530834119,70.0,Very high
4482-FTFFX,Penngrove,94951,5,Month-to-month,DSL,Electronic check,56.15,291.45,No,No,Yes,Yes,No,No,0.6923350084800559,0.3076649915199441,30.8,Medium
4486-EFAEB,Los Angeles,90002,13,Month-to-month,No,Electronic check,20.4,251.65,No,No,No,No,No,No,0.75545183131371,0.24454816868628998,24.5,Low
4487-ZYJZK,Los Gatos,95032,38,One year,No,Credit card (automatic),19.6,763.1,No,No,No,No,No,No,0.9921071475764193,0.007892852423580716,0.8,Very low
4488-KQFDT,Lemon Grove,91945,61,One year,Fiber optic,Electronic check,103.95,6423.0,No,Yes,Yes,No,Yes,Yes,0.7498481707415051,0.2501518292584949,25.0,Medium
4495-LHSSK,Camp Nelson,93208,18,Month-to-month,DSL,Mailed check,57.65,992.7,Yes,No,No,No,No,No,0.9441036560652439,0.055896343934756045,5.6,Very low
4500-HKANN,Anaheim,92807,23,Two year,DSL,Mailed check,59.7,1414.2,No,Yes,No,Yes,No,No,0.9207915074463288,0.07920849255367121,7.9,Very low
4501-UYKBC,Igo,96047,46,One year,DSL,Credit card (automatic),69.1,3255.35,No,No,Yes,Yes,No,Yes,0.9151410857493998,0.08485891425060016,8.5,Very low
4501-VCPFK,Coachella,92236,26,Month-to-month,DSL,Electronic check,35.75,1022.5,No,No,Yes,Yes,No,No,0.7371058653527374,0.2628941346472626,26.3,Medium
4504-YOULA,Wilton,95693,35,Month-to-month,DSL,Credit card (automatic),59.45,2136.9,Yes,Yes,No,No,No,No,0.9534417790842692,0.04655822091573078,4.7,Very low
4508-OEBEY,Goleta,93117,31,One year,DSL,Credit card (automatic),75.5,2424.45,Yes,Yes,Yes,Yes,No,Yes,0.9180190021640383,0.08198099783596166,8.2,Very low
4513-CXYIX,Lake Elsinore,92532,71,Two year,Fiber optic,Credit card (automatic),80.7,5676.0,Yes,No,No,No,No,No,0.948784580014626,0.05121541998537402,5.1,Very low
4518-FZBSX,Coulterville,95311,42,One year,No,Mailed check,20.25,854.9,No,No,No,No,No,No,0.9918539082303667,0.008146091769633355,0.8,Very low
4521-WFJAI,Sacramento,95825,56,Two year,No,Bank transfer (automatic),25.95,1444.05,No,No,No,No,No,No,0.9802513385970719,0.019748661402928035,2.0,Very low
4521-YEEHE,Anaheim,92805,18,Month-to-month,Fiber optic,Electronic check,88.85,1594.75,No,No,No,Yes,Yes,No,0.29092447670818256,0.7090755232918174,70.9,Very high
4522-AKYLR,Chino Hills,91709,13,Month-to-month,DSL,Electronic check,54.8,731.3,No,Yes,Yes,No,No,No,0.619852417366237,0.380147582633763,38.0,Medium
4522-XRWWI,Manton,96059,42,One year,DSL,Credit card (automatic),80.45,3375.9,Yes,No,No,Yes,Yes,Yes,0.9154741731098104,0.08452582689018961,8.5,Very low
4524-QCSSM,Encino,91436,26,Month-to-month,DSL,Bank transfer (automatic),44.65,1156.55,Yes,Yes,No,No,No,Yes,0.7112936139300108,0.2887063860699892,28.9,Medium
4525-VZCZG,Vernalis,95385,54,One year,Fiber optic,Electronic check,105.85,5826.65,Yes,Yes,No,Yes,Yes,Yes,0.9705185795652594,0.02948142043474057,2.9,Very low
4526-EXKKN,Rio Nido,95471,40,Two year,No,Mailed check,24.6,973.95,No,No,No,No,No,No,0.9633103387535633,0.03668966124643667,3.7,Very low
4526-RMTLL,Maywood,90270,8,Two year,DSL,Credit card (automatic),76.15,645.8,Yes,Yes,No,Yes,No,Yes,0.969737631113959,0.03026236888604097,3.0,Very low
4526-ZJJTM,San Mateo,94403,25,Month-to-month,Fiber optic,Bank transfer (automatic),88.4,2191.15,No,Yes,Yes,No,No,Yes,0.5514035895198991,0.4485964104801009,44.9,Medium
4530-NDRKU,Auburn,95603,42,One year,No,Electronic check,19.05,761.85,No,No,No,No,No,No,0.9850574134583071,0.014942586541692867,1.5,Very low
4531-AUZNK,Oakland,94610,51,One year,Fiber optic,Mailed check,95.15,5000.05,Yes,No,No,Yes,Yes,No,0.9613599325211006,0.03864006747889933,3.9,Very low
4534-WGCIR,Covina,91723,58,Two year,No,Credit card (automatic),25.15,1509.9,No,No,No,No,No,No,0.9967685805881349,0.003231419411865084,0.3,Very low
4536-PLEQY,Los Angeles,90058,12,Month-to-month,Fiber optic,Credit card (automatic),85.05,999.8,No,Yes,No,No,No,Yes,0.36709840002443117,0.6329015999755688,63.3,High
4537-CIBHB,Arvin,93203,9,One year,No,Mailed check,20.25,172.35,No,No,No,No,No,No,0.9760214009189409,0.023978599081059142,2.4,Very low
4537-DKTAL,Darwin,93522,2,Month-to-month,DSL,Electronic check,45.55,84.4,No,No,No,No,No,No,0.5914004266580037,0.40859957334199626,40.9,Medium
4538-WNTMJ,Isleton,95641,46,One year,No,Mailed check,24.95,1165.9,No,No,No,No,No,No,0.9521045607528179,0.047895439247182085,4.8,Very low
4544-RXFMG,North San Juan,95960,8,One year,DSL,Mailed check,43.45,345.5,No,No,No,No,No,No,0.9272360328105135,0.07276396718948656,7.3,Very low
4546-FOKWR,Los Gatos,95032,16,Month-to-month,Fiber optic,Credit card (automatic),74.75,1129.35,No,No,No,No,No,No,0.4266192382506149,0.5733807617493851,57.3,High
4547-FZJWE,Forest Falls,92339,55,One year,DSL,Credit card (automatic),59.45,3157.0,Yes,No,No,No,No,Yes,0.9575679656710605,0.04243203432893951,4.2,Very low
4549-ZDQYY,Torrance,90505,52,One year,DSL,Credit card (automatic),57.95,3042.25,Yes,No,Yes,Yes,No,No,0.9808083870851381,0.01919161291486188,1.9,Very low
4553-DVPZG,Daly City,94015,62,Month-to-month,Fiber optic,Electronic check,101.35,6164.7,No,No,Yes,No,Yes,Yes,0.5017354287616831,0.49826457123831686,49.8,High
4558-CGYCZ,San Fernando,91340,4,Month-to-month,No,Mailed check,19.75,78.3,No,No,No,No,No,No,0.8104738073320972,0.18952619266790283,19.0,Low
4559-UWIHT,Atascadero,93422,14,Month-to-month,Fiber optic,Electronic check,82.65,1185.0,No,Yes,Yes,No,No,No,0.27719485067750727,0.7228051493224927,72.3,Very high
4560-WQAQW,Mount Laguna,91948,59,One year,DSL,Bank transfer (automatic),68.7,4070.95,Yes,No,No,Yes,No,Yes,0.9703648300580551,0.02963516994194493,3.0,Very low
4565-EVZMJ,San Diego,92128,47,One year,DSL,Mailed check,58.9,2813.05,Yes,Yes,No,Yes,No,No,0.965980990326026,0.03401900967397394,3.4,Very low
4565-NLZBV,Kneeland,95549,71,Two year,No,Bank transfer (automatic),24.65,1710.15,No,No,No,No,No,No,0.9843368343010388,0.01566316569896121,1.6,Very low
4566-NECEV,Palos Verdes Peninsula,90274,5,Month-to-month,Fiber optic,Electronic check,96.55,500.1,No,Yes,Yes,No,No,Yes,0.2913503979844769,0.7086496020155231,70.9,Very high
4567-AKPIA,Canyon Dam,95923,41,One year,Fiber optic,Bank transfer (automatic),109.1,4454.25,No,Yes,Yes,Yes,Yes,Yes,0.9218716589405624,0.0781283410594375,7.8,Very low
4568-KNYWR,Fullerton,92831,52,Two year,DSL,Credit card (automatic),63.25,3342.45,Yes,Yes,No,No,Yes,No,0.9732199950413574,0.026780004958642682,2.7,Very low
4568-TTZRT,Auburn,95602,9,Month-to-month,No,Mailed check,20.4,181.8,No,No,No,No,No,No,0.8349729167211457,0.16502708327885432,16.5,Low
4570-QHXHL,Santa Ana,92704,9,Month-to-month,DSL,Electronic check,43.75,405.7,No,No,No,No,No,No,0.5621355135130857,0.4378644864869144,43.8,Medium
4573-JKNAE,Los Angeles,90032,12,Two year,No,Bank transfer (automatic),19.35,212.3,No,No,No,No,No,No,0.9913483481679369,0.008651651832063088,0.9,Very low
4578-PHJYZ,Orland,95963,52,One year,DSL,Electronic check,68.75,3482.85,No,Yes,Yes,Yes,Yes,No,0.9806243422550914,0.01937565774490861,1.9,Very low
4581-LNWUM,San Pablo,94806,13,Month-to-month,DSL,Electronic check,49.15,649.4,No,No,Yes,No,Yes,Yes,0.42948826517273897,0.570511734827261,57.1,High
4583-PARNH,Kerman,93630,16,Month-to-month,Fiber optic,Electronic check,91.55,1540.05,No,No,Yes,Yes,No,Yes,0.35226633357395254,0.6477336664260475,64.8,High
4584-LBNMK,Portola,96122,45,One year,No,Credit card (automatic),24.7,1174.35,No,No,No,No,No,No,0.9557080283903178,0.04429197160968223,4.4,Very low
4589-IUAJB,Garden Grove,92843,70,Two year,No,Bank transfer (automatic),24.25,1724.15,No,No,No,No,No,No,0.9884337089526994,0.011566291047300548,1.2,Very low
4598-ZADCK,Hopland,95449,53,One year,DSL,Electronic check,53.6,2879.2,Yes,Yes,Yes,Yes,Yes,No,0.9253871453897196,0.0746128546102804,7.5,Very low
4608-LCIMN,Pismo Beach,93449,8,Month-to-month,DSL,Bank transfer (automatic),44.65,369.15,No,No,No,No,No,No,0.9059165251195447,0.09408347488045528,9.4,Very low
4609-KNNWG,Dunnigan,95937,27,Two year,No,Mailed check,19.9,550.1,No,No,No,No,No,No,0.992450077019127,0.007549922980872971,0.8,Very low
4611-ANLQC,Castro Valley,94552,60,One year,DSL,Electronic check,50.05,2911.5,Yes,Yes,Yes,No,No,Yes,0.9251544817101136,0.07484551828988643,7.5,Very low
4612-SSVHJ,Yermo,92398,20,Month-to-month,Fiber optic,Electronic check,81.45,1671.6,No,No,No,No,No,Yes,0.370082300295528,0.629917699704472,63.0,High
4615-PIVVU,Ludlow,92338,42,Two year,DSL,Credit card (automatic),66.5,2762.75,No,No,Yes,Yes,No,Yes,0.9715179287392951,0.028482071260704882,2.8,Very low
4616-EWBNJ,Los Angeles,90042,16,One year,No,Bank transfer (automatic),20.1,318.6,No,No,No,No,No,No,0.9372623047135129,0.06273769528648714,6.3,Very low
4616-ULAOA,Escondido,92029,65,Two year,Fiber optic,Credit card (automatic),110.8,7245.9,No,Yes,Yes,Yes,Yes,Yes,0.9800739616552658,0.019926038344734127,2.0,Very low
4619-EVPHY,Lamont,93241,20,One year,Fiber optic,Bank transfer (automatic),91.0,1859.5,No,No,No,No,Yes,Yes,0.5000168233046128,0.49998317669538717,50.0,High
4622-YNKIJ,Norwalk,90650,33,Two year,Fiber optic,Electronic check,88.95,3027.65,Yes,No,No,Yes,Yes,No,0.8691972944582539,0.13080270554174608,13.1,Low
4623-ZKHLY,Ontario,91762,22,Month-to-month,No,Bank transfer (automatic),20.45,471.55,No,No,No,No,No,No,0.8203558598992997,0.1796441401007003,18.0,Low
4625-LAMOB,Fresno,93705,44,Two year,No,Credit card (automatic),20.4,905.55,No,No,No,No,No,No,0.9859601362735404,0.014039863726459652,1.4,Very low
4625-XMOYM,Annapolis,95412,72,Two year,No,Bank transfer (automatic),26.25,1988.05,No,No,No,No,No,No,0.9969627365514483,0.0030372634485517263,0.3,Very low
4626-OZDTJ,Wildomar,92595,51,One year,DSL,Credit card (automatic),78.65,3950.85,No,Yes,No,Yes,Yes,Yes,0.8892134643517162,0.11078653564828383,11.1,Low
4627-MIHJH,Stockton,95210,69,Two year,Fiber optic,Credit card (automatic),110.25,7467.55,Yes,No,Yes,Yes,Yes,Yes,0.9640347272714053,0.03596527272859475,3.6,Very low
4632-PAOYU,Anaheim,92808,22,One year,No,Mailed check,19.95,433.5,No,No,No,No,No,No,0.9841599354324606,0.015840064567539336,1.6,Very low
4632-XJMEX,Fresno,93650,53,One year,DSL,Credit card (automatic),62.85,3419.5,Yes,Yes,No,Yes,No,No,0.9965314205605786,0.0034685794394213798,0.3,Very low
4633-MKHYU,San Diego,92109,9,Month-to-month,Fiber optic,Mailed check,88.4,788.6,No,No,No,No,Yes,Yes,0.28950668867317,0.71049331132683,71.0,Very high
4634-JLRJT,Ontario,91764,1,Month-to-month,No,Mailed check,20.35,20.35,No,No,No,No,No,No,0.7332477165499767,0.26675228345002333,26.7,Medium
4635-EJYPD,Tomales,94971,32,Two year,No,Mailed check,18.95,613.95,No,No,No,No,No,No,0.9935194347213094,0.006480565278690549,0.6,Very low
4636-JGAAI,San Jose,95120,34,Month-to-month,Fiber optic,Mailed check,88.85,3000.25,No,Yes,No,No,No,Yes,0.5142241543068684,0.48577584569313154,48.6,High
4636-OLWOE,Fortuna,95540,54,One year,DSL,Electronic check,61.0,3283.05,No,Yes,Yes,Yes,No,No,0.9896964078614262,0.010303592138573828,1.0,Very low
4636-TVXVG,Woodacre,94973,62,One year,No,Bank transfer (automatic),19.95,1244.8,No,No,No,No,No,No,0.9962169652857917,0.003783034714208253,0.4,Very low
4641-FROLU,La Honda,94020,30,Two year,No,Mailed check,19.3,602.9,No,No,No,No,No,No,0.993169870532014,0.006830129467986037,0.7,Very low
4644-OBGFZ,San Francisco,94115,55,One year,No,Mailed check,19.5,1026.35,No,No,No,No,No,No,0.9947242887003281,0.0052757112996718565,0.5,Very low
4644-PIZRT,Long Barn,95335,17,One year,DSL,Bank transfer (automatic),70.35,1201.65,Yes,No,Yes,No,Yes,No,0.9371436791330192,0.06285632086698074,6.3,Very low
4646-QZXTF,San Juan Bautista,95045,7,Month-to-month,DSL,Bank transfer (automatic),81.25,580.1,Yes,No,Yes,Yes,Yes,Yes,0.6884598474335253,0.31154015256647466,31.2,Medium
4647-MUZON,Port Hueneme,93041,18,Month-to-month,Fiber optic,Credit card (automatic),95.95,1745.5,No,No,Yes,No,Yes,Yes,0.3303103498865293,0.6696896501134707,67.0,Very high
4647-XXZAM,Los Angeles,90037,6,Month-to-month,DSL,Mailed check,45.5,285.2,No,No,No,No,No,No,0.8921860422934946,0.10781395770650531,10.8,Low
4648-YPBTM,Arcadia,91007,53,Two year,DSL,Bank transfer (automatic),73.9,3958.25,No,Yes,Yes,Yes,No,Yes,0.9623765160093856,0.03762348399061443,3.8,Very low
4652-ODEVH,Dutch Flat,95714,45,Two year,No,Mailed check,24.45,1088.25,No,No,No,No,No,No,0.9941058790658562,0.005894120934143727,0.6,Very low
4654-DLAMQ,Warner Springs,92086,64,One year,Fiber optic,Bank transfer (automatic),97.0,6430.9,Yes,Yes,Yes,No,No,Yes,0.9322094526633153,0.06779054733668467,6.8,Very low
4654-GGUII,Smartville,95977,18,One year,DSL,Mailed check,40.2,711.95,Yes,Yes,No,Yes,No,No,0.8680890632057997,0.13191093679420027,13.2,Low
4654-ULTTN,Fillmore,93015,70,Two year,DSL,Credit card (automatic),74.8,5315.8,Yes,No,Yes,Yes,No,Yes,0.9790694125145443,0.020930587485455687,2.1,Very low
4656-CAURT,Phillipsville,95559,69,Two year,No,Bank transfer (automatic),23.95,1713.1,No,No,No,No,No,No,0.990963798476956,0.009036201523043963,0.9,Very low
4657-FWVFY,Kings Beach,96143,40,Month-to-month,Fiber optic,Credit card (automatic),96.35,3915.4,No,Yes,Yes,No,Yes,No,0.84346059300479,0.15653940699520996,15.7,Low
4660-IRIBM,Crows Landing,95313,18,Month-to-month,Fiber optic,Mailed check,87.9,1500.5,Yes,No,Yes,No,Yes,No,0.7991534377303376,0.20084656226966238,20.1,Low
4661-NJEUX,Portola Valley,94028,1,Month-to-month,No,Mailed check,20.05,20.05,No,No,No,No,No,No,0.7304233984971216,0.2695766015028785,27.0,Medium
4664-NJCMS,San Francisco,94133,33,Two year,DSL,Bank transfer (automatic),59.55,2016.3,Yes,No,Yes,Yes,Yes,Yes,0.9228763760167163,0.07712362398328368,7.7,Very low
4667-QONEA,Los Angeles,90064,60,One year,DSL,Credit card (automatic),74.85,4456.35,Yes,Yes,Yes,Yes,No,Yes,0.9671909722390786,0.032809027760921386,3.3,Very low
4670-TABXH,Hawthorne,90250,72,Two year,Fiber optic,Credit card (automatic),109.75,7758.9,No,Yes,Yes,Yes,Yes,Yes,0.9239471120356335,0.07605288796436646,7.6,Very low
4671-VJLCL,Los Angeles,90046,63,Two year,DSL,Credit card (automatic),79.85,4861.45,Yes,Yes,Yes,Yes,Yes,No,0.9818413491661391,0.018158650833860958,1.8,Very low
4672-FOTSD,Dorris,96023,12,Month-to-month,DSL,Electronic check,67.25,832.3,Yes,Yes,No,Yes,No,No,0.6912137257681894,0.30878627423181054,30.9,Medium
4673-KKSLS,Oakland,94605,31,Month-to-month,Fiber optic,Electronic check,87.6,2724.25,Yes,No,Yes,Yes,No,No,0.7694221064291931,0.2305778935708069,23.1,Low
4674-HGNUA,Petrolia,95558,71,Two year,DSL,Credit card (automatic),89.9,6457.15,Yes,Yes,Yes,Yes,Yes,Yes,0.996566395263747,0.003433604736252947,0.3,Very low
4676-MQUEA,Laguna Beach,92651,50,One year,Fiber optic,Bank transfer (automatic),101.9,5265.5,Yes,Yes,Yes,No,Yes,No,0.8044316376087075,0.19556836239129252,19.6,Low
4676-WLUHT,Darwin,93522,54,Two year,DSL,Bank transfer (automatic),46.2,2431.95,Yes,Yes,No,No,No,Yes,0.9706883932909064,0.02931160670909359,2.9,Very low
4680-KUTAJ,Beverly Hills,90212,11,Month-to-month,DSL,Electronic check,55.6,580.8,Yes,No,No,No,No,No,0.5797817604749698,0.42021823952503023,42.0,Medium
4682-BLBUC,La Crescenta,91214,44,One year,DSL,Electronic check,70.95,3250.45,No,Yes,Yes,Yes,Yes,No,0.8844839344984102,0.11551606550158977,11.6,Low
4683-WYDOU,Rancho Palos Verdes,90275,62,Two year,Fiber optic,Bank transfer (automatic),107.6,6912.7,No,No,Yes,Yes,Yes,Yes,0.8808203027441323,0.11917969725586774,11.9,Low
4685-ERGHK,Gasquet,95543,57,One year,Fiber optic,Electronic check,86.9,4939.25,No,No,No,No,Yes,No,0.7480912492240548,0.25190875077594516,25.2,Medium
4685-TFLLS,Spreckels,93962,18,One year,No,Bank transfer (automatic),19.8,342.3,No,No,No,No,No,No,0.9835896578483133,0.016410342151686682,1.6,Very low
4686-GEFRM,Pioneertown,92268,70,Two year,Fiber optic,Bank transfer (automatic),98.7,6858.9,No,Yes,Yes,Yes,No,Yes,0.9350483865883642,0.06495161341163579,6.5,Very low
4686-UXDML,Cutler,93615,21,Month-to-month,Fiber optic,Credit card (automatic),99.85,1992.55,No,Yes,No,No,Yes,Yes,0.35967844542738725,0.6403215545726128,64.0,High
4690-PKDQG,San Diego,92102,42,Month-to-month,Fiber optic,Electronic check,95.55,3930.6,No,Yes,Yes,No,Yes,No,0.42201685387130405,0.577983146128696,57.8,High
4692-NNQRU,Cloverdale,95425,21,One year,Fiber optic,Electronic check,79.2,1742.45,No,No,Yes,Yes,No,No,0.7213608261998685,0.2786391738001315,27.9,Medium
4693-VWVBO,Valley Springs,95252,3,Month-to-month,No,Electronic check,19.55,61.05,No,No,No,No,No,No,0.7615689536192124,0.23843104638078758,23.8,Low
4694-PHWFW,San Francisco,94105,8,Month-to-month,No,Mailed check,19.95,170.9,No,No,No,No,No,No,0.9616354668959144,0.03836453310408557,3.8,Very low
4697-LUPSU,Grover Beach,93433,2,One year,No,Mailed check,20.2,34.75,No,No,No,No,No,No,0.862592781977792,0.13740721802220798,13.7,Low
4698-KVLLG,San Quentin,94964,51,Two year,No,Credit card (automatic),19.6,967.9,No,No,No,No,No,No,0.9887892283855583,0.01121077161444176,1.1,Very low
4700-UBQMV,Stockton,95206,21,One year,DSL,Bank transfer (automatic),75.9,1549.75,Yes,No,No,No,Yes,Yes,0.927649963963826,0.07235003603617395,7.2,Very low
4701-LKOZD,Foresthill,95631,70,Two year,DSL,Credit card (automatic),89.75,6367.2,Yes,Yes,Yes,Yes,Yes,Yes,0.9868103880912511,0.013189611908748913,1.3,Very low
4702-HDRKD,Knights Landing,95645,67,One year,DSL,Bank transfer (automatic),49.35,3321.35,Yes,No,Yes,Yes,Yes,No,0.9622540109914063,0.03774598900859369,3.8,Very low
4703-MQYKT,Escondido,92025,21,Two year,No,Mailed check,19.6,390.4,No,No,No,No,No,No,0.9653101387582229,0.034689861241777045,3.5,Very low
4706-DGAHW,California Hot Springs,93207,1,Month-to-month,DSL,Electronic check,45.2,45.2,No,No,No,No,No,No,0.5743812096837331,0.425618790316267,42.6,Medium
4707-MAXGU,Canyon Country,91351,72,Two year,No,Credit card (automatic),25.85,1872.2,No,No,No,No,No,No,0.9897350218804737,0.010264978119526286,1.0,Very low
4707-YNOQA,Burnt Ranch,95527,34,One year,No,Credit card (automatic),25.6,917.15,No,No,No,No,No,No,0.9820498187551722,0.017950181244827865,1.8,Very low
4709-LKHYG,Tarzana,91356,29,One year,No,Electronic check,20.0,540.05,No,No,No,No,No,No,0.9232332857197654,0.07676671428023468,7.7,Very low
4710-NKCAW,El Cajon,92019,5,Month-to-month,DSL,Credit card (automatic),64.4,316.9,Yes,Yes,No,Yes,No,No,0.9362359742979376,0.06376402570206237,6.4,Very low
4712-AUQZO,Pinole,94564,18,Month-to-month,DSL,Mailed check,33.6,550.35,Yes,No,Yes,No,No,No,0.744128798680854,0.2558712013191459,25.6,Medium
4712-UYOOI,Santa Cruz,95060,20,Month-to-month,No,Electronic check,20.0,417.65,No,No,No,No,No,No,0.9556204462089843,0.04437955379101566,4.4,Very low
4713-ZBURT,Brisbane,94005,45,Two year,Fiber optic,Bank transfer (automatic),99.7,4634.35,No,No,Yes,No,Yes,Yes,0.9661304054614885,0.03386959453851146,3.4,Very low
4716-HHKQH,Pomona,91767,20,Month-to-month,Fiber optic,Electronic check,107.05,2172.05,No,Yes,No,Yes,Yes,Yes,0.33995738723048763,0.6600426127695124,66.0,Very high
4716-MRVEN,Parlier,93648,29,One year,No,Mailed check,20.0,599.3,No,No,No,No,No,No,0.9544665705627949,0.045533429437205036,4.6,Very low
4717-GHADL,Callahan,96014,50,Two year,DSL,Mailed check,79.6,4024.2,No,Yes,No,Yes,Yes,Yes,0.9397406242425301,0.06025937575746985,6.0,Very low
4718-DHSMV,Llano,93544,11,Month-to-month,DSL,Mailed check,35.8,363.15,No,No,No,No,Yes,No,0.45332221404101647,0.5466777859589835,54.7,High
4718-WXBGI,Twain Harte,95383,72,Two year,DSL,Credit card (automatic),91.95,6614.9,Yes,Yes,Yes,Yes,Yes,Yes,0.9952693153043098,0.004730684695690114,0.5,Very low
4719-UMSIY,Lake Arrowhead,92352,6,Month-to-month,No,Mailed check,19.65,100.9,No,No,No,No,No,No,0.9585061798668679,0.04149382013313203,4.1,Very low
4723-BEGSG,Corona,92881,72,Two year,DSL,Credit card (automatic),86.65,6094.25,Yes,No,Yes,Yes,Yes,Yes,0.9816150861439065,0.01838491385609349,1.8,Very low
4724-WXVWF,Earp,92242,48,Month-to-month,Fiber optic,Electronic check,95.4,4445.3,Yes,No,No,Yes,No,Yes,0.685648687315631,0.314351312684369,31.4,Medium
4726-DLWQN,Live Oak,95953,50,Month-to-month,DSL,Bank transfer (automatic),70.35,3454.6,Yes,Yes,No,No,Yes,No,0.8590467402989377,0.14095325970106234,14.1,Low
4727-MCYZG,Union City,94587,1,Month-to-month,DSL,Mailed check,55.55,55.55,No,No,No,No,No,Yes,0.5813109123780975,0.41868908762190254,41.9,Medium
4730-AWNAU,Lower Lake,95457,36,One year,DSL,Credit card (automatic),60.7,2234.55,Yes,No,Yes,Yes,Yes,Yes,0.886472239091454,0.11352776090854601,11.4,Low
4732-RRJZC,Bridgeville,95526,7,Month-to-month,No,Mailed check,20.25,144.35,No,No,No,No,No,No,0.9473707794604092,0.05262922053959083,5.3,Very low
4735-BJKOU,Los Angeles,90039,40,Two year,No,Mailed check,20.15,804.85,No,No,No,No,No,No,0.9816489209891143,0.018351079010885722,1.8,Very low
4737-AQCPU,Los Angeles,90022,72,Two year,DSL,Credit card (automatic),72.1,5016.65,Yes,Yes,Yes,Yes,No,No,0.9904479288603598,0.009552071139640237,1.0,Very low
4737-HOBAX,Penngrove,94951,63,Two year,DSL,Credit card (automatic),79.8,5034.05,No,No,Yes,Yes,Yes,Yes,0.9646442402829223,0.035355759717077676,3.5,Very low
4741-WWJQZ,Forestville,95436,2,Month-to-month,Fiber optic,Electronic check,80.15,194.55,Yes,No,No,Yes,No,No,0.39454610362185194,0.6054538963781481,60.5,High
4742-DRORA,Mecca,92254,60,One year,Fiber optic,Bank transfer (automatic),95.4,5812.0,Yes,No,Yes,No,Yes,No,0.8409594195887838,0.1590405804112162,15.9,Low
4742-TXUEX,Rialto,92376,47,Two year,No,Bank transfer (automatic),19.3,890.5,No,No,No,No,No,No,0.996494953701123,0.0035050462988770355,0.4,Very low
4747-LCAQL,Los Angeles,90037,25,Month-to-month,DSL,Mailed check,79.0,1902.0,Yes,Yes,No,Yes,Yes,Yes,0.7860056220705199,0.21399437792948006,21.4,Low
4749-OJKQU,San Jose,95132,4,Month-to-month,Fiber optic,Electronic check,75.65,302.35,No,No,No,No,No,No,0.24529247985603753,0.7547075201439625,75.5,Very high
4750-UKWJK,Gilroy,95020,37,One year,No,Mailed check,19.6,727.8,No,No,No,No,No,No,0.9528800670445683,0.04711993295543176,4.7,Very low
4751-ERMAN,Gazelle,96034,72,Two year,DSL,Bank transfer (automatic),75.4,5480.25,No,Yes,Yes,No,Yes,Yes,0.9649014377400075,0.035098562259992555,3.5,Very low
4753-PADAS,Bieber,96009,67,One year,Fiber optic,Bank transfer (automatic),105.7,6816.95,No,Yes,Yes,No,Yes,Yes,0.800231291501081,0.19976870849891906,20.0,Low
4759-PXTAN,Potter Valley,95469,59,One year,DSL,Electronic check,80.1,4693.2,No,Yes,No,Yes,Yes,Yes,0.8729505778967293,0.1270494221032707,12.7,Low
4760-THGOT,San Jose,95134,43,Month-to-month,Fiber optic,Electronic check,94.1,4107.3,Yes,Yes,No,No,No,Yes,0.5286510371058977,0.4713489628941024,47.1,High
4767-HZZHQ,Redondo Beach,90277,30,Month-to-month,Fiber optic,Bank transfer (automatic),82.05,2570.2,No,Yes,Yes,No,No,No,0.9061664574705487,0.0938335425294513,9.4,Very low
4770-QAZXN,Tomales,94971,13,Month-to-month,No,Credit card (automatic),19.45,232.1,No,No,No,No,No,No,0.8723882699461531,0.12761173005384682,12.8,Low
4770-UEZOX,Whitethorn,95589,2,Month-to-month,Fiber optic,Electronic check,74.75,144.8,No,Yes,No,No,No,No,0.3194148728185209,0.6805851271814791,68.1,Very high
4774-HHGGS,Janesville,96114,30,Two year,No,Mailed check,19.05,637.55,No,No,No,No,No,No,0.9659639469754558,0.03403605302454419,3.4,Very low
4776-XSKYQ,Laguna Hills,92653,12,One year,DSL,Credit card (automatic),30.25,368.85,No,No,No,Yes,No,No,0.9547960259506544,0.045203974049345584,4.5,Very low
4778-IZARL,New Cuyama,93254,63,Two year,Fiber optic,Credit card (automatic),110.1,6705.7,Yes,Yes,Yes,Yes,Yes,Yes,0.9480909005201419,0.051909099479858084,5.2,Very low
4779-ZGICK,Los Angeles,90057,48,Two year,No,Mailed check,23.55,1173.35,No,No,No,No,No,No,0.9946686599633303,0.005331340036669704,0.5,Very low
4781-ZXYGU,Sausalito,94965,1,Month-to-month,No,Bank transfer (automatic),20.15,20.15,No,No,No,No,No,No,0.9192195274571902,0.08078047254280982,8.1,Very low
4782-OSFXZ,Lodi,95242,71,Two year,DSL,Bank transfer (automatic),82.7,5831.2,Yes,Yes,Yes,Yes,No,Yes,0.9806451214759443,0.019354878524055694,1.9,Very low
4785-FCIFB,Forest Falls,92339,61,Two year,No,Mailed check,24.4,1417.9,No,No,No,No,No,No,0.9830609980388283,0.016939001961171762,1.7,Very low
4785-NKHCX,O Neals,93645,5,Month-to-month,No,Bank transfer (automatic),20.05,94.15,No,No,No,No,No,No,0.8268354267486744,0.1731645732513256,17.3,Low
4795-UXVCJ,Gonzales,93926,26,One year,No,Credit card (automatic),19.8,457.3,No,No,No,No,No,No,0.9560349162656769,0.04396508373432311,4.4,Very low
4795-WRNVT,Pomona,91768,40,Month-to-month,DSL,Mailed check,65.1,2586.0,Yes,Yes,No,No,Yes,No,0.8914880818873199,0.10851191811268009,10.9,Low
4797-MIWUM,Goleta,93117,7,Month-to-month,No,Bank transfer (automatic),20.25,174.7,No,No,No,No,No,No,0.9329946618198044,0.06700533818019563,6.7,Very low
4801-JZAZL,Angelus Oaks,92305,11,Month-to-month,DSL,Electronic check,29.6,346.45,Yes,No,No,No,No,No,0.8228280037421709,0.17717199625782915,17.7,Low
4801-KFYKL,Granada Hills,91344,8,Month-to-month,No,Bank transfer (automatic),19.45,159.2,No,No,No,No,No,No,0.964624522236245,0.035375477763755075,3.5,Very low
4803-LBYPN,Orange,92868,34,Month-to-month,No,Mailed check,20.8,635.9,No,No,No,No,No,No,0.9780906251868915,0.02190937481310853,2.2,Very low
4804-NCPET,Clearlake,95422,19,Two year,No,Mailed check,20.2,387.4,No,No,No,No,No,No,0.9900001138116369,0.00999988618836317,1.0,Very low
4806-DXQCE,Santa Monica,90404,70,Two year,Fiber optic,Electronic check,113.65,7714.65,Yes,Yes,Yes,Yes,Yes,Yes,0.9142312746037627,0.0857687253962373,8.6,Very low
4807-IZYOZ,North Palm Springs,92258,51,Two year,No,Bank transfer (automatic),20.65,1020.75,No,No,No,No,No,No,0.9884355777941817,0.011564422205818296,1.2,Very low
4808-YNLEU,Maywood,90270,35,One year,DSL,Bank transfer (automatic),62.15,2215.45,Yes,No,No,No,Yes,No,0.883397871646388,0.11660212835361192,11.7,Low
4811-JBUVU,Sherman Oaks,91423,30,Month-to-month,Fiber optic,Credit card (automatic),89.9,2723.15,No,No,No,Yes,No,Yes,0.5573152404604123,0.4426847595395877,44.3,Medium
4813-HQMGZ,Ducor,93218,8,Month-to-month,Fiber optic,Electronic check,90.25,743.75,No,No,No,Yes,No,Yes,0.23094121333101048,0.7690587866689895,76.9,Very high
4815-GBTCD,Wishon,93669,4,Month-to-month,DSL,Electronic check,25.15,99.95,No,No,No,No,No,No,0.33449460959295807,0.6655053904070419,66.6,Very high
4815-TUMEQ,Lynwood,90262,10,One year,No,Mailed check,19.3,185.2,No,No,No,No,No,No,0.8857608124613825,0.11423918753861746,11.4,Low
4815-YOSUK,Aliso Viejo,92656,72,One year,Fiber optic,Credit card (automatic),104.9,7537.5,Yes,Yes,Yes,Yes,No,Yes,0.9853549474615553,0.014645052538444716,1.5,Very low
4816-OKWNX,Los Angeles,90034,50,One year,Fiber optic,Bank transfer (automatic),103.4,5236.4,No,Yes,Yes,Yes,Yes,Yes,0.9568221581291018,0.0431778418708982,4.3,Very low
4817-KEQSP,Trona,93562,71,Two year,No,Bank transfer (automatic),19.85,1326.35,No,No,No,No,No,No,0.998433572788873,0.001566427211126942,0.2,Very low
4819-HJPIW,Avery,95224,18,Month-to-month,DSL,Mailed check,25.15,476.8,No,No,No,No,No,No,0.6636568017241466,0.3363431982758533,33.6,Medium
4821-SJHJV,Calipatria,92233,32,Month-to-month,Fiber optic,Electronic check,89.6,2901.8,Yes,No,No,No,Yes,No,0.830341725234027,0.16965827476597295,17.0,Low
4821-WQOYN,Little River,95456,72,Two year,No,Credit card (automatic),20.1,1326.25,No,No,No,No,No,No,0.9979523691092332,0.002047630890766752,0.2,Very low
4822-LPTYJ,Los Angeles,90021,72,Two year,Fiber optic,Bank transfer (automatic),103.75,7346.2,No,Yes,Yes,No,Yes,Yes,0.8917122275401341,0.10828777245986583,10.8,Low
4824-GUCBY,San Francisco,94127,22,Month-to-month,Fiber optic,Electronic check,81.7,1820.9,Yes,Yes,No,No,No,No,0.653114827659425,0.3468851723405751,34.7,Medium
4825-FUREZ,San Jose,95148,42,Two year,No,Electronic check,20.25,835.5,No,No,No,No,No,No,0.9700215096847172,0.029978490315282758,3.0,Very low
4825-XJGDM,Mccloud,96057,61,One year,DSL,Credit card (automatic),43.7,2696.55,Yes,Yes,Yes,Yes,No,No,0.9793134038483974,0.020686596151602645,2.1,Very low
4826-DXMUP,Mountain View,94041,35,One year,DSL,Mailed check,72.1,2495.15,No,No,No,Yes,Yes,Yes,0.9711192474955341,0.028880752504465874,2.9,Very low
4826-TZEVA,O Neals,93645,40,Month-to-month,Fiber optic,Credit card (automatic),74.8,2971.7,No,Yes,No,No,No,No,0.7885455376015106,0.2114544623984894,21.1,Low
4827-DPADN,Los Angeles,90032,72,Two year,DSL,Bank transfer (automatic),83.3,6042.7,Yes,No,Yes,Yes,Yes,Yes,0.9945285544738187,0.0054714455261812315,0.5,Very low
4827-LTQRJ,Shasta,96087,66,One year,Fiber optic,Credit card (automatic),110.6,7210.85,Yes,Yes,No,Yes,Yes,Yes,0.9756311969711777,0.024368803028822272,2.4,Very low
4827-USJHP,Glendale,91208,20,Month-to-month,DSL,Mailed check,51.8,1023.85,No,Yes,No,No,No,No,0.7281458777548149,0.2718541222451851,27.2,Medium
4828-FAZPK,Inglewood,90301,16,Month-to-month,Fiber optic,Credit card (automatic),79.95,1267.95,No,Yes,No,No,No,No,0.7591391534455978,0.24086084655440215,24.1,Low
4829-ZLJTK,Penngrove,94951,72,Two year,Fiber optic,Electronic check,112.4,8046.85,Yes,Yes,Yes,No,Yes,Yes,0.8907307528778253,0.10926924712217465,10.9,Low
4830-FAXFM,Korbel,95550,19,Month-to-month,No,Credit card (automatic),24.1,439.2,No,No,No,No,No,No,0.9539935624775103,0.04600643752248966,4.6,Very low
4832-VRBMR,Parker Dam,92267,65,One year,Fiber optic,Bank transfer (automatic),103.15,6792.45,No,Yes,Yes,No,Yes,Yes,0.7831456063658394,0.21685439363416056,21.7,Low
4833-QTJNO,Coulterville,95311,67,Month-to-month,Fiber optic,Bank transfer (automatic),83.85,5588.8,Yes,Yes,No,No,No,No,0.8674246120719411,0.13257538792805887,13.3,Low
4835-YSJMR,Ceres,95307,39,Two year,DSL,Bank transfer (automatic),49.8,1971.15,No,No,No,Yes,No,No,0.9627556844430796,0.03724431555692042,3.7,Very low
4836-WNFNO,Los Angeles,90032,72,Two year,No,Credit card (automatic),25.0,1849.2,No,No,No,No,No,No,0.9898802067495293,0.01011979325047074,1.0,Very low
4837-PZTIC,Torrance,90504,47,Two year,DSL,Mailed check,41.9,1875.25,Yes,No,Yes,Yes,No,No,0.9757312468945367,0.024268753105463316,2.4,Very low
4837-QUSFT,Oakley,94561,65,One year,Fiber optic,Bank transfer (automatic),100.15,6643.5,Yes,Yes,No,Yes,Yes,No,0.9064786212031621,0.09352137879683788,9.4,Very low
4840-ORQXB,Sierra Madre,91024,56,Month-to-month,Fiber optic,Electronic check,104.75,5841.35,No,Yes,Yes,No,Yes,Yes,0.6292020996868617,0.37079790031313825,37.1,Medium
4847-TAJYI,Chula Vista,91911,6,Month-to-month,Fiber optic,Electronic check,89.35,567.8,No,No,No,No,Yes,Yes,0.21530822151727524,0.7846917784827248,78.5,Very high
4849-PYRLQ,Fremont,94536,56,Two year,DSL,Bank transfer (automatic),73.25,4054.2,Yes,No,Yes,Yes,No,Yes,0.9811444137359498,0.018855586264050168,1.9,Very low
4851-BQDNX,Oxnard,93035,40,One year,Fiber optic,Electronic check,85.05,3355.65,No,No,Yes,No,Yes,No,0.9015137284564209,0.09848627154357914,9.8,Very low
4853-OITSN,Oakland,94606,5,Month-to-month,Fiber optic,Electronic check,89.15,413.25,Yes,No,No,No,No,Yes,0.2166696162939996,0.7833303837060004,78.3,Very high
4854-CIDCF,Los Angeles,90065,3,Month-to-month,Fiber optic,Electronic check,73.85,196.4,No,No,Yes,No,No,No,0.38629087428369746,0.6137091257163025,61.4,High
4854-SSLTN,Torrance,90502,2,Two year,DSL,Mailed check,59.5,130.5,Yes,Yes,No,Yes,No,No,0.9833190478759939,0.01668095212400611,1.7,Very low
4859-ZSRDZ,Vacaville,95687,58,Two year,DSL,Credit card (automatic),55.5,3166.9,No,No,Yes,Yes,Yes,Yes,0.9341620085653256,0.06583799143467439,6.6,Very low
4860-IJUDE,Ripon,95366,13,Month-to-month,Fiber optic,Credit card (automatic),73.75,956.65,Yes,No,No,No,No,No,0.5743247952405501,0.4256752047594498,42.6,Medium
4860-YZGZM,San Jose,95128,10,Month-to-month,No,Electronic check,20.0,185.4,No,No,No,No,No,No,0.7993739700453691,0.20062602995463083,20.1,Low
4868-AADLV,Durham,95938,66,One year,Fiber optic,Electronic check,116.25,7862.25,Yes,Yes,Yes,Yes,Yes,Yes,0.9633899647083117,0.036610035291688305,3.7,Very low
4869-EPIUS,San Rafael,94901,56,One year,Fiber optic,Electronic check,80.9,4557.5,No,No,No,No,No,Yes,0.7572990966125701,0.24270090338742986,24.3,Low
4872-JCVCA,Desert Hot Springs,92241,71,Two year,DSL,Bank transfer (automatic),47.6,3377.8,Yes,Yes,Yes,Yes,No,No,0.9831881888734655,0.01681181112653449,1.7,Very low
4872-VXRIL,Lancaster,93536,56,One year,DSL,Bank transfer (automatic),64.65,3665.55,Yes,Yes,No,Yes,No,No,0.9674323750737954,0.032567624926204554,3.3,Very low
4877-TSOFF,Morongo Valley,92256,55,One year,DSL,Bank transfer (automatic),75.75,4264.25,Yes,Yes,No,Yes,No,Yes,0.988368912212516,0.011631087787483986,1.2,Very low
4878-BUNFV,Oakland,94621,42,Two year,No,Mailed check,20.7,828.85,No,No,No,No,No,No,0.995362085075315,0.004637914924685032,0.5,Very low
4879-GZLFH,Buena Park,90621,42,Month-to-month,Fiber optic,Electronic check,92.15,3875.4,No,No,Yes,No,Yes,Yes,0.7850737655182058,0.21492623448179418,21.5,Low
4881-GQJTW,Taylorsville,95983,14,Month-to-month,No,Credit card (automatic),19.6,300.4,No,No,No,No,No,No,0.8745158000829182,0.1254841999170818,12.5,Low
4881-JVQOD,Oxnard,93030,10,Month-to-month,DSL,Bank transfer (automatic),34.55,362.6,No,No,No,No,No,Yes,0.7688880157096135,0.23111198429038646,23.1,Low
4883-KCPZJ,Deer Park,94576,22,Two year,No,Credit card (automatic),25.25,555.4,No,No,No,No,No,No,0.989234366185903,0.010765633814096958,1.1,Very low
4884-LEVMQ,Valley Springs,95252,39,Two year,No,Bank transfer (automatic),20.45,790.0,No,No,No,No,No,No,0.967443201729437,0.03255679827056303,3.3,Very low
4884-TVUQF,Occidental,95465,57,Two year,Fiber optic,Credit card (automatic),101.3,5779.6,Yes,No,Yes,Yes,No,Yes,0.9598941600205666,0.040105839979433365,4.0,Very low
4884-ZTHVF,Santa Cruz,95065,8,Month-to-month,Fiber optic,Electronic check,87.1,713.6,No,Yes,No,No,Yes,No,0.2988849394627048,0.7011150605372952,70.1,Very high
4890-VMUAV,Alpine,91901,63,One year,DSL,Electronic check,71.5,4576.3,Yes,Yes,Yes,Yes,No,No,0.9741774426095424,0.025822557390457596,2.6,Very low
4891-NLUBA,Paynes Creek,96075,61,Two year,DSL,Bank transfer (automatic),61.45,3751.15,No,Yes,Yes,Yes,Yes,Yes,0.9881867966341581,0.011813203365841919,1.2,Very low
4893-GYUJU,Oregon House,95962,50,One year,No,Mailed check,19.35,1033.0,No,No,No,No,No,No,0.9675081875072634,0.03249181249273658,3.2,Very low
4896-CPRPF,Valley Ford,94972,35,Two year,No,Bank transfer (automatic),25.45,809.25,No,No,No,No,No,No,0.992535482153919,0.0074645178460810546,0.7,Very low
4900-MSOMT,Carnelian Bay,96140,72,Two year,DSL,Bank transfer (automatic),80.2,5714.2,Yes,Yes,Yes,Yes,Yes,No,0.9973524120408264,0.002647587959173643,0.3,Very low
4903-CNOZC,La Canada Flintridge,91011,29,One year,DSL,Credit card (automatic),70.9,1964.6,No,Yes,Yes,No,No,Yes,0.874455045042025,0.12554495495797505,12.6,Low
4906-ZHGPK,Los Angeles,90046,54,One year,DSL,Electronic check,70.7,3770.0,No,Yes,No,Yes,Yes,No,0.8819290752529867,0.11807092474701329,11.8,Low
4908-XAXAY,Buttonwillow,93206,49,One year,Fiber optic,Bank transfer (automatic),89.85,4287.2,No,Yes,Yes,No,No,Yes,0.8423179989953705,0.15768200100462948,15.8,Low
4909-JOUPP,Tahoma,96142,72,Two year,Fiber optic,Credit card (automatic),109.7,7898.45,No,Yes,Yes,Yes,Yes,Yes,0.9443097726882023,0.05569022731179772,5.6,Very low
4912-PIGUY,Perris,92571,1,Month-to-month,Fiber optic,Electronic check,84.6,84.6,No,No,No,No,Yes,No,0.18016939273279342,0.8198306072672066,82.0,Very high
4915-BFSXL,Mount Hermon,95041,70,Two year,DSL,Credit card (automatic),68.95,4858.7,Yes,No,Yes,No,Yes,No,0.9957664917206535,0.0042335082793465125,0.4,Very low
4918-FYJNT,Los Angeles,90063,55,Month-to-month,Fiber optic,Electronic check,90.45,5044.8,No,Yes,Yes,Yes,No,No,0.7510275301895125,0.2489724698104875,24.9,Low
4922-CVPDX,Westminster,92683,26,Two year,DSL,Credit card (automatic),73.5,1905.7,No,Yes,Yes,No,Yes,Yes,0.8622648704388809,0.13773512956111916,13.8,Low
4923-ADWXJ,Igo,96047,25,Month-to-month,DSL,Bank transfer (automatic),65.8,1679.65,No,Yes,No,Yes,No,Yes,0.7917988900107472,0.20820110998925276,20.8,Low
4926-UMJZD,Mt Baldy,91759,31,Month-to-month,DSL,Mailed check,49.2,1498.55,No,No,No,Yes,No,No,0.7883279952753461,0.21167200472465386,21.2,Low
4927-WWOOZ,Pacific Grove,93950,2,Month-to-month,Fiber optic,Electronic check,91.45,171.45,No,No,Yes,No,Yes,No,0.14682644036146975,0.8531735596385303,85.3,Very high
4929-ROART,Ukiah,95482,18,Month-to-month,DSL,Mailed check,56.25,969.85,Yes,No,No,No,No,No,0.7672566592652188,0.23274334073478123,23.3,Low
4929-XIHVW,Los Angeles,90034,2,Month-to-month,Fiber optic,Credit card (automatic),95.5,181.65,No,No,Yes,No,Yes,Yes,0.21731474541582163,0.7826852545841784,78.3,Very high
4931-TRZWN,Hornbrook,96044,13,Month-to-month,DSL,Electronic check,71.95,923.85,Yes,No,No,No,Yes,Yes,0.5489653600093931,0.45103463999060683,45.1,High
4933-BSAIP,Northridge,91324,40,Two year,No,Mailed check,19.1,780.1,No,No,No,No,No,No,0.9757902763853857,0.024209723614614296,2.4,Very low
4933-IKULF,Pinon Hills,92372,17,One year,No,Mailed check,20.65,330.6,No,No,No,No,No,No,0.9319510735976548,0.06804892640234515,6.8,Very low
4936-YPJNK,Rosamond,93560,10,Month-to-month,No,Mailed check,19.9,199.45,No,No,No,No,No,No,0.7881682677024902,0.2118317322975098,21.2,Low
4937-QPZPO,Snelling,95369,61,One year,Fiber optic,Electronic check,99.9,6241.35,No,No,Yes,No,Yes,Yes,0.9099155770402929,0.09008442295970705,9.0,Very low
4939-KYYPY,Coleville,96107,27,Month-to-month,DSL,Electronic check,59.45,1611.65,No,No,Yes,Yes,No,No,0.7701674759918642,0.2298325240081358,23.0,Low
4940-KHCWD,Downey,90240,60,Two year,DSL,Bank transfer (automatic),37.7,2288.7,Yes,Yes,No,Yes,No,No,0.982618123240867,0.01738187675913304,1.7,Very low
4942-VZZOM,Tupman,93276,64,One year,DSL,Credit card (automatic),66.15,4392.5,Yes,No,No,No,Yes,No,0.9368899635359446,0.06311003646405541,6.3,Very low
4945-RVMTE,Blocksburg,95514,28,Month-to-month,DSL,Bank transfer (automatic),59.55,1646.45,No,No,Yes,No,Yes,No,0.72889582468566,0.27110417531434,27.1,Medium
4947-DSMXK,Farmersville,93223,34,Month-to-month,Fiber optic,Bank transfer (automatic),97.7,3410.0,No,Yes,No,No,Yes,Yes,0.755687193561246,0.24431280643875397,24.4,Low
4948-WBBKL,Dunnigan,95937,36,Month-to-month,Fiber optic,Bank transfer (automatic),74.9,2659.45,No,No,No,No,No,No,0.5748733047279377,0.4251266952720623,42.5,Medium
4950-BDEUX,Apple Valley,92308,35,Month-to-month,DSL,Electronic check,49.2,1701.65,No,No,Yes,No,Yes,Yes,0.6086735762875617,0.39132642371243836,39.1,Medium
4950-HKQTE,Morro Bay,93442,22,Two year,No,Mailed check,26.25,605.9,No,No,No,No,No,No,0.9540060794562601,0.04599392054373989,4.6,Very low
4955-VCWBI,Markleeville,96120,43,One year,No,Mailed check,20.0,817.95,No,No,No,No,No,No,0.9922329578220757,0.007767042177924342,0.8,Very low
4957-SREEC,Hayfork,96041,70,Two year,No,Credit card (automatic),20.35,1458.1,No,No,No,No,No,No,0.9984419373365794,0.0015580626634205967,0.2,Very low
4957-TIALW,Corona,92880,15,One year,DSL,Credit card (automatic),65.6,1010.0,Yes,Yes,Yes,Yes,No,No,0.9424839370855034,0.05751606291449659,5.8,Very low
4957-TREIR,Stratford,93266,3,Month-to-month,DSL,Credit card (automatic),64.4,195.65,Yes,No,No,Yes,Yes,No,0.705129186279688,0.294870813720312,29.5,Medium
4962-CHQPW,Greenville,95947,29,One year,No,Mailed check,19.85,535.05,No,No,No,No,No,No,0.9905080605378251,0.009491939462174848,0.9,Very low
4967-WPNCF,Huron,93234,72,Two year,DSL,Bank transfer (automatic),63.7,4464.8,Yes,Yes,Yes,Yes,Yes,Yes,0.9784270063988421,0.02157299360115792,2.2,Very low
4973-MGTON,Topaz,96133,71,Two year,DSL,Credit card (automatic),84.4,5969.3,Yes,Yes,Yes,Yes,Yes,Yes,0.9829113889437271,0.017088611056272924,1.7,Very low
4973-RLZVI,Hornbrook,96044,30,One year,DSL,Credit card (automatic),74.65,2308.6,Yes,Yes,Yes,Yes,Yes,No,0.95305275677128,0.046947243228719966,4.7,Very low
4976-LNFVV,Daly City,94015,19,Month-to-month,DSL,Credit card (automatic),34.3,577.15,No,Yes,Yes,No,No,No,0.582088389349336,0.417911610650664,41.8,Medium
4979-HPRFL,Garden Grove,92841,56,Two year,No,Bank transfer (automatic),24.15,1402.25,No,No,No,No,No,No,0.9963030123313774,0.003696987668622568,0.4,Very low
4980-URKXC,Fort Irwin,92310,36,One year,No,Bank transfer (automatic),20.85,720.05,No,No,No,No,No,No,0.9560328251080864,0.043967174891913596,4.4,Very low
4981-FLTMF,Springville,93265,57,Month-to-month,DSL,Bank transfer (automatic),65.2,3687.85,Yes,Yes,No,Yes,No,No,0.987834779733672,0.01216522026632808,1.2,Very low
4983-CCWMC,Creston,93432,3,Month-to-month,Fiber optic,Mailed check,69.6,207.4,No,No,No,No,No,No,0.3641273077186392,0.6358726922813608,63.6,High
4983-CLMLV,Escondido,92027,52,Month-to-month,Fiber optic,Credit card (automatic),102.7,5138.1,No,Yes,No,Yes,Yes,Yes,0.6267960105654602,0.37320398943453975,37.3,Medium
4986-MXSFP,San Leandro,94579,2,Month-to-month,No,Mailed check,20.0,40.9,No,No,No,No,No,No,0.7397756311390775,0.2602243688609225,26.0,Medium
4987-GQWPO,Huntington Beach,92647,17,Month-to-month,DSL,Credit card (automatic),25.1,382.8,No,No,No,No,No,No,0.6895457352566582,0.3104542647433418,31.0,Medium
4989-LIXVT,Santa Monica,90404,68,Month-to-month,Fiber optic,Electronic check,95.9,6503.2,No,Yes,Yes,No,No,Yes,0.7012128835345528,0.2987871164654472,29.9,Medium
4990-ALDGW,Los Angeles,90033,57,Two year,No,Mailed check,20.75,1118.8,No,No,No,No,No,No,0.9894081997518802,0.010591800248119745,1.1,Very low
4992-LTJNE,Cantua Creek,93608,72,Two year,DSL,Bank transfer (automatic),55.3,3983.6,Yes,No,No,No,No,No,0.9841095211815842,0.015890478818415807,1.6,Very low
4993-JCRGJ,Holtville,92250,26,Month-to-month,Fiber optic,Mailed check,84.3,2281.6,No,No,Yes,Yes,No,No,0.557029937908902,0.442970062091098,44.3,Medium
4994-OBRSZ,Weed,96094,14,Two year,DSL,Bank transfer (automatic),76.1,1054.8,Yes,Yes,Yes,Yes,No,Yes,0.9901966773533828,0.009803322646617188,1.0,Very low
4998-IKFSE,Phelan,92371,30,Month-to-month,Fiber optic,Electronic check,100.45,3096.9,No,No,Yes,No,Yes,Yes,0.3938704942014478,0.6061295057985522,60.6,High
4999-IEZLT,Susanville,96130,66,One year,DSL,Credit card (automatic),29.45,1983.15,No,No,No,Yes,No,No,0.9711410104292143,0.028858989570785726,2.9,Very low
5002-GCQFH,Hercules,94547,49,Month-to-month,Fiber optic,Bank transfer (automatic),93.85,4733.1,Yes,Yes,No,No,Yes,No,0.6567937456148487,0.34320625438515123,34.3,Medium
5003-OKNNK,Hoopa,95546,15,One year,No,Credit card (automatic),20.35,335.95,No,No,No,No,No,No,0.9830461844250686,0.01695381557493135,1.7,Very low
5003-XZWWO,Capistrano Beach,92624,71,Two year,DSL,Credit card (automatic),84.2,5956.85,No,Yes,Yes,Yes,Yes,Yes,0.975460605187176,0.024539394812823995,2.5,Very low
5006-MXVRN,Keyes,95328,39,Two year,No,Credit card (automatic),20.7,762.45,No,No,No,No,No,No,0.9836639290384838,0.016336070961516198,1.6,Very low
5010-IPEAQ,Escalon,95320,67,Two year,DSL,Credit card (automatic),54.2,3623.95,Yes,Yes,Yes,Yes,Yes,No,0.9965708689298929,0.0034291310701070944,0.3,Very low
5012-YSPJJ,Nubieber,96068,31,Month-to-month,DSL,Mailed check,54.35,1647.0,No,No,Yes,Yes,No,No,0.9642444406220043,0.03575555937799573,3.6,Very low
5014-GSOUQ,Grass Valley,95945,13,Two year,No,Mailed check,19.95,243.65,No,No,No,No,No,No,0.9550788571343158,0.04492114286568421,4.5,Very low
5014-WUQMG,Hornbrook,96044,47,One year,Fiber optic,Electronic check,96.1,4391.45,Yes,Yes,Yes,No,No,Yes,0.9502519049409794,0.04974809505902058,5.0,Very low
5016-IBERQ,Simi Valley,93063,23,Month-to-month,Fiber optic,Electronic check,84.25,1968.1,No,Yes,Yes,No,No,No,0.4254935579083762,0.5745064420916238,57.5,High
5016-LIPDW,Stanford,94305,57,One year,No,Mailed check,19.4,1061.6,No,No,No,No,No,No,0.9950658635053022,0.004934136494697732,0.5,Very low
5018-GWURO,Novato,94949,56,Month-to-month,Fiber optic,Bank transfer (automatic),85.6,4902.8,No,No,No,No,Yes,No,0.6042193156957884,0.39578068430421165,39.6,Medium
5018-HEKFO,Rowland Heights,91748,10,Month-to-month,No,Mailed check,24.5,270.15,No,No,No,No,No,No,0.7255273717167097,0.2744726282832903,27.4,Medium
5018-LXQQG,Torrance,90505,30,Month-to-month,DSL,Bank transfer (automatic),66.3,1923.5,Yes,No,No,Yes,No,Yes,0.9694454294133638,0.030554570586636225,3.1,Very low
5019-GQVCR,Westlake Village,91361,43,Month-to-month,Fiber optic,Electronic check,84.85,3645.6,No,No,No,No,Yes,No,0.46537878813928457,0.5346212118607154,53.5,High
5022-JNQEQ,Esparto,95627,9,Month-to-month,Fiber optic,Electronic check,75.85,647.5,No,No,No,Yes,No,No,0.7423235819684415,0.25767641803155855,25.8,Medium
5022-KVDQT,Woodland Hills,91364,27,Month-to-month,Fiber optic,Electronic check,81.3,2272.8,No,No,Yes,No,No,No,0.41453045273000555,0.5854695472699945,58.5,High
5025-GOOKI,San Geronimo,94963,20,Month-to-month,No,Credit card (automatic),18.9,347.65,No,No,No,No,No,No,0.8584308792455979,0.14156912075440214,14.2,Low
5027-YOCXN,Cardiff By The Sea,92007,51,One year,Fiber optic,Credit card (automatic),110.05,5686.4,Yes,Yes,No,Yes,Yes,Yes,0.8731070191426991,0.126892980857301,12.7,Low
5032-MIYKT,Weott,95571,1,Month-to-month,Fiber optic,Mailed check,70.7,70.7,No,No,No,No,No,No,0.3519719230980103,0.6480280769019897,64.8,High
5032-USPKF,Indio,92203,38,One year,DSL,Bank transfer (automatic),84.1,3187.65,Yes,Yes,Yes,No,Yes,Yes,0.9074511457783727,0.09254885422162724,9.3,Very low
5035-BVCXS,Loyalton,96118,11,Month-to-month,Fiber optic,Mailed check,75.9,866.4,No,Yes,No,No,No,No,0.4548327446243797,0.5451672553756203,54.5,High
5035-PGZXH,Chico,95926,56,One year,Fiber optic,Electronic check,106.8,5914.4,No,Yes,Yes,No,Yes,Yes,0.7169951006660071,0.2830048993339928,28.3,Medium
5038-ETMLM,Sacramento,95823,72,Two year,Fiber optic,Bank transfer (automatic),113.65,8182.75,Yes,Yes,Yes,Yes,Yes,Yes,0.9441089990854389,0.055891000914561104,5.6,Very low
5039-LZRQT,Mountain Center,92561,13,One year,No,Mailed check,20.2,273.25,No,No,No,No,No,No,0.9244547699105715,0.07554523008942847,7.6,Very low
5043-TRZWM,Los Angeles,90022,1,Month-to-month,Fiber optic,Electronic check,75.55,75.55,No,No,Yes,No,No,No,0.37560806241942923,0.6243919375805708,62.4,High
5044-LRQAQ,Ladera Ranch,92694,7,Month-to-month,Fiber optic,Bank transfer (automatic),69.2,477.55,No,No,No,No,No,No,0.35594961682886184,0.6440503831711382,64.4,High
5044-XDPYX,Chico,95973,51,Two year,No,Mailed check,25.5,1281.25,No,No,No,No,No,No,0.9764467546083376,0.02355324539166236,2.4,Very low
5046-NUHWD,Hacienda Heights,91745,29,Month-to-month,DSL,Electronic check,45.0,1228.65,Yes,No,Yes,No,No,Yes,0.5628852938140867,0.4371147061859133,43.7,Medium
5049-MUBWG,Carmel By The Sea,93921,26,One year,DSL,Bank transfer (automatic),75.0,1908.35,Yes,No,No,Yes,Yes,Yes,0.9180153710441702,0.08198462895582978,8.2,Very low
5055-BRMNE,Friant,93626,67,Two year,Fiber optic,Credit card (automatic),106.7,7009.5,Yes,No,No,Yes,Yes,Yes,0.9896502383907623,0.01034976160923774,1.0,Very low
5055-MGMGF,Half Moon Bay,94019,65,Month-to-month,Fiber optic,Electronic check,105.05,6914.95,Yes,No,Yes,No,Yes,Yes,0.6169151620878923,0.3830848379121077,38.3,Medium
5056-FIMPT,Sacramento,95824,43,One year,Fiber optic,Credit card (automatic),106.0,4532.3,Yes,Yes,No,Yes,Yes,Yes,0.9724273818991418,0.027572618100858155,2.8,Very low
5057-RKGLH,Daggett,92327,9,Two year,No,Mailed check,20.35,191.1,No,No,No,No,No,No,0.9862534693507278,0.013746530649272252,1.4,Very low
5060-TQUQN,Rancho Cucamonga,91701,30,Month-to-month,Fiber optic,Bank transfer (automatic),83.55,2570.2,No,Yes,No,Yes,No,No,0.8683692143000479,0.13163078569995215,13.2,Low
5061-PBXFW,San Jose,95129,32,Month-to-month,DSL,Bank transfer (automatic),61.4,1864.65,Yes,Yes,No,Yes,No,No,0.9801171973369225,0.019882802663077515,2.0,Very low
5062-CJJKH,Burbank,91505,25,One year,DSL,Mailed check,53.65,1355.45,No,Yes,Yes,No,No,No,0.9733711176793973,0.026628882320602665,2.7,Very low
5063-IUOKK,Santa Barbara,93111,13,Two year,No,Mailed check,19.75,265.75,No,No,No,No,No,No,0.9550788571343158,0.04492114286568421,4.5,Very low
5066-GFJMM,Eureka,95501,3,Month-to-month,No,Mailed check,19.9,45.75,No,No,No,No,No,No,0.6889875536936108,0.3110124463063893,31.1,Medium
5067-DGXLL,Alleghany,95910,2,Month-to-month,No,Mailed check,20.25,36.8,No,No,No,No,No,No,0.7999229118288916,0.20007708817110834,20.0,Low
5067-WJEUN,Bakersfield,93308,67,Two year,DSL,Bank transfer (automatic),54.2,3838.2,Yes,Yes,No,No,No,No,0.996567287414725,0.003432712585274964,0.3,Very low
5067-XJQFU,Los Angeles,90067,66,One year,Fiber optic,Electronic check,108.45,7076.35,No,Yes,Yes,Yes,Yes,Yes,0.782800361004967,0.21719963899503306,21.7,Low
5071-FBJFS,Redding,96001,4,Month-to-month,DSL,Electronic check,50.3,217.1,Yes,No,No,No,No,No,0.8949244736923144,0.10507552630768556,10.5,Low
5073-RZGBK,West Sacramento,95691,50,One year,DSL,Bank transfer (automatic),80.05,4042.2,Yes,Yes,Yes,Yes,No,Yes,0.986526546843963,0.013473453156037023,1.3,Very low
5074-FBGHB,Freedom,95019,64,One year,Fiber optic,Credit card (automatic),104.65,6889.8,No,No,Yes,Yes,Yes,Yes,0.8626103222414925,0.13738967775850747,13.7,Low
5075-JSDKI,Woodbridge,95258,59,Two year,No,Electronic check,24.45,1493.1,No,No,No,No,No,No,0.9820892703703255,0.017910729629674518,1.8,Very low
5076-YVXCM,Tupman,93276,51,Month-to-month,Fiber optic,Bank transfer (automatic),83.4,4149.45,No,No,No,No,No,Yes,0.7116130124653899,0.28838698753461006,28.8,Medium
5081-NWSUP,San Jose,95122,10,One year,DSL,Mailed check,64.9,685.55,No,Yes,No,Yes,No,Yes,0.8608340120331267,0.1391659879668733,13.9,Low
5084-OOVCJ,Canyon Dam,95923,17,Month-to-month,DSL,Credit card (automatic),55.35,920.5,Yes,No,No,Yes,No,No,0.9518460543094763,0.04815394569052367,4.8,Very low
5088-QZLRL,Corona,92881,1,Month-to-month,No,Electronic check,20.65,20.65,No,No,No,No,No,No,0.7464239652225919,0.25357603477740803,25.4,Medium
5090-EMGTC,Beverly Hills,90210,59,Two year,Fiber optic,Mailed check,100.05,6034.85,No,Yes,No,Yes,Yes,Yes,0.9042079401263284,0.09579205987367159,9.6,Very low
5091-HFAZW,Santa Fe Springs,90670,2,Month-to-month,Fiber optic,Electronic check,91.15,168.5,Yes,Yes,No,No,Yes,No,0.33987333682869714,0.6601266631713029,66.0,Very high
5092-STPKP,Platina,96076,24,Month-to-month,DSL,Credit card (automatic),56.35,1381.2,Yes,No,No,Yes,No,No,0.9036513330547467,0.09634866694525339,9.6,Very low
5093-FEGLU,San Francisco,94105,47,Two year,No,Bank transfer (automatic),19.65,921.55,No,No,No,No,No,No,0.9825460252945418,0.017453974705458182,1.7,Very low
5095-ETBRJ,Lakeport,95453,55,Two year,DSL,Mailed check,56.8,3112.05,Yes,Yes,No,Yes,No,No,0.9859985596678345,0.014001440332165526,1.4,Very low
5110-CHOPY,Carlsbad,92009,60,Two year,DSL,Electronic check,53.6,3237.05,Yes,No,Yes,No,Yes,Yes,0.951050258319861,0.04894974168013897,4.9,Very low
5115-GZDEL,Chula Vista,91911,72,Two year,DSL,Credit card (automatic),67.2,4671.7,Yes,Yes,Yes,Yes,Yes,Yes,0.9971075631380862,0.002892436861913766,0.3,Very low
5115-SQAAU,Long Beach,90813,69,Two year,No,Bank transfer (automatic),25.6,1673.4,No,No,No,No,No,No,0.9966413026590469,0.003358697340953019,0.3,Very low
5117-IFGPS,Tahoe City,96145,29,Month-to-month,Fiber optic,Electronic check,84.3,2357.75,No,No,No,No,No,Yes,0.2955825407177103,0.7044174592822897,70.4,Very high
5117-ZSMHQ,Pioneer,95666,71,Two year,DSL,Bank transfer (automatic),89.9,6342.7,Yes,Yes,Yes,Yes,Yes,Yes,0.9964303189393432,0.0035696810606568427,0.4,Very low
5118-MUEYH,Grand Terrace,92313,48,Month-to-month,Fiber optic,Credit card (automatic),105.1,5083.55,No,Yes,No,Yes,Yes,Yes,0.5948224684434114,0.4051775315565887,40.5,Medium
5119-KEPFY,San Jose,95131,36,Month-to-month,Fiber optic,Bank transfer (automatic),95.0,3440.25,No,No,No,No,Yes,Yes,0.3704659108563897,0.6295340891436103,63.0,High
5119-NZPTV,Sacramento,95823,2,Month-to-month,Fiber optic,Electronic check,70.1,141.65,No,No,No,No,No,No,0.30718651938350505,0.692813480616495,69.3,Very high
5120-ZBLAI,King City,93930,50,One year,DSL,Bank transfer (automatic),75.7,3876.2,No,No,Yes,No,Yes,Yes,0.872994198140962,0.127005801859038,12.7,Low
5122-CYFXA,Beverly Hills,90212,3,Month-to-month,DSL,Electronic check,75.3,244.1,No,Yes,No,Yes,Yes,Yes,0.4835502496821036,0.5164497503178964,51.6,High
5124-EOGYE,Crestline,92325,31,Two year,No,Mailed check,20.45,638.55,No,No,No,No,No,No,0.9749716149092148,0.02502838509078515,2.5,Very low
5125-CNDSP,Big Creek,93605,63,One year,DSL,Bank transfer (automatic),40.6,2588.95,Yes,Yes,No,Yes,No,No,0.9701760696828611,0.029823930317138873,3.0,Very low
5126-RCXYW,Alhambra,91803,54,Two year,DSL,Credit card (automatic),46.0,2424.05,No,No,Yes,Yes,No,Yes,0.9915806487691606,0.008419351230839419,0.8,Very low
5127-BZENZ,Mcarthur,96056,56,One year,DSL,Bank transfer (automatic),65.2,3512.15,Yes,No,No,No,Yes,No,0.9396285601919786,0.06037143980802142,6.0,Very low
5129-HHMZC,Van Nuys,91401,43,Two year,DSL,Credit card (automatic),86.45,3574.5,Yes,Yes,No,Yes,Yes,Yes,0.9570753305165509,0.042924669483449064,4.3,Very low
5129-JLPIS,Los Angeles,90016,25,Month-to-month,Fiber optic,Electronic check,105.5,2686.05,Yes,No,Yes,Yes,Yes,Yes,0.5192169578537742,0.48078304214622575,48.1,High
5130-YPIRV,San Diego,92119,62,Two year,DSL,Credit card (automatic),72.0,4284.2,Yes,Yes,Yes,No,Yes,No,0.9753971410031209,0.02460285899687904,2.5,Very low
5131-PONJI,Upper Lake,95485,49,Month-to-month,Fiber optic,Credit card (automatic),90.4,4494.65,No,Yes,Yes,No,Yes,No,0.9100661064651645,0.08993389353483545,9.0,Very low
5133-POWUA,Somerset,95684,1,Month-to-month,DSL,Mailed check,45.8,45.8,No,No,No,No,No,No,0.5594347865190121,0.4405652134809878,44.1,Medium
5133-VRSAB,Olema,94950,8,Month-to-month,DSL,Mailed check,29.35,216.45,Yes,No,No,No,No,No,0.6708102217102289,0.32918977828977114,32.9,Medium
5135-GRQJV,Cantua Creek,93608,72,Two year,Fiber optic,Mailed check,114.5,8331.95,Yes,Yes,Yes,Yes,Yes,Yes,0.9365446058645825,0.0634553941354174,6.3,Very low
5135-RDDQL,Corning,96021,63,Two year,DSL,Bank transfer (automatic),50.65,3221.25,Yes,No,No,No,No,No,0.9956946560715487,0.004305343928451237,0.4,Very low
5136-GFPMB,Spring Valley,91978,54,Month-to-month,Fiber optic,Credit card (automatic),89.4,4869.5,No,No,Yes,No,No,Yes,0.7458946654479184,0.25410533455208156,25.4,Medium
5136-RGMZO,Gardena,90247,31,Month-to-month,DSL,Electronic check,71.05,2168.15,No,Yes,No,Yes,Yes,No,0.6869577507385736,0.31304224926142643,31.3,Medium
5140-FOMCQ,Oakland,94602,59,One year,Fiber optic,Credit card (automatic),109.15,6557.75,Yes,Yes,Yes,No,Yes,Yes,0.8235565806987156,0.17644341930128438,17.6,Low
5141-ZUVBH,Boron,93516,9,Month-to-month,Fiber optic,Bank transfer (automatic),93.0,870.25,Yes,No,Yes,Yes,No,Yes,0.8993008781549537,0.10069912184504623,10.1,Low
5144-PQCDZ,Fairfield,94533,4,Month-to-month,No,Mailed check,19.95,59.25,No,No,No,No,No,No,0.7498271280869118,0.25017287191308824,25.0,Medium
5144-TVGLP,Los Angeles,90002,38,Month-to-month,Fiber optic,Electronic check,94.75,3653.0,No,No,No,No,Yes,Yes,0.44580967379597436,0.5541903262040256,55.4,High
5146-CBVOE,San Francisco,94134,16,Month-to-month,Fiber optic,Bank transfer (automatic),75.1,1212.85,No,Yes,No,No,No,No,0.6119311624768482,0.38806883752315185,38.8,Medium
5146-YYFRZ,Hacienda Heights,91745,67,Two year,No,Bank transfer (automatic),19.95,1311.75,No,No,No,No,No,No,0.9931186278300139,0.006881372169986081,0.7,Very low
5148-HKFIR,Piru,93040,20,Two year,No,Mailed check,19.7,406.95,No,No,No,No,No,No,0.9646597791044949,0.03534022089550518,3.5,Very low
5148-ORICT,Olivehurst,95961,64,Two year,DSL,Mailed check,74.35,4759.55,Yes,Yes,Yes,Yes,No,Yes,0.9812020264851732,0.018797973514826857,1.9,Very low
5149-CUZUJ,Helendale,92342,28,One year,Fiber optic,Bank transfer (automatic),92.9,2768.35,No,Yes,Yes,Yes,Yes,No,0.7958040114549845,0.20419598854501553,20.4,Low
5149-QYTTU,Long Beach,90814,71,One year,Fiber optic,Credit card (automatic),95.15,6770.85,Yes,Yes,Yes,Yes,No,No,0.9885218301262895,0.011478169873710526,1.1,Very low
5149-TGWDZ,San Francisco,94118,21,One year,Fiber optic,Mailed check,104.55,2239.4,No,Yes,Yes,Yes,Yes,Yes,0.6686566871327472,0.3313433128672528,33.1,Medium
5150-ITWWB,Hamilton City,95951,3,Month-to-month,Fiber optic,Electronic check,94.85,335.75,No,No,No,No,Yes,Yes,0.14799642330023077,0.8520035766997692,85.2,Very high
5150-LJNSR,Tustin,92782,31,One year,Fiber optic,Bank transfer (automatic),98.05,3082.1,Yes,No,Yes,No,Yes,No,0.9349111373805228,0.06508886261947718,6.5,Very low
5151-HQRDG,Placerville,95667,37,Month-to-month,DSL,Mailed check,55.05,2030.75,Yes,No,No,No,No,No,0.7673814082707123,0.23261859172928767,23.3,Low
5153-LXKDT,Danville,94506,68,Two year,Fiber optic,Electronic check,110.2,7467.5,Yes,Yes,Yes,No,Yes,Yes,0.9731615778232933,0.026838422176706726,2.7,Very low
5153-RTHKF,Palm Springs,92264,34,Month-to-month,Fiber optic,Electronic check,85.35,2896.6,No,No,No,No,Yes,No,0.4875793406384509,0.5124206593615491,51.2,High
5155-AZQPB,San Diego,92114,28,Month-to-month,DSL,Mailed check,49.9,1410.25,No,No,No,No,No,No,0.9249417443338728,0.07505825566612723,7.5,Very low
5156-UMKOW,San Simeon,93452,3,Month-to-month,DSL,Mailed check,29.65,90.05,No,Yes,No,No,No,No,0.8717036415836867,0.12829635841631332,12.8,Low
5158-RIVOP,Fields Landing,95537,11,Two year,No,Credit card (automatic),20.9,202.3,No,No,No,No,No,No,0.9889302648327456,0.01106973516725442,1.1,Very low
5160-UXJED,San Diego,92101,17,One year,DSL,Mailed check,44.6,681.4,No,No,No,No,No,No,0.8660801809111887,0.13391981908881137,13.4,Low
5161-UBZXI,Alamo,94507,69,Two year,Fiber optic,Credit card (automatic),106.35,7261.75,Yes,Yes,No,Yes,Yes,Yes,0.9910486744927166,0.008951325507283343,0.9,Very low
5161-XEUVX,Lynwood,90262,37,Two year,Fiber optic,Mailed check,94.3,3460.95,No,No,Yes,Yes,Yes,No,0.8431871942980151,0.1568128057019848,15.7,Low
5168-MQQCA,Yucaipa,92399,72,One year,Fiber optic,Bank transfer (automatic),108.5,8003.8,No,Yes,Yes,Yes,Yes,Yes,0.8689173027682433,0.13108269723175667,13.1,Low
5168-MSWXT,Essex,92332,8,Month-to-month,Fiber optic,Electronic check,94.75,759.55,No,No,Yes,No,Yes,Yes,0.5342825583739557,0.4657174416260443,46.6,High
5170-PTRKA,Atherton,94027,49,One year,DSL,Credit card (automatic),35.8,1782.0,Yes,No,No,Yes,No,No,0.9363583369513655,0.06364166304863453,6.4,Very low
5171-EPLKN,Rancho Cucamonga,91739,27,Two year,No,Credit card (automatic),19.85,470.0,No,No,No,No,No,No,0.9753937887934524,0.024606211206547553,2.5,Very low
5172-MIGPM,Orange,92865,4,Month-to-month,DSL,Mailed check,65.55,237.2,No,No,No,Yes,No,Yes,0.6041255370792675,0.3958744629207325,39.6,Medium
5172-RKOCB,Piercy,95587,72,Two year,Fiber optic,Credit card (automatic),108.95,7875.0,Yes,Yes,No,Yes,Yes,Yes,0.9451399754775294,0.054860024522470664,5.5,Very low
5173-WXOQV,Dos Palos,93620,2,Month-to-month,DSL,Mailed check,64.2,143.65,No,Yes,No,Yes,No,Yes,0.541414849898308,0.458585150101692,45.9,High
5173-ZXXXL,Orange,92869,2,One year,No,Mailed check,19.95,47.7,No,No,No,No,No,No,0.8928363148733527,0.10716368512664735,10.7,Low
5174-ITUMV,San Jacinto,92583,67,One year,Fiber optic,Electronic check,105.4,6989.45,No,Yes,Yes,No,Yes,Yes,0.9322424697070852,0.06775753029291472,6.8,Very low
5175-WLYXL,Lone Pine,93545,22,Month-to-month,Fiber optic,Mailed check,78.85,1600.25,No,Yes,No,No,No,No,0.4618245397667683,0.5381754602332317,53.8,High
5176-LDKUH,San Francisco,94114,48,One year,Fiber optic,Electronic check,75.15,3772.65,No,Yes,No,No,No,No,0.8693228045205625,0.1306771954794374,13.1,Low
5176-LMJXE,San Diego,92114,47,Two year,No,Mailed check,20.55,945.7,No,No,No,No,No,No,0.9793590455890684,0.020640954410931663,2.1,Very low
5176-OLSKT,Sloughhouse,95683,66,Two year,DSL,Bank transfer (automatic),66.9,4370.25,Yes,Yes,Yes,No,No,No,0.9831279117116628,0.01687208828833722,1.7,Very low
5177-RVZNU,Redding,96002,37,One year,No,Bank transfer (automatic),20.3,755.4,No,No,No,No,No,No,0.9935029735254416,0.006497026474558424,0.6,Very low
5181-OABFK,Rescue,95672,56,Two year,DSL,Credit card (automatic),61.3,3346.8,Yes,Yes,Yes,No,No,No,0.9954497282656722,0.004550271734327756,0.5,Very low
5183-KLYEM,El Cerrito,94530,72,Two year,Fiber optic,Credit card (automatic),112.75,8192.6,Yes,Yes,Yes,Yes,Yes,Yes,0.9594289610816266,0.04057103891837348,4.1,Very low
5183-SNMJQ,Frazier Park,93225,10,Month-to-month,Fiber optic,Credit card (automatic),95.1,865.1,No,No,No,Yes,Yes,Yes,0.40346482529239447,0.5965351747076055,59.7,High
5186-EJEGL,Escondido,92026,9,Month-to-month,DSL,Mailed check,69.5,653.25,Yes,No,Yes,Yes,Yes,No,0.7192956594523697,0.28070434054763027,28.1,Medium
5186-PEIZU,San Francisco,94124,35,Month-to-month,No,Bank transfer (automatic),19.25,617.65,No,No,No,No,No,No,0.9314334238605885,0.06856657613941149,6.9,Very low
5188-HGMLP,Middletown,95461,54,Month-to-month,Fiber optic,Bank transfer (automatic),74.0,3919.15,No,No,No,No,No,No,0.7241682666253496,0.2758317333746504,27.6,Medium
5193-QLVZB,Bieber,96009,63,Two year,Fiber optic,Bank transfer (automatic),104.75,6536.5,No,Yes,Yes,No,Yes,Yes,0.8897948236223615,0.11020517637763852,11.0,Low
5195-KPUNQ,Lakehead,96051,53,One year,Fiber optic,Mailed check,96.75,5206.55,Yes,Yes,No,Yes,No,Yes,0.9165469841551916,0.0834530158448084,8.3,Very low
5196-WPYOW,Paso Robles,93446,67,One year,DSL,Mailed check,60.05,3994.05,Yes,Yes,No,Yes,No,No,0.9966533217781222,0.0033466782218778287,0.3,Very low
5197-LQXXH,Taylorsville,95983,71,Two year,DSL,Credit card (automatic),83.3,5894.5,No,Yes,Yes,Yes,Yes,Yes,0.9658293505556055,0.03417064944439454,3.4,Very low
5197-PYEPU,Edwards,93523,42,One year,Fiber optic,Credit card (automatic),94.45,3923.8,Yes,Yes,No,No,Yes,No,0.9445402113975151,0.05545978860248495,5.5,Very low
5197-YPYBZ,Laguna Niguel,92677,12,Two year,No,Credit card (automatic),25.25,274.7,No,No,No,No,No,No,0.9849938676245904,0.015006132375409592,1.5,Very low
5198-EFNBM,Kingsburg,93631,57,One year,Fiber optic,Electronic check,90.65,5199.8,No,Yes,Yes,No,Yes,No,0.7776127085874904,0.2223872914125095,22.2,Low
5198-HQAEN,Fremont,94538,35,One year,Fiber optic,Electronic check,89.7,3165.6,No,Yes,No,Yes,Yes,No,0.9219660431609425,0.07803395683905746,7.8,Very low
5199-FPUSP,Esparto,95627,33,One year,DSL,Credit card (automatic),34.05,1113.95,Yes,No,No,Yes,No,No,0.9877996966294964,0.012200303370503578,1.2,Very low
5201-CBWYG,Salton City,92275,62,One year,No,Bank transfer (automatic),24.8,1476.25,No,No,No,No,No,No,0.9946832728243516,0.005316727175648325,0.5,Very low
5201-FRKKS,Winnetka,91306,25,Month-to-month,Fiber optic,Bank transfer (automatic),74.3,1952.25,Yes,No,No,No,No,No,0.7320799599589936,0.2679200400410065,26.8,Medium
5201-USSQZ,Monte Rio,95462,26,Month-to-month,Fiber optic,Credit card (automatic),85.9,2196.45,No,No,No,Yes,No,Yes,0.628159127218566,0.371840872781434,37.2,Medium
5203-XEHAX,Macdoel,96058,34,One year,DSL,Electronic check,64.35,2053.05,Yes,Yes,No,No,No,Yes,0.9160749991365681,0.0839250008634319,8.4,Very low
5204-HMGYF,La Crescenta,91214,49,One year,DSL,Mailed check,87.2,4345.0,Yes,Yes,Yes,Yes,Yes,Yes,0.9854095409152136,0.014590459084786426,1.5,Very low
5206-HPJKM,Valencia,91354,17,Month-to-month,DSL,Credit card (automatic),55.5,934.15,Yes,Yes,No,No,No,No,0.8029657586034882,0.19703424139651185,19.7,Low
5206-XZZQI,Orange,92867,53,Month-to-month,Fiber optic,Mailed check,80.6,4348.1,No,Yes,No,Yes,No,No,0.8273813039600295,0.17261869603997043,17.3,Low
5207-PLSTK,La Habra,90631,1,Month-to-month,DSL,Mailed check,48.75,48.75,Yes,No,No,No,No,No,0.8747790511237948,0.12522094887620516,12.5,Low
5208-FVQKB,Lakeshore,93634,70,Two year,DSL,Mailed check,67.95,4664.15,Yes,Yes,No,Yes,No,Yes,0.9887778967968957,0.011222103203104348,1.1,Very low
5213-TWWJU,Richmond,94804,28,Month-to-month,Fiber optic,Electronic check,91.0,2626.15,No,No,Yes,Yes,No,Yes,0.611830622871451,0.388169377128549,38.8,Medium
5214-CHIWJ,Fresno,93728,27,One year,No,Mailed check,20.3,595.05,No,No,No,No,No,No,0.950782464792989,0.04921753520701101,4.9,Very low
5214-NLTIT,Five Points,93624,72,Two year,Fiber optic,Credit card (automatic),90.8,6511.8,No,No,Yes,No,No,Yes,0.9813739516597882,0.018626048340211768,1.9,Very low
5215-LNLDJ,San Juan Bautista,95045,7,Month-to-month,DSL,Electronic check,24.7,149.05,No,No,No,No,No,No,0.73739124730489,0.26260875269510997,26.3,Medium
5216-WASFJ,Challenge,95925,31,Month-to-month,Fiber optic,Electronic check,84.85,2633.4,No,No,No,No,No,Yes,0.3128663925088462,0.6871336074911538,68.7,Very high
5220-AGAAX,Mendocino,95460,68,Two year,No,Bank transfer (automatic),24.0,1664.3,No,No,No,No,No,No,0.9964766265308599,0.0035233734691401414,0.4,Very low
5222-IMUKT,Hornitos,95325,32,Month-to-month,Fiber optic,Electronic check,91.05,2871.5,No,No,No,No,Yes,Yes,0.4861026046350645,0.5138973953649355,51.4,High
5222-JCXZT,Sacramento,95864,4,Month-to-month,No,Mailed check,19.0,78.9,No,No,No,No,No,No,0.8104738073320972,0.18952619266790283,19.0,Low
5223-UZAVK,Thornton,95686,64,One year,Fiber optic,Credit card (automatic),100.3,6603.8,Yes,Yes,No,No,Yes,Yes,0.9088828670712326,0.09111713292876744,9.1,Very low
5226-NOZFC,Modesto,95358,26,Month-to-month,Fiber optic,Electronic check,85.75,2146.5,No,Yes,No,No,Yes,No,0.4404059411842485,0.5595940588157515,56.0,High
5227-JSCFE,Scotts Valley,95066,71,Two year,DSL,Credit card (automatic),46.35,3353.4,Yes,Yes,Yes,Yes,No,No,0.9883547665675366,0.011645233432463362,1.2,Very low
5229-DTFYB,San Diego,92111,41,Two year,Fiber optic,Bank transfer (automatic),98.8,3959.15,No,Yes,No,Yes,Yes,Yes,0.882987321724931,0.11701267827506896,11.7,Low
5231-FIQPA,Beverly Hills,90211,41,Two year,No,Mailed check,19.85,810.45,No,No,No,No,No,No,0.9748587744753496,0.025141225524650354,2.5,Very low
5232-NXPAY,Hilmar,95324,47,Two year,DSL,Mailed check,74.45,3510.3,No,No,Yes,Yes,Yes,Yes,0.9628658603159224,0.03713413968407762,3.7,Very low
5233-AOZUF,Palm Springs,92262,29,Month-to-month,Fiber optic,Electronic check,74.95,2149.05,No,No,No,No,No,No,0.3621738232882217,0.6378261767117783,63.8,High
5236-XMZJY,Los Angeles,90031,42,Month-to-month,DSL,Bank transfer (automatic),59.65,2536.55,Yes,Yes,Yes,No,No,No,0.929668967621269,0.07033103237873091,7.0,Very low
5240-CAOYT,Oak View,93022,57,Month-to-month,Fiber optic,Bank transfer (automatic),87.55,4884.85,Yes,Yes,No,Yes,No,No,0.8631238993026663,0.13687610069733366,13.7,Low
5242-UOWHD,Anaheim,92802,45,Two year,No,Mailed check,20.35,929.2,No,No,No,No,No,No,0.9958054273424544,0.004194572657545643,0.4,Very low
5243-SAOTC,Bonsall,92003,54,Month-to-month,Fiber optic,Bank transfer (automatic),79.85,4308.25,No,Yes,No,No,No,No,0.7353768493405548,0.2646231506594452,26.5,Medium
5245-VDBUR,Los Alamitos,90720,52,One year,DSL,Mailed check,35.45,1958.95,Yes,No,Yes,No,No,No,0.9356472091609978,0.0643527908390022,6.4,Very low
5248-KWLAR,Niland,92257,71,Two year,DSL,Electronic check,90.35,6325.25,Yes,Yes,Yes,Yes,Yes,Yes,0.9740855554787999,0.025914444521200047,2.6,Very low
5248-RPYWW,Turlock,95382,72,Two year,DSL,Bank transfer (automatic),90.15,6716.45,Yes,Yes,Yes,Yes,Yes,Yes,0.9949733577165637,0.005026642283436335,0.5,Very low
5248-YGIJN,Los Angeles,90031,72,Two year,DSL,Credit card (automatic),90.25,6369.45,Yes,Yes,Yes,Yes,Yes,Yes,0.976557496463452,0.023442503536548007,2.3,Very low
5249-QYHEX,Rancho Mirage,92270,40,Two year,No,Mailed check,24.8,1024.7,No,No,No,No,No,No,0.9902305779238495,0.009769422076150502,1.0,Very low
5256-SKJGO,Whittier,90603,64,Two year,DSL,Electronic check,54.6,3423.5,No,Yes,No,Yes,Yes,Yes,0.9253711257042008,0.07462887429579927,7.5,Very low
5260-UMPWX,Yorkville,95494,26,Month-to-month,No,Credit card (automatic),20.25,493.95,No,No,No,No,No,No,0.9657944821378729,0.03420551786212713,3.4,Very low
5266-PFRQK,Orleans,95556,52,One year,No,Credit card (automatic),20.85,1071.6,No,No,No,No,No,No,0.992861120746839,0.007138879253161063,0.7,Very low
5268-DSMNQ,Farmington,95230,62,One year,Fiber optic,Credit card (automatic),97.95,5936.55,No,Yes,Yes,No,Yes,No,0.8201068057100369,0.17989319428996314,18.0,Low
5269-NRGDP,Concord,94521,42,One year,DSL,Electronic check,73.15,3088.25,No,No,Yes,Yes,Yes,Yes,0.972611179727848,0.027388820272151997,2.7,Very low
5271-DBYSJ,Berkeley,94708,11,Month-to-month,Fiber optic,Credit card (automatic),79.15,827.7,No,No,No,No,No,Yes,0.3954487118878188,0.6045512881121812,60.5,High
5274-XHAKY,Compton,90222,41,Month-to-month,Fiber optic,Bank transfer (automatic),94.3,3893.6,Yes,Yes,No,No,Yes,No,0.8822356630723721,0.11776433692762787,11.8,Low
5275-PMFUT,Chualar,93925,72,Two year,DSL,Credit card (automatic),64.8,4719.75,Yes,Yes,Yes,Yes,Yes,Yes,0.9730078335910981,0.026992166408901844,2.7,Very low
5278-PNYOX,San Jose,95126,49,Two year,Fiber optic,Credit card (automatic),100.65,4917.75,No,No,Yes,Yes,Yes,Yes,0.9315672562913916,0.06843274370860843,6.8,Very low
5285-MVEHD,Sunnyvale,94087,56,One year,Fiber optic,Credit card (automatic),105.6,6068.65,Yes,Yes,Yes,No,Yes,Yes,0.8558925158143448,0.14410748418565522,14.4,Low
5286-YHCVC,Laton,93242,72,Two year,Fiber optic,Bank transfer (automatic),104.8,7470.1,No,Yes,Yes,No,Yes,Yes,0.8917122275401341,0.10828777245986583,10.8,Low
5288-AHOUP,Palm Desert,92260,11,Month-to-month,Fiber optic,Electronic check,78.5,874.2,No,No,No,No,No,Yes,0.2996402918438431,0.7003597081561569,70.0,Very high
5294-DMSFH,Torrance,90503,29,Month-to-month,Fiber optic,Credit card (automatic),87.8,2621.75,No,No,No,No,Yes,Yes,0.779614608692137,0.22038539130786305,22.0,Low
5294-IMHHT,Occidental,95465,53,One year,Fiber optic,Bank transfer (automatic),97.75,5043.2,No,Yes,No,Yes,No,Yes,0.865807549973259,0.13419245002674093,13.4,Low
5296-BFCYD,San Fernando,91340,46,Two year,No,Mailed check,20.1,936.85,No,No,No,No,No,No,0.994222550351644,0.005777449648355976,0.6,Very low
5296-PSYVW,Oceanside,92054,72,Two year,No,Electronic check,24.55,1750.7,No,No,No,No,No,No,0.9846102589611031,0.015389741038896917,1.5,Very low
5297-MDOIR,Monterey Park,91754,63,One year,Fiber optic,Credit card (automatic),81.15,5224.5,Yes,No,Yes,No,No,No,0.9217497884214114,0.07825021157858858,7.8,Very low
5298-GSTLM,Sacramento,95817,60,One year,Fiber optic,Bank transfer (automatic),101.4,6176.6,Yes,No,No,No,Yes,Yes,0.8396255958805988,0.16037440411940115,16.0,Low
5302-BDJNT,Sutter Creek,95685,35,Month-to-month,Fiber optic,Electronic check,95.5,3418.2,No,No,Yes,Yes,Yes,No,0.5803788361552129,0.41962116384478704,42.0,Medium
5304-EFJLP,Los Molinos,96055,72,Two year,Fiber optic,Bank transfer (automatic),111.65,8022.85,No,Yes,Yes,Yes,Yes,Yes,0.9184787308624592,0.08152126913754078,8.2,Very low
5306-BVTKJ,El Cajon,92020,48,One year,DSL,Credit card (automatic),55.8,2651.2,No,Yes,Yes,No,No,No,0.9847691006407941,0.015230899359205833,1.5,Very low
5307-UVGNB,Compton,90220,53,Month-to-month,DSL,Bank transfer (automatic),48.7,2495.2,Yes,Yes,Yes,No,No,Yes,0.9600760434896363,0.039923956510363755,4.0,Very low
5309-TAIKL,Rio Linda,95673,7,Month-to-month,DSL,Bank transfer (automatic),62.8,418.3,No,No,Yes,Yes,No,Yes,0.7306196662921949,0.2693803337078051,26.9,Medium
5310-NOOVA,Redwood Valley,95470,46,Two year,No,Electronic check,19.95,907.05,No,No,No,No,No,No,0.9800514470015751,0.01994855299842494,2.0,Very low
5311-IHLEI,Sebastopol,95472,12,Month-to-month,DSL,Bank transfer (automatic),50.95,605.75,Yes,Yes,No,Yes,Yes,No,0.6774138523733841,0.32258614762661586,32.3,Medium
5312-IRCFR,Nice,95464,64,One year,Fiber optic,Electronic check,92.85,5980.75,No,Yes,Yes,No,No,Yes,0.9440400587160942,0.05595994128390584,5.6,Very low
5312-TSZVC,Hyampom,96046,15,One year,No,Mailed check,19.65,270.6,No,No,No,No,No,No,0.9290212934012408,0.07097870659875911,7.1,Very low
5312-UXESG,Indio,92203,41,Month-to-month,Fiber optic,Bank transfer (automatic),98.05,3990.6,No,No,Yes,No,Yes,Yes,0.576913643899984,0.42308635610001594,42.3,Medium
5313-FPXWG,Three Rivers,93271,51,One year,No,Bank transfer (automatic),24.6,1266.4,No,No,No,No,No,No,0.9596788003078258,0.04032119969217419,4.0,Very low
5315-CKEQK,Castro Valley,94546,28,One year,DSL,Electronic check,51.0,1381.8,No,No,No,No,No,No,0.9296539789581754,0.07034602104182461,7.0,Very low
5317-FLPJF,Altadena,91001,66,Two year,DSL,Bank transfer (automatic),61.35,4193.4,Yes,No,Yes,Yes,Yes,Yes,0.9712471070034335,0.028752892996566425,2.9,Very low
5318-YKDPV,Raymond,93653,43,Two year,DSL,Credit card (automatic),79.15,3566.6,Yes,No,Yes,Yes,Yes,Yes,0.9520560756923739,0.04794392430762608,4.8,Very low
5320-BRKGK,Twentynine Palms,92277,58,Two year,DSL,Mailed check,75.8,4415.75,Yes,No,Yes,Yes,Yes,No,0.9948041018488407,0.005195898151159278,0.5,Very low
5321-NTRKC,Pebble Beach,93953,66,Two year,DSL,Bank transfer (automatic),79.85,5234.95,No,Yes,Yes,No,Yes,Yes,0.9913800445404776,0.008619955459522474,0.9,Very low
5322-TEUJK,Duncans Mills,95430,71,Two year,Fiber optic,Bank transfer (automatic),114.6,8100.25,Yes,Yes,Yes,Yes,Yes,Yes,0.9915747442003782,0.008425255799621842,0.8,Very low
5322-ZSMZY,Lower Lake,95457,31,Two year,No,Mailed check,25.75,755.6,No,No,No,No,No,No,0.9905937877541263,0.009406212245873704,0.9,Very low
5324-KTGCG,Emeryville,94608,71,One year,No,Electronic check,20.85,1539.75,No,No,No,No,No,No,0.9798773584878492,0.020122641512150808,2.0,Very low
5325-UWTWJ,Berkeley,94707,31,Month-to-month,Fiber optic,Credit card (automatic),90.55,2929.75,Yes,Yes,No,Yes,No,No,0.6732239932507397,0.32677600674926033,32.7,Medium
5327-CNLUQ,Paynes Creek,96075,48,Two year,Fiber optic,Bank transfer (automatic),96.9,4473.45,Yes,Yes,Yes,No,Yes,No,0.8738821222355725,0.12611787776442754,12.6,Low
5327-XOKKY,Santa Maria,93458,72,Two year,DSL,Credit card (automatic),73.45,5329.0,No,No,Yes,No,Yes,Yes,0.9476579904423837,0.05234200955761621,5.2,Very low
5329-KRDTM,Long Barn,95335,72,Two year,DSL,Credit card (automatic),77.35,5396.25,No,Yes,Yes,Yes,Yes,No,0.9813009169272118,0.01869908307278825,1.9,Very low
5331-RGMTT,Point Arena,95468,54,Month-to-month,Fiber optic,Credit card (automatic),99.05,5295.7,No,No,Yes,No,Yes,Yes,0.5314589255108223,0.4685410744891777,46.9,High
5334-AFQJB,Simi Valley,93065,72,Two year,No,Credit card (automatic),25.1,1789.9,No,No,No,No,No,No,0.9887310651947073,0.011268934805292669,1.1,Very low
5334-JLAXU,French Camp,95231,60,Month-to-month,Fiber optic,Credit card (automatic),94.1,5475.9,Yes,Yes,No,No,No,Yes,0.7523431876656926,0.24765681233430736,24.8,Low
5336-UFNZP,Monterey Park,91755,65,One year,Fiber optic,Electronic check,107.45,7047.5,No,Yes,Yes,No,Yes,Yes,0.9273577035990777,0.07264229640092232,7.3,Very low
5337-IIWKZ,Sultana,93666,34,Month-to-month,DSL,Electronic check,44.85,1442.6,No,No,Yes,Yes,Yes,No,0.879817329450988,0.12018267054901201,12.0,Low
5338-YHWYT,San Diego,92115,37,Two year,DSL,Credit card (automatic),61.45,2302.35,Yes,Yes,No,Yes,No,No,0.9966287891693199,0.0033712108306801917,0.3,Very low
5339-PXDVH,Clipper Mills,95930,4,Month-to-month,Fiber optic,Electronic check,90.65,367.95,Yes,No,No,No,Yes,No,0.33078050778904566,0.6692194922109543,66.9,Very high
5339-TJFEK,Santa Rosa,95407,62,Month-to-month,Fiber optic,Electronic check,105.5,6487.2,Yes,Yes,No,No,Yes,Yes,0.8878084671905702,0.11219153280942983,11.2,Low
5343-SGUBI,Concord,94518,52,One year,Fiber optic,Mailed check,80.2,4297.6,No,Yes,No,No,No,No,0.8326899036821119,0.16731009631788807,16.7,Low
5345-BMKWB,San Francisco,94122,8,Month-to-month,No,Mailed check,20.25,158.35,No,No,No,No,No,No,0.7866078153156184,0.21339218468438162,21.3,Low
5346-BZCHP,Earp,92242,69,Two year,No,Mailed check,19.4,1346.2,No,No,No,No,No,No,0.9981514467289346,0.00184855327106542,0.2,Very low
5348-CAGXB,Irvine,92614,12,Month-to-month,Fiber optic,Electronic check,89.55,1021.75,No,No,Yes,No,Yes,No,0.24227190092748518,0.7577280990725148,75.8,Very high
5349-AZPEW,San Diego,92131,5,Month-to-month,DSL,Mailed check,25.05,125.5,No,No,No,No,No,No,0.8310543944927236,0.16894560550727644,16.9,Low
5351-QESIO,San Diego,92122,1,Month-to-month,DSL,Mailed check,24.2,24.2,No,No,No,No,No,No,0.8490565836652036,0.15094341633479638,15.1,Low
5353-WILCI,Stockton,95206,28,Month-to-month,DSL,Electronic check,56.05,1522.65,Yes,Yes,No,No,No,No,0.8481567367480987,0.1518432632519013,15.2,Low
5356-CSVSQ,La Verne,91750,3,Month-to-month,DSL,Electronic check,64.6,174.2,No,No,No,Yes,Yes,No,0.5266257222125537,0.47337427778744634,47.3,High
5356-KZCKT,Torrance,90503,58,Two year,No,Credit card (automatic),24.45,1513.6,No,No,No,No,No,No,0.9824569036014905,0.017543096398509483,1.8,Very low
5360-LJCNJ,Tracy,95376,71,Two year,Fiber optic,Bank transfer (automatic),105.15,7555.0,No,Yes,Yes,No,Yes,Yes,0.8898395285708159,0.1101604714291841,11.0,Low
5360-XGYAZ,Los Angeles,90040,72,Two year,DSL,Bank transfer (automatic),65.65,4664.5,Yes,Yes,Yes,Yes,Yes,Yes,0.9942392630755407,0.005760736924459276,0.6,Very low
5365-LLFYV,Penryn,95663,2,Month-to-month,DSL,Mailed check,45.85,105.6,No,No,No,No,No,No,0.5712368932490817,0.42876310675091833,42.9,Medium
5366-OBVMR,Los Angeles,90027,18,Month-to-month,DSL,Mailed check,50.3,908.75,No,No,No,Yes,No,No,0.7063167063843951,0.2936832936156049,29.4,Medium
5370-IIVVL,Le Grand,95333,37,One year,Fiber optic,Credit card (automatic),104.5,3778.0,No,Yes,No,Yes,Yes,Yes,0.7343480601210441,0.26565193987895586,26.6,Medium
5371-VYLSX,Long Beach,90814,50,Month-to-month,Fiber optic,Electronic check,83.4,4113.7,Yes,Yes,No,No,No,No,0.7062819047847455,0.2937180952152545,29.4,Medium
5372-FBKBN,San Jose,95111,21,Month-to-month,No,Mailed check,20.75,452.2,No,No,No,No,No,No,0.9748840776353562,0.025115922364643786,2.5,Very low
5375-XLDOF,Calipatria,92233,69,Two year,Fiber optic,Bank transfer (automatic),114.35,7665.8,Yes,Yes,Yes,Yes,Yes,Yes,0.98701625984962,0.01298374015037991,1.3,Very low
5376-PCKNB,Montclair,91763,72,One year,Fiber optic,Credit card (automatic),104.45,7459.0,No,Yes,Yes,No,Yes,Yes,0.9613726366024815,0.03862736339751848,3.9,Very low
5377-NDTOU,San Pedro,90732,71,Two year,DSL,Mailed check,91.05,6293.75,Yes,Yes,Yes,Yes,Yes,Yes,0.9804230824379063,0.01957691756209362,2.0,Very low
5380-XPJNZ,San Francisco,94103,38,One year,No,Mailed check,20.05,678.2,No,No,No,No,No,No,0.965955920717281,0.03404407928271906,3.4,Very low
5382-SOYZL,Concord,94519,22,Month-to-month,Fiber optic,Electronic check,95.1,2162.6,No,No,No,No,Yes,Yes,0.25175518792050433,0.7482448120794957,74.8,Very high
5382-TEMLV,Lindsay,93247,45,Month-to-month,DSL,Bank transfer (automatic),50.9,2298.55,Yes,No,No,No,No,No,0.8990064861570982,0.10099351384290176,10.1,Low
5384-ZTTWP,Yuba City,95991,15,Month-to-month,No,Mailed check,19.8,272.95,No,No,No,No,No,No,0.9598412308816038,0.04015876911839622,4.0,Very low
5386-THSLQ,Santa Monica,90402,66,One year,DSL,Bank transfer (automatic),45.55,3027.25,No,Yes,Yes,No,Yes,No,0.9353929027427985,0.0646070972572015,6.5,Very low
5387-ASZNZ,Cressey,95312,66,One year,DSL,Credit card (automatic),63.85,4174.35,Yes,Yes,No,Yes,No,No,0.9775449772629516,0.022455022737048302,2.2,Very low
5392-AKEMH,Vista,92083,12,Month-to-month,DSL,Electronic check,45.05,523.1,No,No,No,No,No,No,0.5867999775242942,0.4132000224757058,41.3,Medium
5393-HJZSM,San Francisco,94129,32,Month-to-month,DSL,Bank transfer (automatic),76.3,2404.15,Yes,Yes,Yes,Yes,No,Yes,0.9746918934809471,0.02530810651905288,2.5,Very low
5394-MEITZ,Corona Del Mar,92625,60,Two year,DSL,Bank transfer (automatic),80.6,4946.7,No,Yes,Yes,Yes,Yes,Yes,0.9630330441439915,0.03696695585600846,3.7,Very low
5396-IZEPB,Summerland,93067,9,Month-to-month,No,Credit card (automatic),19.7,180.7,No,No,No,No,No,No,0.8548666615099524,0.14513333849004761,14.5,Low
5397-NSKQG,Los Altos,94022,67,Two year,DSL,Credit card (automatic),50.9,3281.65,Yes,No,No,No,Yes,Yes,0.9928219293156592,0.007178070684340802,0.7,Very low
5397-TUPSH,Carson,90745,65,One year,Fiber optic,Bank transfer (automatic),70.95,4555.2,No,No,No,No,No,No,0.8865496838225541,0.11345031617744593,11.3,Low
5399-ZIMKF,San Simeon,93452,5,Month-to-month,Fiber optic,Electronic check,74.65,383.65,No,Yes,No,No,No,No,0.34174144093346515,0.6582585590665349,65.8,Very high
5402-HTOTQ,Macdoel,96058,16,Month-to-month,DSL,Electronic check,55.3,875.35,No,Yes,No,No,No,No,0.6437467712438192,0.35625322875618076,35.6,Medium
5404-GGUKR,Santa Ynez,93460,5,Month-to-month,DSL,Electronic check,51.35,262.3,No,Yes,No,No,No,No,0.5518378379331381,0.4481621620668619,44.8,Medium
5405-ZMYXQ,Los Angeles,90019,8,Month-to-month,Fiber optic,Credit card (automatic),74.6,548.9,No,No,No,No,No,No,0.3624433989485688,0.6375566010514312,63.8,High
5406-KGRMX,Helm,93627,71,Two year,No,Electronic check,24.55,1719.15,No,No,No,No,No,No,0.987966533887426,0.01203346611257405,1.2,Very low
5414-OFQCB,Hanford,93230,57,Two year,Fiber optic,Credit card (automatic),90.45,5229.8,No,No,No,Yes,Yes,No,0.9179857758559848,0.08201422414401516,8.2,Very low
5419-JKZNQ,La Mesa,91941,30,Month-to-month,Fiber optic,Mailed check,77.9,2351.45,No,No,No,No,No,No,0.5148140240428054,0.48518597595719454,48.5,High
5423-BHIXO,Pasadena,91103,32,Month-to-month,DSL,Electronic check,54.2,1739.6,No,Yes,No,No,No,No,0.6875923002423296,0.31240769975767035,31.2,Medium
5424-RLQLC,Bonsall,92003,10,Month-to-month,DSL,Mailed check,59.65,638.95,No,Yes,No,No,Yes,No,0.5886621372699353,0.4113378627300647,41.1,Medium
5429-LWCMV,Gardena,90248,12,Month-to-month,Fiber optic,Electronic check,89.15,1057.55,No,Yes,No,No,No,Yes,0.2662642584270667,0.7337357415729333,73.4,Very high
5433-KYGHE,Avila Beach,93424,14,Month-to-month,Fiber optic,Mailed check,86.0,1164.05,Yes,No,No,Yes,No,No,0.8591945259919566,0.1408054740080434,14.1,Low
5438-QMDDL,Campo Seco,95226,19,Month-to-month,DSL,Mailed check,59.8,1130.85,No,Yes,No,No,No,Yes,0.6027227577792187,0.39727724222078137,39.7,Medium
5439-WIKXB,Newhall,91321,41,Month-to-month,Fiber optic,Electronic check,94.55,3851.45,No,Yes,No,No,Yes,Yes,0.42407595383104757,0.5759240461689524,57.6,High
5440-VHLUL,Berkeley,94710,69,One year,Fiber optic,Bank transfer (automatic),105.2,7386.05,No,Yes,No,Yes,Yes,Yes,0.8849199472599921,0.11508005274000788,11.5,Low
5442-BHQNG,Brooks,95606,2,Month-to-month,Fiber optic,Electronic check,70.35,139.25,No,No,No,No,No,No,0.3789788418093649,0.6210211581906351,62.1,High
5442-BXVND,San Diego,92117,33,Month-to-month,No,Bank transfer (automatic),24.25,838.5,No,No,No,No,No,No,0.9716997658618697,0.02830023413813028,2.8,Very low
5442-PPTJY,Arcadia,91006,12,Two year,No,Mailed check,19.7,258.35,No,No,No,No,No,No,0.9873785317289994,0.012621468271000674,1.3,Very low
5443-SCMKX,Newbury Park,91320,58,One year,Fiber optic,Electronic check,94.3,5610.15,No,Yes,Yes,No,No,Yes,0.7318903097266718,0.26810969027332815,26.8,Medium
5445-GLVOT,Greenbrae,94904,22,Month-to-month,DSL,Electronic check,49.8,1049.05,Yes,No,No,No,No,No,0.7418799348440027,0.2581200651559973,25.8,Medium
5446-DKWYW,San Francisco,94103,61,One year,DSL,Electronic check,65.2,3965.05,No,No,Yes,No,Yes,No,0.9687737945404638,0.031226205459536287,3.1,Very low
5447-VYTKW,Los Angeles,90064,27,Month-to-month,DSL,Mailed check,53.45,1461.45,Yes,No,No,Yes,No,No,0.897798058168366,0.10220194183163395,10.2,Low
5447-WZAFP,Carlsbad,92008,53,One year,Fiber optic,Mailed check,100.3,5200.8,No,Yes,Yes,No,Yes,Yes,0.8089344263876025,0.19106557361239754,19.1,Low
5448-VWNAM,Oroville,95966,19,Month-to-month,DSL,Mailed check,75.9,1375.6,Yes,Yes,No,Yes,Yes,No,0.9344576105147331,0.06554238948526693,6.6,Very low
5451-MHQOF,Los Angeles,90031,56,One year,No,Mailed check,24.45,1431.65,No,No,No,No,No,No,0.9505584145721142,0.04944158542788579,4.9,Very low
5451-YHYPW,San Francisco,94129,72,Two year,Fiber optic,Credit card (automatic),115.75,8443.7,Yes,Yes,Yes,Yes,Yes,Yes,0.9457437895966787,0.05425621040332134,5.4,Very low
5453-AXEPF,San Jose,95134,17,Month-to-month,Fiber optic,Bank transfer (automatic),80.5,1336.9,No,Yes,No,No,No,No,0.37621613552563027,0.6237838644743697,62.4,High
5453-YBTWV,Moreno Valley,92557,70,Two year,Fiber optic,Credit card (automatic),101.1,6994.8,Yes,Yes,Yes,Yes,Yes,No,0.9934778424048311,0.006522157595168967,0.7,Very low
5456-ITGIC,Loomis,95650,72,Two year,DSL,Credit card (automatic),64.45,4641.1,Yes,Yes,Yes,Yes,Yes,Yes,0.9724245850857413,0.02757541491425878,2.8,Very low
5457-COLHT,San Francisco,94124,69,Two year,DSL,Bank transfer (automatic),80.65,5542.55,Yes,Yes,No,Yes,Yes,Yes,0.9971923959138981,0.002807604086101928,0.3,Very low
5461-QKNTN,Catheys Valley,95306,43,Month-to-month,Fiber optic,Electronic check,94.3,3953.15,No,Yes,No,Yes,Yes,No,0.5052341995069702,0.4947658004930298,49.5,High
5465-BUBFA,El Nido,95317,41,Two year,No,Bank transfer (automatic),19.3,772.4,No,No,No,No,No,No,0.9957144126463368,0.004285587353663216,0.4,Very low
5468-BPMMO,Santa Cruz,95064,46,Month-to-month,No,Electronic check,19.6,851.2,No,No,No,No,No,No,0.9097313488865941,0.09026865111340586,9.0,Very low
5469-NUJUR,Zenia,95595,19,Two year,No,Mailed check,19.95,373.5,No,No,No,No,No,No,0.9480103887071624,0.05198961129283759,5.2,Very low
5472-CVMDX,Bolinas,94924,68,Two year,DSL,Mailed check,38.9,2719.2,Yes,No,Yes,Yes,No,No,0.9878767005615646,0.0121232994384354,1.2,Very low
5473-KHBPS,Surfside,90743,52,One year,Fiber optic,Credit card (automatic),95.7,4976.15,No,Yes,Yes,No,Yes,No,0.9438591671854684,0.05614083281453167,5.6,Very low
5474-LAMUQ,Los Angeles,90029,24,One year,No,Mailed check,20.1,533.9,No,No,No,No,No,No,0.9293708274208936,0.07062917257910645,7.1,Very low
5478-JJVZK,Fair Oaks,95628,33,Month-to-month,DSL,Mailed check,60.9,2033.85,Yes,Yes,No,No,No,No,0.8120955107813284,0.1879044892186717,18.8,Low
5480-XTFFL,Mount Hermon,95041,31,Two year,No,Mailed check,21.0,697.7,No,No,No,No,No,No,0.9933943191339906,0.006605680866009458,0.7,Very low
5481-NTDOH,Whittier,90603,67,One year,Fiber optic,Credit card (automatic),107.05,7142.5,Yes,No,Yes,No,Yes,Yes,0.8429781151080644,0.15702188489193555,15.7,Low
5482-VXSXJ,Tehama,96090,22,Month-to-month,Fiber optic,Mailed check,93.2,2157.3,No,Yes,No,No,Yes,Yes,0.40911076086380516,0.5908892391361948,59.1,High
5485-ITNPC,Le Grand,95333,66,Two year,DSL,Bank transfer (automatic),85.9,5595.3,Yes,Yes,Yes,Yes,Yes,Yes,0.9784611745881999,0.021538825411800085,2.2,Very low
5494-WOZRZ,Mission Viejo,92692,71,Two year,DSL,Credit card (automatic),82.0,5999.85,Yes,No,Yes,Yes,Yes,Yes,0.981014122626187,0.018985877373812996,1.9,Very low
5495-GPSRW,Joshua Tree,92252,20,Two year,No,Mailed check,19.7,419.4,No,No,No,No,No,No,0.9496436042887594,0.05035639571124067,5.0,Very low
5498-IBWPI,Guadalupe,93434,66,One year,DSL,Credit card (automatic),49.4,3251.85,No,No,No,Yes,No,No,0.9932935619589248,0.006706438041075151,0.7,Very low
5499-ECUTN,Shafter,93263,47,One year,DSL,Credit card (automatic),66.05,3021.45,Yes,No,Yes,No,Yes,No,0.9242377313802864,0.07576226861971358,7.6,Very low
5501-TVMGM,Canby,96015,1,Month-to-month,DSL,Electronic check,55.25,55.25,No,No,No,No,No,Yes,0.4256095179317958,0.5743904820682042,57.4,High
5504-WSIUR,Chula Vista,91914,70,One year,Fiber optic,Bank transfer (automatic),90.25,6385.95,No,Yes,Yes,Yes,No,No,0.9348508401635603,0.06514915983643962,6.5,Very low
5505-OVWQW,Sacramento,95815,17,One year,No,Mailed check,20.15,353.65,No,No,No,No,No,No,0.9333316884178853,0.0666683115821147,6.7,Very low
5512-IDZEI,Garden Grove,92841,46,One year,No,Electronic check,24.9,1174.8,No,No,No,No,No,No,0.937186966004346,0.06281303399565395,6.3,Very low
5514-YQENT,Rocklin,95765,41,Two year,Fiber optic,Electronic check,111.15,4507.15,Yes,Yes,Yes,Yes,Yes,Yes,0.9744902102010327,0.025509789798967307,2.6,Very low
5515-RUGKN,Beverly Hills,90211,8,Month-to-month,DSL,Credit card (automatic),54.75,438.05,No,No,No,No,No,Yes,0.5890975243168179,0.41090247568318206,41.1,Medium
5519-TEEUH,Irvine,92604,33,One year,No,Mailed check,20.15,682.15,No,No,No,No,No,No,0.988190043574633,0.01180995642536699,1.2,Very low
5522-JBWMO,Blythe,92225,1,Month-to-month,DSL,Electronic check,44.0,44.0,No,No,No,No,No,No,0.8744825232584575,0.12551747674154248,12.6,Low
5522-NYKPB,Burney,96013,25,Month-to-month,Fiber optic,Electronic check,85.9,2199.05,No,No,No,Yes,Yes,No,0.8384745192041176,0.1615254807958823,16.2,Low
5524-KHNJP,Glendale,91205,33,One year,DSL,Credit card (automatic),74.75,2453.3,Yes,No,Yes,No,Yes,Yes,0.8914184157236379,0.10858158427636208,10.9,Low
5527-ACHSO,Orange,92865,11,Month-to-month,DSL,Mailed check,70.5,829.3,No,No,No,Yes,Yes,Yes,0.6734922628153209,0.32650773718467907,32.7,Medium
5529-GIBVH,Duncans Mills,95430,47,Two year,No,Mailed check,20.15,1046.2,No,No,No,No,No,No,0.9854430445429705,0.014556955457029496,1.5,Very low
5533-NHFRF,San Jose,95132,7,Month-to-month,DSL,Electronic check,44.4,265.8,No,Yes,No,Yes,No,Yes,0.45915613409442224,0.5408438659055778,54.1,High
5533-RJFTJ,Lemoore,93245,49,Month-to-month,DSL,Bank transfer (automatic),30.2,1453.1,No,No,Yes,No,No,No,0.8153206633929934,0.1846793366070066,18.5,Low
5537-UXXVS,Citrus Heights,95621,20,Month-to-month,No,Bank transfer (automatic),19.25,375.25,No,No,No,No,No,No,0.8607189032346123,0.13928109676538772,13.9,Low
5539-HIVAK,Friant,93626,28,Month-to-month,No,Mailed check,25.7,734.6,No,No,No,No,No,No,0.835886065361487,0.16411393463851298,16.4,Low
5542-DHSXL,Butte City,95920,4,Month-to-month,DSL,Mailed check,54.7,235.05,Yes,Yes,No,No,No,No,0.7114337683293671,0.2885662316706329,28.9,Medium
5542-NKVRU,La Grange,95329,42,Two year,No,Bank transfer (automatic),20.75,844.45,No,No,No,No,No,No,0.9779043832494464,0.02209561675055363,2.2,Very low
5542-TBBWB,Lakeport,95453,1,Month-to-month,Fiber optic,Electronic check,69.9,69.9,No,No,No,No,No,No,0.2896021683282817,0.7103978316717183,71.0,Very high
5543-QDCRY,San Francisco,94103,4,Month-to-month,DSL,Electronic check,56.4,234.85,No,No,No,No,Yes,No,0.4444407976691245,0.5555592023308755,55.6,High
5546-BYZSM,Oak View,93022,41,Month-to-month,No,Electronic check,20.45,775.6,No,No,No,No,No,No,0.9197979235889338,0.08020207641106626,8.0,Very low
5546-QUERU,Burbank,91506,13,One year,No,Mailed check,19.95,257.0,No,No,No,No,No,No,0.8942284725655287,0.1057715274344713,10.6,Low
5549-ZGHFB,Glendale,91205,50,Two year,No,Mailed check,24.95,1261.45,No,No,No,No,No,No,0.9950138183852076,0.004986181614792408,0.5,Very low
5553-AOINX,Copperopolis,95228,66,One year,Fiber optic,Electronic check,104.9,6891.45,No,Yes,Yes,No,Yes,Yes,0.9295915227814566,0.07040847721854343,7.0,Very low
5555-RNPGT,Bloomington,92316,10,Month-to-month,No,Credit card (automatic),24.8,223.9,No,No,No,No,No,No,0.9562497018086956,0.04375029819130442,4.4,Very low
5562-BETPV,San Andreas,95249,1,One year,No,Mailed check,19.65,19.65,No,No,No,No,No,No,0.8585567524440344,0.1414432475559656,14.1,Low
5562-YJQGT,Encino,91316,2,Month-to-month,No,Credit card (automatic),20.35,35.1,No,No,No,No,No,No,0.8252322506188061,0.1747677493811939,17.5,Low
5566-SOEZD,Madeline,96119,27,One year,Fiber optic,Credit card (automatic),80.65,2209.75,Yes,Yes,No,No,No,No,0.9501844816341032,0.04981551836589686,5.0,Very low
5567-GZKQY,Porterville,93257,58,Two year,No,Credit card (automatic),20.3,1131.5,No,No,No,No,No,No,0.9911869479114019,0.008813052088598037,0.9,Very low
5568-DMXZS,San Diego,92124,8,Month-to-month,DSL,Electronic check,65.45,554.45,No,Yes,No,Yes,Yes,No,0.5910935180864596,0.40890648191354034,40.9,Medium
5569-IDSEY,Winters,95694,71,One year,Fiber optic,Bank transfer (automatic),105.7,7472.15,No,Yes,Yes,No,Yes,Yes,0.8187508935311859,0.18124910646881406,18.1,Low
5574-NXZIU,Los Alamos,93440,63,Two year,Fiber optic,Credit card (automatic),109.2,7049.75,Yes,Yes,Yes,Yes,Yes,Yes,0.9718979855043405,0.02810201449565949,2.8,Very low
5575-GNVDE,Los Angeles,90002,34,One year,DSL,Mailed check,56.95,1889.5,Yes,No,Yes,No,No,No,0.9440919896789871,0.05590801032101291,5.6,Very low
5575-TPIZQ,Buellton,93427,46,Month-to-month,Fiber optic,Credit card (automatic),89.15,4245.55,Yes,No,No,No,Yes,No,0.6851086867757112,0.31489131322428876,31.5,Medium
5578-NKCXI,South Gate,90280,58,One year,Fiber optic,Credit card (automatic),99.25,5846.65,Yes,Yes,No,No,Yes,Yes,0.978213428049263,0.021786571950736956,2.2,Very low
5583-EJXRD,San Diego,92127,44,Two year,DSL,Credit card (automatic),54.05,2375.2,Yes,Yes,Yes,Yes,No,Yes,0.9895722298234615,0.010427770176538564,1.0,Very low
5590-ZSKRV,Gardena,90249,8,Month-to-month,DSL,Mailed check,54.65,482.25,Yes,Yes,No,No,No,No,0.9344029209766004,0.06559707902339958,6.6,Very low
5593-SUAOO,Boonville,95415,24,One year,Fiber optic,Bank transfer (automatic),83.15,2033.05,No,Yes,Yes,No,No,No,0.9221996360763105,0.07780036392368946,7.8,Very low
5598-IKHQQ,Myers Flat,95554,72,Two year,No,Credit card (automatic),25.45,1866.45,No,No,No,No,No,No,0.9923558622374679,0.007644137762532196,0.8,Very low
5599-HVLTW,Oakland,94609,14,Month-to-month,Fiber optic,Bank transfer (automatic),80.35,1058.1,No,No,Yes,No,No,No,0.39675223264922765,0.6032477673507723,60.3,High
5600-KTXFM,Ventura,93004,2,Month-to-month,Fiber optic,Mailed check,69.95,143.9,No,No,No,No,No,No,0.7503866339477041,0.24961336605229587,25.0,Low
5600-PDUJF,Los Angeles,90047,6,Month-to-month,DSL,Credit card (automatic),49.5,312.7,No,No,No,Yes,No,No,0.7098283227565626,0.2901716772434374,29.0,Medium
5602-BVFMK,Independence,93526,12,One year,No,Mailed check,19.3,228.75,No,No,No,No,No,No,0.9220716412265928,0.07792835877340717,7.8,Very low
5605-IYGFG,Thousand Palms,92276,7,Month-to-month,Fiber optic,Bank transfer (automatic),69.85,515.45,No,No,No,No,No,No,0.4231304253394236,0.5768695746605764,57.7,High
5605-XNWEN,Montebello,90640,72,Two year,No,Bank transfer (automatic),25.0,1802.55,No,No,No,No,No,No,0.9842946985227351,0.015705301477264857,1.6,Very low
5606-AMZBO,Rosamond,93560,10,Month-to-month,Fiber optic,Credit card (automatic),78.15,765.15,Yes,No,No,No,No,No,0.39844870318843884,0.6015512968115612,60.2,High
5609-IMCGG,Suisun City,94585,15,Month-to-month,Fiber optic,Credit card (automatic),84.35,1302.65,Yes,No,Yes,No,No,No,0.5146480996157016,0.48535190038429843,48.5,High
5614-DNZCE,Wilseyville,95257,58,Two year,DSL,Credit card (automatic),64.9,3795.45,Yes,Yes,Yes,Yes,No,No,0.988505884619482,0.011494115380518023,1.1,Very low
5619-PTMIK,Lemon Grove,91945,46,Month-to-month,DSL,Electronic check,53.1,2459.8,Yes,No,No,No,No,No,0.8311205391645367,0.1688794608354633,16.9,Low
5619-XZZKR,Santa Maria,93454,4,One year,No,Mailed check,19.95,68.2,No,No,No,No,No,No,0.8991055026008944,0.10089449739910562,10.1,Low
5622-UEJFI,Duncans Mills,95430,35,Two year,No,Credit card (automatic),25.4,949.8,No,No,No,No,No,No,0.9900726577154266,0.009927342284573341,1.0,Very low
5624-RYAMH,Citrus Heights,95610,9,Month-to-month,No,Electronic check,19.5,178.85,No,No,No,No,No,No,0.7325769979463514,0.2674230020536486,26.7,Medium
5626-MGTUK,Chatsworth,91311,20,Month-to-month,Fiber optic,Bank transfer (automatic),89.1,1879.25,Yes,No,No,No,Yes,No,0.4659823141728111,0.5340176858271889,53.4,High
5627-TVBPP,Big Bear Lake,92315,35,One year,No,Credit card (automatic),20.1,644.5,No,No,No,No,No,No,0.990627934750492,0.009372065249507955,0.9,Very low
5628-FCGYG,Riverside,92509,21,Month-to-month,Fiber optic,Electronic check,84.1,1737.45,No,No,No,No,No,Yes,0.30311458027498284,0.6968854197250172,69.7,Very high
5628-RKIFK,Bloomington,92316,49,Month-to-month,Fiber optic,Credit card (automatic),101.55,5070.4,Yes,No,No,No,Yes,Yes,0.7231160342156607,0.27688396578433927,27.7,Medium
5630-AHZIL,El Segundo,90245,3,Month-to-month,DSL,Bank transfer (automatic),64.5,177.4,Yes,No,No,Yes,No,Yes,0.9224844533584113,0.07751554664158865,7.8,Very low
5630-IXDXV,Reedley,93654,47,Month-to-month,Fiber optic,Electronic check,106.35,4849.1,No,Yes,Yes,No,Yes,Yes,0.47317961248483786,0.5268203875151621,52.7,High
5639-NTUPK,Walnut Creek,94598,13,Month-to-month,DSL,Credit card (automatic),52.1,670.65,Yes,No,No,No,No,No,0.9417294650716426,0.05827053492835746,5.8,Very low
5640-CAXOA,Auberry,93602,30,One year,DSL,Credit card (automatic),40.35,1187.05,No,No,No,Yes,No,Yes,0.845260622306561,0.15473937769343907,15.5,Low
5641-DMBFJ,Oregon House,95962,58,Two year,DSL,Electronic check,84.3,4916.4,Yes,No,Yes,Yes,Yes,Yes,0.9394120901087886,0.060587909891211426,6.1,Very low
5642-MHDQT,Mc Farland,93250,53,One year,No,Bank transfer (automatic),19.85,1039.45,No,No,No,No,No,No,0.9647774811347443,0.03522251886525569,3.5,Very low
5647-FXOTP,Santa Ysabel,92070,60,Month-to-month,Fiber optic,Electronic check,105.9,6401.25,No,Yes,Yes,No,Yes,Yes,0.5062247675299365,0.49377523247006344,49.4,High
5647-URDKA,Alturas,96101,8,Two year,No,Mailed check,19.7,130.25,No,No,No,No,No,No,0.9855868457824719,0.014413154217528059,1.4,Very low
5649-RXQTV,Alderpoint,95511,51,Month-to-month,Fiber optic,Electronic check,99.0,5038.15,No,Yes,Yes,No,Yes,Yes,0.5877458099753301,0.4122541900246699,41.2,Medium
5650-YLIBA,Lakeport,95453,31,Month-to-month,Fiber optic,Electronic check,81.15,2640.55,No,Yes,No,No,No,No,0.4693419083778022,0.5306580916221978,53.1,High
5651-CPDND,San Leandro,94578,10,Month-to-month,DSL,Mailed check,46.0,492.1,No,No,No,No,No,No,0.7103379563006711,0.28966204369932896,29.0,Medium
5651-CRHKQ,San Diego,92139,41,One year,Fiber optic,Bank transfer (automatic),86.2,3339.05,No,Yes,Yes,Yes,No,No,0.8515714667394796,0.1484285332605204,14.8,Low
5651-WYIPH,Vacaville,95688,18,Month-to-month,DSL,Credit card (automatic),49.85,865.75,No,Yes,No,No,No,No,0.7431438439894589,0.2568561560105412,25.7,Medium
5651-YLPRD,Danville,94526,32,Month-to-month,Fiber optic,Electronic check,86.1,2723.75,No,Yes,No,No,Yes,No,0.7880352178059389,0.21196478219406106,21.2,Low
5652-MSDEY,Sutter Creek,95685,10,Month-to-month,Fiber optic,Mailed check,75.75,777.3,No,No,No,No,No,No,0.34310255804632883,0.6568974419536712,65.7,Very high
5656-JAMLX,Greenbrae,94904,62,Two year,No,Bank transfer (automatic),19.85,1253.65,No,No,No,No,No,No,0.9918684114204107,0.0081315885795893,0.8,Very low
5656-MJEFC,Victorville,92392,42,Two year,DSL,Credit card (automatic),48.15,2032.3,Yes,No,Yes,Yes,Yes,No,0.956476560056634,0.04352343994336607,4.4,Very low
5663-QBGIS,La Canada Flintridge,91011,72,Two year,Fiber optic,Bank transfer (automatic),98.35,6929.4,No,Yes,No,No,Yes,Yes,0.9185257315868142,0.08147426841318588,8.1,Very low
5666-CYCYZ,Montebello,90640,24,Month-to-month,Fiber optic,Electronic check,89.55,2259.35,No,No,No,Yes,No,Yes,0.40571238185130887,0.5942876181486911,59.4,High
5666-MBJPT,Bakersfield,93304,65,Two year,No,Bank transfer (automatic),25.1,1725.0,No,No,No,No,No,No,0.9853344440981421,0.014665555901857922,1.5,Very low
5668-MEISB,Hacienda Heights,91745,72,Two year,Fiber optic,Credit card (automatic),106.1,7657.4,Yes,Yes,Yes,Yes,Yes,No,0.994066596521595,0.005933403478405031,0.6,Very low
5671-RQRLP,Fowler,93625,70,Two year,Fiber optic,Credit card (automatic),75.65,5411.4,No,No,No,No,No,No,0.9253172133720978,0.07468278662790215,7.5,Very low
5671-UUNXD,Nicasio,94946,50,One year,Fiber optic,Electronic check,100.65,5189.75,No,No,No,Yes,Yes,Yes,0.6528773853770835,0.34712261462291655,34.7,Medium
5676-CFLYY,Ahwahnee,93601,71,Two year,DSL,Credit card (automatic),73.35,5154.5,No,Yes,No,Yes,Yes,Yes,0.9746625689307146,0.025337431069285463,2.5,Very low
5678-VFNEQ,Rocklin,95677,71,One year,Fiber optic,Credit card (automatic),104.1,7412.25,Yes,No,Yes,No,Yes,Yes,0.8626043793657562,0.1373956206342438,13.7,Low
5680-LQOGP,Twin Bridges,95735,68,Two year,DSL,Credit card (automatic),82.45,5646.6,Yes,Yes,Yes,Yes,Yes,Yes,0.9857161659853287,0.01428383401467127,1.4,Very low
5681-LLOEI,Encino,91316,43,One year,Fiber optic,Credit card (automatic),91.25,4013.8,Yes,No,Yes,Yes,No,No,0.9674614131273169,0.03253858687268307,3.3,Very low
5684-FJVYR,Lake Hughes,93532,72,Two year,Fiber optic,Bank transfer (automatic),90.35,6563.4,Yes,Yes,No,Yes,No,No,0.9665622791960721,0.033437720803927935,3.3,Very low
5686-CMAWK,San Diego,92131,17,One year,Fiber optic,Electronic check,86.75,1410.25,No,No,Yes,Yes,No,No,0.6777502618128008,0.3222497381871992,32.2,Medium
5692-ICXLW,Escondido,92027,31,Month-to-month,Fiber optic,Electronic check,90.7,2845.15,No,Yes,No,No,Yes,No,0.3928933050212503,0.6071066949787497,60.7,High
5693-PIPCS,National City,91950,41,Two year,Fiber optic,Credit card (automatic),99.65,4220.35,No,Yes,No,Yes,Yes,Yes,0.8869572487505208,0.1130427512494792,11.3,Low
5696-CEIQJ,Riverside,92504,67,Two year,Fiber optic,Bank transfer (automatic),103.15,6895.5,No,Yes,Yes,Yes,Yes,Yes,0.9899727234171272,0.01002727658287288,1.0,Very low
5696-EXCYS,Hood,95639,17,Two year,No,Credit card (automatic),19.45,369.05,No,No,No,No,No,No,0.9658895789196479,0.034110421080352095,3.4,Very low
5696-JVVQY,Davis,95616,48,Two year,DSL,Credit card (automatic),70.1,3238.4,Yes,Yes,Yes,No,No,Yes,0.9922538145360149,0.007746185463985043,0.8,Very low
5697-GOMBF,Julian,92036,28,Month-to-month,DSL,Electronic check,35.9,973.65,No,No,No,No,Yes,No,0.806356081842645,0.19364391815735502,19.4,Low
5699-BNCAS,Valley Center,92082,71,Two year,No,Mailed check,24.65,1766.75,No,No,No,No,No,No,0.9864634128670603,0.013536587132939724,1.4,Very low
5701-GUXDC,El Centro,92243,26,One year,DSL,Credit card (automatic),35.4,978.6,Yes,No,Yes,No,No,No,0.8759073697763772,0.1240926302236228,12.4,Low
5701-SVCWR,Laguna Niguel,92677,1,Month-to-month,No,Mailed check,24.0,24.0,No,No,No,No,No,No,0.9336496899720873,0.06635031002791267,6.6,Very low
5701-YVSVF,Fallbrook,92028,11,Month-to-month,Fiber optic,Electronic check,82.9,880.05,No,No,No,Yes,Yes,No,0.30864091750227607,0.6913590824977239,69.1,Very high
5701-ZIKJE,Redcrest,95569,13,Month-to-month,DSL,Mailed check,50.55,610.75,No,No,No,Yes,No,No,0.7267160660305125,0.2732839339694875,27.3,Medium
5702-KVQRD,Topaz,96133,71,Two year,DSL,Electronic check,82.55,5832.65,Yes,No,Yes,Yes,Yes,Yes,0.9708567088861739,0.029143291113826044,2.9,Very low
5702-SKUOB,Fresno,93722,4,Month-to-month,No,Mailed check,19.6,93.45,No,No,No,No,No,No,0.7657435964712698,0.2342564035287302,23.4,Low
5707-ZMDJP,Norwalk,90650,53,Two year,DSL,Mailed check,69.7,3729.6,Yes,Yes,No,Yes,Yes,No,0.9942138253924997,0.005786174607500304,0.6,Very low
5709-LVOEQ,San Mateo,94401,0,Two year,DSL,Mailed check,80.85,0.0,Yes,Yes,Yes,No,Yes,Yes,0.822242315990972,0.177757684009028,17.8,Low
5712-AHQNN,Whittier,90601,43,Month-to-month,Fiber optic,Electronic check,91.65,3954.1,No,Yes,Yes,No,Yes,No,0.5905021880230938,0.4094978119769061,40.9,Medium
5712-VBOXD,Santa Barbara,93108,4,Month-to-month,No,Credit card (automatic),20.15,68.45,No,No,No,No,No,No,0.7797284825870969,0.22027151741290302,22.0,Low
5716-EZXZN,Surfside,90743,65,Two year,Fiber optic,Credit card (automatic),99.05,6416.7,Yes,Yes,No,Yes,Yes,No,0.947428385889035,0.05257161411096496,5.3,Very low
5716-LIBJC,Winton,95388,13,One year,Fiber optic,Credit card (automatic),104.15,1299.1,No,Yes,Yes,No,Yes,Yes,0.821582985405319,0.17841701459468098,17.8,Low
5724-BIDBU,Penn Valley,95946,49,One year,DSL,Electronic check,55.35,2633.95,Yes,No,No,No,No,No,0.886848740226901,0.113151259773099,11.3,Low
5726-CVNYA,Cutler,93615,8,Two year,No,Mailed check,19.85,146.6,No,No,No,No,No,No,0.9059046565839809,0.09409534341601913,9.4,Very low
5727-MYATE,Van Nuys,91405,72,Two year,DSL,Credit card (automatic),90.8,6397.6,Yes,Yes,Yes,Yes,Yes,Yes,0.9952693153043098,0.004730684695690114,0.5,Very low
5730-DBDSI,June Lake,93529,66,Two year,No,Bank transfer (automatic),19.7,1253.8,No,No,No,No,No,No,0.992884878850357,0.0071151211496429945,0.7,Very low
5730-RIITO,Willows,95988,43,Month-to-month,DSL,Credit card (automatic),33.45,1500.25,Yes,Yes,No,No,No,No,0.8563707320032821,0.14362926799671794,14.4,Low
5732-IKGQH,Camarillo,93012,52,One year,Fiber optic,Bank transfer (automatic),104.45,5481.25,Yes,No,Yes,Yes,Yes,Yes,0.8563784190549114,0.14362158094508856,14.4,Low
5734-EJKXG,Goodyears Bar,95944,61,One year,Fiber optic,Electronic check,118.6,7365.7,Yes,Yes,Yes,Yes,Yes,Yes,0.8583798631604278,0.14162013683957217,14.2,Low
5736-YEJAX,Hemet,92543,69,Two year,DSL,Credit card (automatic),79.45,5502.55,Yes,Yes,Yes,Yes,Yes,No,0.9848982658775984,0.015101734122401617,1.5,Very low
5740-YHGTW,Los Angeles,90041,70,Month-to-month,Fiber optic,Credit card (automatic),97.55,6669.05,Yes,Yes,No,No,Yes,No,0.9538374187429094,0.04616258125709064,4.6,Very low
5743-KHMNA,Berkeley,94705,71,Two year,No,Bank transfer (automatic),25.55,1898.1,No,No,No,No,No,No,0.9915467763807941,0.008453223619205814,0.8,Very low
5751-USDBL,Soda Springs,95728,46,Two year,DSL,Mailed check,81.0,3846.35,Yes,No,Yes,Yes,Yes,Yes,0.992698661720708,0.0073013382792920505,0.7,Very low
5753-QQWPW,Aliso Viejo,92656,28,One year,DSL,Electronic check,59.9,1654.7,Yes,Yes,No,Yes,No,No,0.9194227482970568,0.08057725170294318,8.1,Very low
5756-JYOJT,Santa Ana,92706,11,One year,DSL,Credit card (automatic),64.9,697.25,No,No,Yes,Yes,No,Yes,0.8721332831269888,0.12786671687301124,12.8,Low
5756-OZRIO,Riverside,92504,61,One year,DSL,Bank transfer (automatic),64.05,3902.6,No,Yes,No,No,No,Yes,0.9333725748202063,0.0666274251797937,6.7,Very low
5760-FXFVO,Pleasant Grove,95668,6,Month-to-month,Fiber optic,Electronic check,78.95,494.95,Yes,Yes,No,No,No,No,0.437014073101718,0.562985926898282,56.3,High
5760-IFJOZ,Richgrove,93261,3,Month-to-month,Fiber optic,Mailed check,107.95,313.6,No,Yes,Yes,No,Yes,Yes,0.2740892653358611,0.7259107346641389,72.6,Very high
5760-WRAHC,Fontana,92336,22,Month-to-month,DSL,Mailed check,69.75,1545.4,Yes,No,Yes,Yes,No,Yes,0.8013874859971533,0.19861251400284674,19.9,Low
5762-TJXGK,Wheatland,95692,52,Two year,DSL,Bank transfer (automatic),58.75,3038.55,Yes,Yes,Yes,No,Yes,Yes,0.9437801114675243,0.056219888532475684,5.6,Very low
5766-FTRTS,El Segundo,90245,72,Two year,DSL,Mailed check,84.45,6033.1,Yes,Yes,Yes,Yes,Yes,Yes,0.9862755019634176,0.013724498036582398,1.4,Very low
5774-QPLTF,El Nido,95317,50,One year,No,Mailed check,20.35,938.95,No,No,No,No,No,No,0.9911263245420959,0.008873675457904085,0.9,Very low
5774-XZTQC,Lakewood,90715,7,Month-to-month,No,Mailed check,20.45,150.75,No,No,No,No,No,No,0.9480837216519333,0.05191627834806662,5.2,Very low
5777-KJIRB,Weimar,95736,40,One year,DSL,Mailed check,50.25,2023.55,No,No,Yes,No,No,No,0.9104163302414019,0.08958366975859816,9.0,Very low
5777-ZPQNC,Covina,91724,12,One year,No,Electronic check,20.15,260.7,No,No,No,No,No,No,0.9000958457414516,0.09990415425854834,10.0,Very low
5778-BVOFB,Hollister,95023,9,Month-to-month,DSL,Bank transfer (automatic),59.5,530.05,No,No,No,Yes,Yes,No,0.6606213652055253,0.3393786347944747,33.9,Medium
5780-INQIK,San Mateo,94401,8,Month-to-month,DSL,Electronic check,49.4,408.25,No,No,No,Yes,No,No,0.7124015040368903,0.2875984959631097,28.8,Medium
5781-BKHOP,Richmond,94801,72,Two year,Fiber optic,Bank transfer (automatic),100.65,7334.05,Yes,Yes,Yes,No,Yes,No,0.9574205515854541,0.042579448414545806,4.3,Very low
5781-RFZRP,Ladera Ranch,92694,71,Two year,DSL,Credit card (automatic),73.5,5357.75,Yes,Yes,No,Yes,Yes,No,0.9865874996501621,0.013412500349837838,1.3,Very low
5787-KXGIY,Palo Alto,94303,72,Two year,No,Credit card (automatic),19.3,1304.8,No,No,No,No,No,No,0.9926856177622978,0.007314382237702202,0.7,Very low
5788-YPOEG,Pebble Beach,93953,34,Two year,DSL,Mailed check,84.75,2839.45,Yes,Yes,Yes,Yes,Yes,Yes,0.9903423582687222,0.009657641731277821,1.0,Very low
5789-LDFXO,Baker,92309,24,One year,No,Electronic check,24.6,592.65,No,No,No,No,No,No,0.9042791075448091,0.09572089245519085,9.6,Very low
5791-KAJFD,Newport Beach,92662,56,One year,DSL,Bank transfer (automatic),68.75,3808.0,Yes,No,Yes,No,No,Yes,0.9193204366120679,0.08067956338793213,8.1,Very low
5792-JALQC,San Rafael,94901,52,Two year,DSL,Bank transfer (automatic),59.85,3103.25,Yes,No,Yes,No,No,No,0.976977320433472,0.023022679566528013,2.3,Very low
5793-YOLJN,Oro Grande,92368,55,Two year,No,Mailed check,21.0,1210.3,No,No,No,No,No,No,0.9970427904417907,0.002957209558209367,0.3,Very low
5795-BKOYE,Sacramento,95837,69,One year,DSL,Bank transfer (automatic),59.1,4134.7,No,Yes,Yes,Yes,No,No,0.9960394042744566,0.003960595725543466,0.4,Very low
5795-KTGUD,Ione,95640,68,Two year,Fiber optic,Bank transfer (automatic),110.8,7553.6,Yes,Yes,Yes,No,Yes,Yes,0.9134731194901597,0.0865268805098403,8.7,Very low
5799-JRCZO,North San Juan,95960,63,Two year,No,Credit card (automatic),19.5,1215.1,No,No,No,No,No,No,0.9985354171562106,0.0014645828437893204,0.1,Very low
5802-ADBRC,San Juan Capistrano,92675,50,One year,Fiber optic,Mailed check,104.4,5232.9,Yes,No,Yes,No,Yes,Yes,0.7268417654745636,0.2731582345254364,27.3,Medium
5803-NQJZO,Bakersfield,93305,72,Two year,DSL,Bank transfer (automatic),67.8,4804.65,Yes,Yes,Yes,Yes,No,No,0.9856931195816826,0.014306880418317389,1.4,Very low
5804-HYIEZ,Winterhaven,92283,70,Month-to-month,Fiber optic,Electronic check,106.05,7554.05,Yes,Yes,No,No,Yes,Yes,0.9119487805408744,0.08805121945912564,8.8,Very low
5804-JMYIO,Glencoe,95232,39,Two year,No,Mailed check,19.75,757.95,No,No,No,No,No,No,0.9949450236332491,0.005054976366750874,0.5,Very low
5808-TOTXO,Oakland,94605,3,One year,No,Credit card (automatic),20.55,57.4,No,No,No,No,No,No,0.9729892733030264,0.027010726696973558,2.7,Very low
5811-IWXYM,Napa,94558,52,One year,Fiber optic,Bank transfer (automatic),101.25,5301.1,No,No,Yes,No,Yes,Yes,0.9399581419713563,0.060041858028643716,6.0,Very low
5815-HGGHV,Witter Springs,95493,20,One year,DSL,Mailed check,64.15,1274.45,Yes,No,No,Yes,No,Yes,0.8541072128949766,0.14589278710502343,14.6,Low
5816-JMLGY,Red Bluff,96080,70,Two year,DSL,Bank transfer (automatic),80.4,5717.85,No,Yes,Yes,Yes,Yes,Yes,0.9733111799647004,0.02668882003529959,2.7,Very low
5816-QVHRX,San Leandro,94579,37,Month-to-month,Fiber optic,Credit card (automatic),100.3,3541.4,No,No,No,Yes,Yes,Yes,0.633007367557709,0.366992632442291,36.7,Medium
5816-SCGFC,Fullerton,92835,7,Month-to-month,DSL,Mailed check,51.3,419.35,No,Yes,No,No,No,No,0.6318903675662665,0.3681096324337335,36.8,Medium
5820-PTRYM,Chula Vista,91913,56,One year,DSL,Credit card (automatic),68.45,4014.0,Yes,Yes,Yes,Yes,No,No,0.9598199245260938,0.040180075473906195,4.0,Very low
5821-MMEIL,Nipton,92364,57,Two year,No,Bank transfer (automatic),19.9,1115.6,No,No,No,No,No,No,0.9874694461451552,0.012530553854844785,1.3,Very low
5825-XJOCM,Gazelle,96034,48,One year,DSL,Bank transfer (automatic),64.4,3035.35,Yes,Yes,Yes,No,No,No,0.9881731076939565,0.011826892306043488,1.2,Very low
5827-MWCZK,Boonville,95415,56,Month-to-month,Fiber optic,Credit card (automatic),96.95,5432.2,No,Yes,No,Yes,Yes,No,0.925823492838729,0.07417650716127099,7.4,Very low
5828-DWPIL,Livermore,94550,62,Month-to-month,Fiber optic,Electronic check,89.1,5618.3,Yes,Yes,Yes,No,No,No,0.7316318785998979,0.26836812140010213,26.8,Medium
5829-NVSQN,Gonzales,93926,23,One year,DSL,Bank transfer (automatic),68.75,1689.45,Yes,No,Yes,Yes,No,Yes,0.8808387025523092,0.11916129744769079,11.9,Low
5832-EXGTT,Burbank,91501,29,Month-to-month,DSL,Mailed check,60.2,1834.15,Yes,No,No,No,No,Yes,0.9321179160308813,0.06788208396911867,6.8,Very low
5832-TRLPB,Milpitas,95035,29,One year,DSL,Bank transfer (automatic),75.35,2243.9,No,No,Yes,Yes,Yes,Yes,0.8595886409844679,0.14041135901553212,14.0,Low
5837-LXSDN,Angwin,94508,21,One year,DSL,Credit card (automatic),58.85,1215.45,No,Yes,No,No,Yes,No,0.9509913832832285,0.04900861671677153,4.9,Very low
5839-SUYVZ,Orange,92868,16,Month-to-month,Fiber optic,Credit card (automatic),74.55,1170.5,No,No,No,Yes,No,No,0.5908073053911964,0.40919269460880353,40.9,Medium
5840-NVDCG,Pacoima,91331,16,Two year,DSL,Bank transfer (automatic),68.25,1114.85,Yes,Yes,No,Yes,No,Yes,0.987805591947694,0.012194408052306031,1.2,Very low
5843-TTHGI,Sunnyvale,94086,18,Month-to-month,DSL,Mailed check,50.0,892.7,No,No,Yes,No,No,No,0.6993963523051698,0.3006036476948301,30.1,Medium
5844-QVTAT,Irvine,92620,33,One year,DSL,Mailed check,58.45,1955.4,Yes,Yes,Yes,No,No,No,0.906872279050688,0.09312772094931202,9.3,Very low
5845-BZZIB,Frazier Park,93222,35,Two year,No,Mailed check,20.1,655.3,No,No,No,No,No,No,0.9941378801487317,0.005862119851268275,0.6,Very low
5846-ABOBJ,Los Angeles,90034,71,Two year,No,Bank transfer (automatic),24.45,1730.65,No,No,No,No,No,No,0.9888120418965195,0.011187958103480469,1.1,Very low
5846-NEQVZ,Mission Viejo,92691,71,Two year,DSL,Credit card (automatic),70.85,4973.4,Yes,No,Yes,Yes,No,Yes,0.9855271560356109,0.014472843964389059,1.4,Very low
5846-QFDFI,Pine Valley,91962,33,Month-to-month,Fiber optic,Credit card (automatic),88.6,2888.7,No,Yes,Yes,Yes,No,No,0.9190875179539431,0.08091248204605689,8.1,Very low
5847-MXBEO,Helm,93627,22,One year,No,Mailed check,20.3,475.1,No,No,No,No,No,No,0.9422875427214789,0.05771245727852113,5.8,Very low
5848-FHRFC,Santa Monica,90405,68,Two year,No,Bank transfer (automatic),20.05,1386.9,No,No,No,No,No,No,0.993439217432944,0.006560782567055906,0.7,Very low
5849-ASHZJ,Palo Alto,94306,27,One year,No,Credit card (automatic),20.05,552.9,No,No,No,No,No,No,0.991272398729812,0.008727601270188042,0.9,Very low
5850-BDWCY,Los Angeles,90045,6,Month-to-month,No,Mailed check,20.2,123.65,No,No,No,No,No,No,0.8227020293213475,0.17729797067865252,17.7,Low
5854-KSRBJ,San Clemente,92673,70,Two year,No,Mailed check,25.4,1782.05,No,No,No,No,No,No,0.9974494127584737,0.0025505872415263887,0.3,Very low
5855-EIBDE,Orangevale,95662,49,Two year,Fiber optic,Credit card (automatic),106.65,5174.35,Yes,Yes,Yes,Yes,No,Yes,0.9400445361028283,0.05995546389717166,6.0,Very low
5857-TYBCJ,Dixon,95620,44,Month-to-month,Fiber optic,Electronic check,89.2,4040.2,No,No,Yes,No,Yes,No,0.40882449841563673,0.5911755015843633,59.1,High
5857-XRECV,Manteca,95336,2,One year,No,Bank transfer (automatic),20.5,38.25,No,No,No,No,No,No,0.9792147455912742,0.02078525440872576,2.1,Very low
5858-EAFCZ,Rialto,92377,1,Month-to-month,DSL,Mailed check,44.45,44.45,No,No,No,No,No,No,0.6443442254446076,0.35565577455539243,35.6,Medium
5859-HZYLF,San Jose,95133,26,Two year,No,Credit card (automatic),19.15,515.75,No,No,No,No,No,No,0.9903127484678296,0.009687251532170406,1.0,Very low
5862-BRIXZ,Santa Maria,93458,46,Two year,DSL,Bank transfer (automatic),60.75,2893.4,Yes,No,Yes,Yes,Yes,Yes,0.9444153815324554,0.05558461846754458,5.6,Very low
5863-OOKCL,Cayucos,93430,10,Month-to-month,No,Mailed check,18.85,163.2,No,No,No,No,No,No,0.8414852227996459,0.15851477720035412,15.9,Low
5868-YTYKS,Davenport,95017,1,Month-to-month,No,Mailed check,20.25,20.25,No,No,No,No,No,No,0.9318989869020213,0.0681010130979787,6.8,Very low
5871-DGTXZ,River Pines,95675,32,One year,No,Mailed check,19.8,607.7,No,No,No,No,No,No,0.9580826098132476,0.04191739018675249,4.2,Very low
5872-OEQNH,Carmichael,95608,60,One year,DSL,Electronic check,44.45,2773.9,Yes,No,Yes,No,No,Yes,0.9117321211623598,0.08826787883764024,8.8,Very low
5876-QMYLD,Earp,92242,23,One year,No,Mailed check,20.05,415.1,No,No,No,No,No,No,0.9280968718431417,0.07190312815685827,7.2,Very low
5879-HMFFH,Cassel,96016,72,Two year,DSL,Bank transfer (automatic),88.05,6520.8,Yes,Yes,Yes,Yes,Yes,Yes,0.9828065191196514,0.017193480880348503,1.7,Very low
5879-SESNB,Moraga,94556,11,Month-to-month,Fiber optic,Electronic check,75.25,888.65,No,No,No,No,No,No,0.3698173040358773,0.6301826959641227,63.0,High
5882-CMAZQ,National City,91950,5,Month-to-month,DSL,Electronic check,34.25,163.55,No,Yes,No,Yes,No,No,0.8536189611126231,0.14638103888737686,14.6,Low
5884-FBCTL,Shafter,93263,72,Two year,No,Bank transfer (automatic),25.1,1857.85,No,No,No,No,No,No,0.9978692702230936,0.0021307297769063934,0.2,Very low
5886-VLQVU,Grand Terrace,92313,35,Month-to-month,Fiber optic,Bank transfer (automatic),89.85,3161.2,No,No,No,Yes,No,Yes,0.5155014004464733,0.48449859955352675,48.4,High
5887-IKKYO,Pomona,91768,58,Two year,Fiber optic,Bank transfer (automatic),94.35,5563.65,No,No,Yes,Yes,No,Yes,0.9841861242797022,0.015813875720297795,1.6,Very low
5893-KCLGT,Sunland,91040,72,Two year,No,Mailed check,19.75,1567.0,No,No,No,No,No,No,0.9982034181481282,0.0017965818518718296,0.2,Very low
5893-PYOLZ,San Leandro,94578,56,Two year,DSL,Credit card (automatic),81.8,4534.45,No,Yes,Yes,Yes,Yes,Yes,0.9691582661501411,0.030841733849858877,3.1,Very low
5895-QSXOD,Alleghany,95910,9,Month-to-month,Fiber optic,Mailed check,70.05,657.5,No,No,No,No,No,No,0.4999359822439621,0.5000640177560379,50.0,High
5897-ZYEKH,Lincoln,95648,67,One year,Fiber optic,Electronic check,105.6,7112.15,Yes,Yes,No,No,Yes,Yes,0.7931359589382845,0.20686404106171555,20.7,Low
5898-IGSLP,Mountain View,94041,31,Month-to-month,Fiber optic,Electronic check,89.3,2823.0,Yes,No,Yes,Yes,No,No,0.8989122115026483,0.10108778849735163,10.1,Low
5899-OUVKV,Sacramento,95821,31,Month-to-month,Fiber optic,Electronic check,94.5,2979.2,No,Yes,No,No,Yes,Yes,0.4164340285947733,0.5835659714052267,58.4,High
5902-WBLSE,Bonita,91902,70,Two year,No,Credit card (automatic),20.15,1411.2,No,No,No,No,No,No,0.997810178292211,0.002189821707789084,0.2,Very low
5906-BFOZT,Loleta,95551,1,Month-to-month,No,Mailed check,19.5,19.5,No,No,No,No,No,No,0.7304233984971216,0.2695766015028785,27.0,Medium
5906-DVAPM,Meridian,95957,55,One year,DSL,Credit card (automatic),75.0,4213.9,Yes,Yes,No,Yes,Yes,No,0.988698769957397,0.011301230042602929,1.1,Very low
5913-INRQV,Upland,91786,34,One year,Fiber optic,Mailed check,90.15,3128.8,Yes,No,No,Yes,Yes,No,0.8433846299107648,0.1566153700892352,15.7,Low
5914-GXMDA,Lamont,93241,32,One year,No,Mailed check,19.3,593.2,No,No,No,No,No,No,0.945862625900835,0.05413737409916497,5.4,Very low
5914-XRFQB,Caspar,95420,72,Two year,Fiber optic,Bank transfer (automatic),115.8,8424.9,Yes,Yes,Yes,Yes,Yes,Yes,0.9433447356245885,0.05665526437541144,5.7,Very low
5915-ANOEI,Corcoran,93212,70,Two year,DSL,Mailed check,79.15,5536.5,Yes,Yes,Yes,Yes,Yes,No,0.9841983746849081,0.01580162531509189,1.6,Very low
5915-DGNVC,Cambria,93428,49,One year,DSL,Electronic check,71.8,3472.05,Yes,Yes,Yes,No,No,Yes,0.907973326860117,0.092026673139883,9.2,Very low
5916-QEWPT,Valley Village,91607,2,Month-to-month,DSL,Credit card (automatic),69.0,147.8,No,No,Yes,No,Yes,Yes,0.4935075480382167,0.5064924519617833,50.6,High
5917-HBSDW,Mill Valley,94941,37,Month-to-month,No,Electronic check,19.35,683.75,No,No,No,No,No,No,0.974455449703264,0.025544550296735913,2.6,Very low
5917-RYRMG,Jolon,93928,32,One year,No,Credit card (automatic),19.8,587.7,No,No,No,No,No,No,0.963004386584928,0.03699561341507192,3.7,Very low
5918-VUKWP,Pasadena,91104,32,One year,No,Bank transfer (automatic),20.55,654.55,No,No,No,No,No,No,0.9623930471973089,0.03760695280269107,3.8,Very low
5919-VCZYM,Santa Ana,92707,2,Month-to-month,No,Mailed check,20.05,42.7,No,No,No,No,No,No,0.7999229118288916,0.20007708817110834,20.0,Low
5921-NGYRH,Stonyford,95979,64,Month-to-month,Fiber optic,Mailed check,73.55,4764.0,Yes,No,No,No,No,No,0.8292161411347407,0.1707838588652592,17.1,Low
5924-IFQTT,Crescent Mills,95934,13,Month-to-month,DSL,Electronic check,72.8,930.05,No,Yes,Yes,Yes,Yes,No,0.8229004187377368,0.17709958126226322,17.7,Low
5924-SNGKP,Solana Beach,92075,41,One year,No,Credit card (automatic),20.25,865.0,No,No,No,No,No,No,0.9624201267917151,0.03757987320828495,3.8,Very low
5928-QLDHB,San Fernando,91340,9,Month-to-month,Fiber optic,Electronic check,76.25,684.85,No,No,No,No,No,No,0.27486606040758743,0.7251339395924126,72.5,Very high
5930-GBIWP,Doyle,96109,69,Two year,DSL,Credit card (automatic),81.5,5553.25,Yes,Yes,Yes,Yes,No,Yes,0.9852553230601456,0.014744676939854382,1.5,Very low
5934-RMPOV,Pescadero,94060,22,Month-to-month,Fiber optic,Electronic check,84.75,1816.75,No,No,No,No,No,Yes,0.6974071855397295,0.3025928144602705,30.3,Medium
5934-TSSAU,Landers,92285,23,Month-to-month,Fiber optic,Credit card (automatic),75.3,1702.9,No,No,Yes,No,No,No,0.8371797378097352,0.1628202621902648,16.3,Low
5935-FCCNB,Downey,90242,17,Month-to-month,Fiber optic,Electronic check,94.2,1608.15,No,No,No,No,Yes,Yes,0.22010456276172463,0.7798954372382754,78.0,Very high
5937-EORGB,Five Points,93624,15,Month-to-month,Fiber optic,Electronic check,96.5,1392.25,Yes,No,Yes,No,Yes,No,0.27373385834831043,0.7262661416516896,72.6,Very high
5939-SXWHM,Millville,96062,48,Two year,No,Bank transfer (automatic),26.3,1245.05,No,No,No,No,No,No,0.9951668715275512,0.0048331284724487285,0.5,Very low
5939-XAIXZ,Birds Landing,94512,19,Month-to-month,DSL,Mailed check,56.1,1033.9,No,No,Yes,No,No,No,0.6309262466121917,0.3690737533878083,36.9,Medium
5944-UGLLK,Cloverdale,95425,53,One year,DSL,Credit card (automatic),54.9,3045.75,No,No,Yes,Yes,Yes,Yes,0.9270012596154447,0.07299874038455531,7.3,Very low
5945-AZYHT,Antioch,94509,71,One year,Fiber optic,Electronic check,109.6,7854.15,Yes,Yes,Yes,No,Yes,Yes,0.8183739765077036,0.18162602349229634,18.2,Low
5947-SGKCL,San Marino,91108,15,Month-to-month,Fiber optic,Bank transfer (automatic),105.35,1559.25,No,Yes,Yes,No,Yes,Yes,0.628014824422171,0.3719851755778289,37.2,Medium
5948-UJZLF,Los Angeles,90049,2,Month-to-month,DSL,Mailed check,49.25,97.0,No,Yes,No,No,No,No,0.675928830388024,0.32407116961197596,32.4,Medium
5949-HGVJL,Mccloud,96057,26,Month-to-month,DSL,Electronic check,73.05,1959.5,No,Yes,No,Yes,Yes,Yes,0.6046397733747388,0.39536022662526116,39.5,Medium
5950-AAAGJ,Playa Del Rey,90293,18,Month-to-month,Fiber optic,Bank transfer (automatic),84.3,1537.9,No,No,No,No,Yes,No,0.4424647109981956,0.5575352890018044,55.8,High
5951-AOFIH,San Jose,95122,33,Month-to-month,DSL,Credit card (automatic),66.4,2245.4,No,Yes,Yes,No,Yes,No,0.786413867031191,0.213586132968809,21.4,Low
5954-BDFSG,West Hollywood,90069,72,Two year,Fiber optic,Credit card (automatic),107.5,7853.7,No,No,Yes,Yes,Yes,Yes,0.9362822573738973,0.06371774262610276,6.4,Very low
5955-EPOAZ,Livermore,94550,6,Month-to-month,No,Mailed check,20.95,109.5,No,No,No,No,No,No,0.7648328979520477,0.23516710204795233,23.5,Low
5956-YHHRX,Pilot Hill,95664,21,Month-to-month,Fiber optic,Electronic check,104.35,2271.85,No,Yes,Yes,No,Yes,Yes,0.26534257215635526,0.7346574278436447,73.5,Very high
5960-MVTUK,Grenada,96038,3,Month-to-month,DSL,Electronic check,29.75,96.85,No,No,No,Yes,No,No,0.4706777362952428,0.5293222637047572,52.9,High
5961-VUSRV,Sherman Oaks,91403,12,One year,No,Bank transfer (automatic),19.35,219.35,No,No,No,No,No,No,0.9015033415306737,0.09849665846932634,9.8,Very low
5965-GGPRW,Hayward,94541,72,Two year,Fiber optic,Bank transfer (automatic),105.25,7609.75,Yes,No,Yes,No,Yes,Yes,0.9871896952309838,0.012810304769016276,1.3,Very low
5966-EMAZU,Fort Bidwell,96112,64,One year,Fiber optic,Mailed check,108.5,6880.85,Yes,No,Yes,Yes,Yes,Yes,0.8545448762393552,0.14545512376064487,14.5,Low
5968-HYJRZ,Kerman,93630,47,Two year,No,Mailed check,24.55,1160.45,No,No,No,No,No,No,0.9944872707772531,0.005512729222746942,0.6,Very low
5968-VXZLG,Calabasas,91302,2,Month-to-month,DSL,Bank transfer (automatic),46.6,87.9,No,No,No,No,No,No,0.5917289703801205,0.4082710296198795,40.8,Medium
5968-XQIVE,Newberry Springs,92365,72,One year,Fiber optic,Electronic check,89.7,6588.95,No,Yes,No,No,Yes,No,0.8049014465025303,0.19509855349746977,19.5,Low
5970-GHJAW,Irvine,92612,46,Two year,No,Credit card (automatic),19.95,862.4,No,No,No,No,No,No,0.9965136341123875,0.003486365887612518,0.3,Very low
5973-EJGDP,Palm Springs,92264,51,Month-to-month,Fiber optic,Electronic check,87.35,4473.0,No,Yes,Yes,Yes,No,No,0.7119305121781268,0.2880694878218732,28.8,Medium
5975-BAICR,Yountville,94599,36,One year,DSL,Credit card (automatic),63.7,2188.5,Yes,No,Yes,No,No,Yes,0.9772614535733111,0.022738546426688964,2.3,Very low
5977-CKHON,Roseville,95678,43,Month-to-month,Fiber optic,Bank transfer (automatic),92.55,4039.0,No,No,Yes,No,No,Yes,0.8387295089444116,0.1612704910555885,16.1,Low
5980-BDHPY,Wendel,96136,72,Two year,DSL,Bank transfer (automatic),87.1,6230.1,Yes,Yes,Yes,Yes,Yes,Yes,0.9753035523279207,0.024696447672079323,2.5,Very low
5981-ZVXOT,San Diego,92131,35,One year,Fiber optic,Electronic check,108.35,3726.15,Yes,Yes,Yes,No,Yes,Yes,0.6387194831151665,0.36128051688483354,36.1,Medium
5982-FPVQN,Camarillo,93012,37,Month-to-month,Fiber optic,Electronic check,95.15,3532.85,No,Yes,Yes,No,No,Yes,0.765492283991006,0.234507716008994,23.5,Low
5982-PSMKW,North Hollywood,91601,23,Two year,DSL,Credit card (automatic),91.1,2198.3,Yes,Yes,Yes,Yes,Yes,Yes,0.976223535314296,0.023776464685704005,2.4,Very low
5982-XMDEX,Arvin,93203,65,Two year,No,Bank transfer (automatic),26.5,1698.55,No,No,No,No,No,No,0.9898217536575453,0.01017824634245467,1.0,Very low
5985-BEHZK,Santa Ana,92705,72,One year,Fiber optic,Credit card (automatic),105.0,7578.05,No,Yes,Yes,No,Yes,Yes,0.8746545761455402,0.1253454238544598,12.5,Low
5985-TBABQ,West Sacramento,95605,32,One year,DSL,Mailed check,74.75,2282.95,Yes,No,No,No,Yes,Yes,0.8648240248950527,0.13517597510494733,13.5,Low
5986-WWXDV,Salton City,92275,39,One year,No,Bank transfer (automatic),19.35,779.2,No,No,No,No,No,No,0.9696258890925988,0.030374110907401195,3.0,Very low
5989-AXPUC,Garden Grove,92840,68,Two year,Fiber optic,Mailed check,118.6,7990.05,Yes,Yes,Yes,Yes,Yes,Yes,0.9502196004607651,0.049780399539234875,5.0,Very low
5989-OMNJE,Windsor,95492,24,One year,DSL,Electronic check,57.6,1367.75,Yes,Yes,Yes,No,Yes,Yes,0.7336277719604771,0.26637222803952293,26.6,Medium
5989-PGKJB,San Diego,92121,16,Month-to-month,Fiber optic,Electronic check,86.25,1340.1,No,Yes,No,No,No,Yes,0.3688323646099443,0.6311676353900557,63.1,High
5993-BQHEA,San Francisco,94111,12,One year,No,Credit card (automatic),20.05,267.0,No,No,No,No,No,No,0.9314030832265507,0.06859691677344924,6.9,Very low
5993-JSUWV,Columbia,95310,66,Two year,DSL,Bank transfer (automatic),61.15,4017.45,Yes,Yes,Yes,No,No,No,0.9870624761002323,0.012937523899767685,1.3,Very low
5995-LFTLE,Lower Lake,95457,58,Two year,No,Credit card (automatic),25.3,1474.35,No,No,No,No,No,No,0.9824569036014905,0.017543096398509483,1.8,Very low
5995-SNNEW,Whittier,90605,23,Month-to-month,Fiber optic,Electronic check,104.45,2184.85,No,Yes,Yes,No,Yes,Yes,0.22545495102390467,0.7745450489760953,77.5,Very high
5995-WWKKG,Running Springs,92382,37,One year,No,Electronic check,19.8,695.05,No,No,No,No,No,No,0.9360686044642216,0.06393139553577842,6.4,Very low
5996-DAOQL,Penngrove,94951,1,Month-to-month,No,Mailed check,20.45,20.45,No,No,No,No,No,No,0.7304233984971216,0.2695766015028785,27.0,Medium
5996-EBTKM,Lakeside,92040,67,Two year,DSL,Bank transfer (automatic),69.9,4615.9,No,No,Yes,Yes,No,Yes,0.9930103877472737,0.0069896122527262645,0.7,Very low
5996-NRVXR,Los Alamitos,90720,40,One year,Fiber optic,Credit card (automatic),98.15,4116.8,Yes,Yes,Yes,Yes,Yes,No,0.8591897932203738,0.14081020677962616,14.1,Low
5997-OPVFA,Montrose,91020,72,Two year,DSL,Bank transfer (automatic),89.05,6254.45,Yes,Yes,Yes,Yes,Yes,Yes,0.9753035523279207,0.024696447672079323,2.5,Very low
5998-DZLYR,Sutter,95982,61,Two year,Fiber optic,Bank transfer (automatic),94.35,5703.0,No,Yes,No,Yes,No,Yes,0.9136704935392893,0.08632950646071065,8.6,Very low
5999-LCXAO,Orange,92866,1,Month-to-month,DSL,Mailed check,29.9,29.9,Yes,No,No,No,No,No,0.6202869026475242,0.37971309735247577,38.0,Medium
6000-UKLWI,Sacramento,95842,41,Two year,No,Mailed check,20.15,802.35,No,No,No,No,No,No,0.9819924688319409,0.01800753116805909,1.8,Very low
6007-TCTST,Salinas,93901,72,Two year,Fiber optic,Bank transfer (automatic),115.8,8476.5,Yes,Yes,Yes,Yes,Yes,Yes,0.9884139385591774,0.011586061440822673,1.2,Very low
6008-NAIXK,Pine Grove,95665,54,One year,DSL,Electronic check,55.45,2966.95,No,Yes,Yes,No,Yes,Yes,0.8241848660682438,0.17581513393175618,17.6,Low
6010-DDPPW,Newport Coast,92657,70,Two year,No,Bank transfer (automatic),25.15,1940.85,No,No,No,No,No,No,0.9884337089526994,0.011566291047300548,1.2,Very low
6013-BHCAW,San Jose,95117,61,Two year,DSL,Bank transfer (automatic),81.0,4976.15,No,No,Yes,Yes,Yes,Yes,0.9884526488259224,0.01154735117407756,1.2,Very low
6016-LVTJQ,Long Beach,90805,34,Month-to-month,No,Mailed check,20.65,716.4,No,No,No,No,No,No,0.9783969101997914,0.02160308980020861,2.2,Very low
6016-NXBNJ,Orange Cove,93646,35,One year,No,Mailed check,19.15,638.0,No,No,No,No,No,No,0.9465840659399156,0.05341593406008433,5.3,Very low
6022-KOUQO,Eagleville,96110,2,Month-to-month,DSL,Bank transfer (automatic),29.05,44.75,No,No,No,Yes,No,No,0.8728382331048539,0.12716176689514616,12.7,Low
6023-GSSXW,Wofford Heights,93285,69,Two year,DSL,Credit card (automatic),61.45,4131.2,No,Yes,No,No,No,Yes,0.972127384845547,0.02787261515445305,2.8,Very low
6024-RUGGH,San Francisco,94112,72,Two year,No,Bank transfer (automatic),25.2,1798.9,No,No,No,No,No,No,0.9969188457967082,0.0030811542032918296,0.3,Very low
6029-CSMJE,Forest Ranch,95942,17,Month-to-month,DSL,Mailed check,25.65,440.2,No,No,No,No,No,No,0.5721411163062158,0.4278588836937842,42.8,Medium
6030-REHUX,Fountain Valley,92708,28,Month-to-month,Fiber optic,Electronic check,110.85,3204.4,No,Yes,Yes,Yes,Yes,Yes,0.3282556530621984,0.6717443469378016,67.2,Very high
6034-YMTOB,Arcadia,91007,5,Month-to-month,Fiber optic,Mailed check,75.65,399.45,No,No,No,Yes,No,No,0.46497167512256943,0.5350283248774306,53.5,High
6035-BXTTY,Rancho Santa Fe,92067,32,Month-to-month,DSL,Bank transfer (automatic),54.65,1830.1,No,Yes,No,Yes,No,No,0.8975980278954179,0.10240197210458207,10.2,Low
6035-RIIOM,Janesville,96114,54,Two year,Fiber optic,Bank transfer (automatic),97.2,5129.45,No,Yes,No,No,Yes,Yes,0.8558190540870867,0.14418094591291333,14.4,Low
6036-TTFYU,Thousand Oaks,91362,16,Month-to-month,No,Mailed check,19.6,314.45,No,No,No,No,No,No,0.8303494753305007,0.1696505246694993,17.0,Low
6040-CGACY,Blairsden Graeagle,96103,15,Month-to-month,No,Mailed check,19.6,299.4,No,No,No,No,No,No,0.8626549640598533,0.13734503594014663,13.7,Low
6047-SUHPR,Woodlake,93286,39,One year,DSL,Electronic check,59.8,2343.85,Yes,Yes,Yes,No,No,No,0.9847197307723458,0.015280269227654228,1.5,Very low
6048-NJXHX,Apple Valley,92308,41,Two year,No,Electronic check,19.75,899.45,No,No,No,No,No,No,0.956386578219674,0.043613421780326046,4.4,Very low
6048-QBXKL,Madison,95653,2,Month-to-month,DSL,Credit card (automatic),56.55,118.25,No,Yes,No,No,No,No,0.5454412725878997,0.45455872741210035,45.5,High
6048-UWKAL,Beale Afb,95903,69,Two year,Fiber optic,Credit card (automatic),105.4,6998.95,No,Yes,No,Yes,Yes,Yes,0.9384759986184192,0.06152400138158075,6.2,Very low
6050-FFXES,Garden Grove,92844,69,Two year,Fiber optic,Bank transfer (automatic),105.35,7240.65,No,No,Yes,Yes,Yes,Yes,0.9312141306476527,0.06878586935234737,6.9,Very low
6050-IJRHS,Chino Hills,91709,70,One year,Fiber optic,Electronic check,106.5,7397.0,No,Yes,Yes,No,Yes,Yes,0.9391730863950181,0.060826913604981936,6.1,Very low
6051-PTVNS,Bodfish,93205,55,One year,No,Credit card (automatic),19.15,998.1,No,No,No,No,No,No,0.995529374839989,0.004470625160010933,0.4,Very low
6060-QBMGV,Pasadena,91106,70,Two year,No,Credit card (automatic),19.85,1433.8,No,No,No,No,No,No,0.992180560857025,0.007819439142975023,0.8,Very low
6061-GWWAV,Fresno,93726,41,One year,DSL,Mailed check,70.2,2894.55,Yes,Yes,Yes,No,Yes,No,0.9889942028715386,0.011005797128461448,1.1,Very low
6061-PQHMK,Los Angeles,90006,25,One year,No,Credit card (automatic),19.9,527.5,No,No,No,No,No,No,0.9552187331753176,0.0447812668246824,4.5,Very low
6064-PUPMC,Loyalton,96118,23,One year,DSL,Credit card (automatic),57.2,1423.35,Yes,No,No,Yes,No,No,0.9860891934359662,0.013910806564033757,1.4,Very low
6064-ZATLR,Llano,93544,27,Two year,DSL,Bank transfer (automatic),52.85,1498.65,Yes,Yes,No,No,No,No,0.9663907454602794,0.03360925453972058,3.4,Very low
6067-NGCEU,Topanga,90290,65,Month-to-month,Fiber optic,Credit card (automatic),111.05,7107.0,Yes,Yes,Yes,No,Yes,Yes,0.7843651680536667,0.21563483194633323,21.6,Low
6072-NUQCB,Villa Park,92861,22,One year,No,Bank transfer (automatic),20.25,488.25,No,No,No,No,No,No,0.985625991588275,0.014374008411724988,1.4,Very low
6075-QMNRR,Doyle,96109,52,Month-to-month,DSL,Bank transfer (automatic),49.75,2535.55,Yes,No,No,No,No,No,0.9195391860324587,0.08046081396754136,8.0,Very low
6075-SLNIL,Desert Center,92239,38,Month-to-month,Fiber optic,Credit card (automatic),95.1,3691.2,No,Yes,Yes,No,No,Yes,0.5720980377117845,0.42790196228821553,42.8,Medium
6077-BDPXA,Merced,95340,3,Month-to-month,Fiber optic,Electronic check,70.15,194.2,No,No,No,No,No,No,0.3066885747267314,0.6933114252732686,69.3,Very high
6078-VESFR,Vista,92084,13,Month-to-month,Fiber optic,Bank transfer (automatic),70.45,849.1,No,No,No,No,No,No,0.4819783335300034,0.5180216664699966,51.8,High
6080-LNESI,Hercules,94547,51,Two year,No,Mailed check,24.75,1234.6,No,No,No,No,No,No,0.9818953738628082,0.018104626137191798,1.8,Very low
6080-TCMYC,Rosemead,91770,40,Month-to-month,Fiber optic,Electronic check,81.2,3292.3,No,No,Yes,No,No,No,0.8066605251981788,0.1933394748018212,19.3,Low
6082-GLJIX,Holtville,92250,18,Month-to-month,No,Mailed check,19.25,331.35,No,No,No,No,No,No,0.8725889257673674,0.12741107423263262,12.7,Low
6082-OQFBA,Victorville,92394,23,One year,No,Mailed check,19.65,436.9,No,No,No,No,No,No,0.9271305552027466,0.07286944479725344,7.3,Very low
6087-YPWHO,Raymond,93653,72,Two year,DSL,Mailed check,68.15,4808.7,Yes,Yes,Yes,Yes,No,No,0.9888972363856366,0.011102763614363326,1.1,Very low
6088-BXMRG,Cabazon,92230,32,Month-to-month,Fiber optic,Electronic check,98.85,3089.6,No,Yes,No,No,Yes,Yes,0.6693259290617992,0.3306740709382008,33.1,Medium
6092-QZVPP,Fresno,93704,36,Month-to-month,DSL,Credit card (automatic),79.2,2854.95,Yes,No,Yes,Yes,Yes,Yes,0.8500673629447459,0.14993263705525411,15.0,Low
6094-ZIVKX,Inglewood,90302,68,One year,DSL,Credit card (automatic),54.45,3674.95,Yes,No,Yes,No,No,No,0.9777139161473251,0.022286083852674977,2.2,Very low
6096-EGVTU,San Jose,95120,64,One year,No,Mailed check,24.9,1595.5,No,No,No,No,No,No,0.994592937458828,0.00540706254117199,0.5,Very low
6100-FJZDG,Olema,94950,26,One year,No,Bank transfer (automatic),20.05,505.9,No,No,No,No,No,No,0.9158731311572609,0.08412686884273908,8.4,Very low
6103-BOCOU,San Francisco,94117,26,Month-to-month,Fiber optic,Electronic check,80.7,2193.0,No,No,Yes,No,No,No,0.4098668243702618,0.5901331756297382,59.0,High
6103-LIANB,Westminster,92683,59,Two year,Fiber optic,Credit card (automatic),99.5,5861.75,No,No,Yes,No,Yes,Yes,0.9621913512410546,0.03780864875894543,3.8,Very low
6103-QCKFX,Big Bar,96010,44,Month-to-month,DSL,Bank transfer (automatic),56.25,2419.55,Yes,No,No,Yes,No,No,0.9851424286513207,0.014857571348679247,1.5,Very low
6112-KTHFQ,Loleta,95551,13,Month-to-month,No,Mailed check,19.3,279.3,No,No,No,No,No,No,0.8045279176892861,0.19547208231071383,19.5,Low
6114-TCFID,Pismo Beach,93449,29,One year,DSL,Credit card (automatic),39.5,1082.75,Yes,Yes,No,Yes,No,No,0.9405655273571444,0.05943447264285557,5.9,Very low
6115-ZTBFQ,Alamo,94507,72,Two year,DSL,Bank transfer (automatic),65.5,4919.7,Yes,Yes,Yes,Yes,Yes,Yes,0.9801838823360517,0.01981611766394831,2.0,Very low
6116-RFVHN,Roseville,95747,34,Month-to-month,Fiber optic,Electronic check,100.45,3414.65,No,No,Yes,No,Yes,Yes,0.2819182086688147,0.7180817913311853,71.8,Very high
6119-SPUDB,Woodland,95695,46,Two year,DSL,Mailed check,38.25,1755.35,Yes,No,Yes,Yes,No,No,0.9745675173605932,0.025432482639406815,2.5,Very low
6120-RJKLU,Sierra Madre,91024,62,Two year,DSL,Credit card (automatic),79.95,4819.75,Yes,No,Yes,Yes,Yes,Yes,0.9739199307790494,0.02608006922095058,2.6,Very low
6121-TNHBO,Sacramento,95822,63,One year,DSL,Bank transfer (automatic),83.0,5243.05,Yes,Yes,Yes,Yes,Yes,No,0.9759554540775192,0.024044545922480873,2.4,Very low
6122-EFVKN,San Diego,92123,24,Two year,DSL,Mailed check,35.75,830.8,Yes,No,No,Yes,No,No,0.9471802157357427,0.05281978426425728,5.3,Very low
6122-LJADA,Lower Lake,95457,70,Two year,DSL,Credit card (automatic),90.15,6237.05,Yes,Yes,Yes,Yes,Yes,Yes,0.9949417532344437,0.005058246765556379,0.5,Very low
6124-ACRHJ,San Mateo,94403,1,Month-to-month,No,Mailed check,19.75,19.75,No,No,No,No,No,No,0.7968245159733536,0.20317548402664645,20.3,Low
6127-IYJOZ,Studio City,91604,1,Month-to-month,DSL,Mailed check,45.85,45.85,No,No,No,No,No,No,0.5540111735789315,0.4459888264210686,44.6,Medium
6128-AQBMT,Nicasio,94946,41,Month-to-month,DSL,Electronic check,53.95,2215.4,No,Yes,Yes,No,Yes,Yes,0.5225751464238276,0.47742485357617237,47.7,High
6128-DAFVY,Willits,95490,56,Month-to-month,DSL,Credit card (automatic),44.85,2564.95,No,No,No,No,Yes,Yes,0.7707259727805825,0.22927402721941748,22.9,Low
6131-FOYAS,San Lorenzo,94580,35,Month-to-month,DSL,Electronic check,59.6,2094.9,Yes,No,Yes,No,No,No,0.76062442253367,0.23937557746632993,23.9,Low
6131-IUNXN,Huntington Beach,92646,19,Month-to-month,No,Mailed check,20.2,382.2,No,No,No,No,No,No,0.9647187647372019,0.03528123526279816,3.5,Very low
6131-JLWZM,San Francisco,94131,13,Month-to-month,No,Mailed check,20.3,275.4,No,No,No,No,No,No,0.8045279176892861,0.19547208231071383,19.5,Low
6133-OZILE,Santa Monica,90403,18,Month-to-month,DSL,Electronic check,35.2,607.3,No,No,Yes,Yes,No,No,0.6036874811683415,0.39631251883165847,39.6,Medium
6134-KWTBV,Covina,91724,62,Two year,No,Bank transfer (automatic),23.4,1429.65,No,No,No,No,No,No,0.9885919458636576,0.011408054136342327,1.1,Very low
6135-OZQVA,Santa Clarita,91350,7,Month-to-month,DSL,Electronic check,53.65,404.35,Yes,No,No,No,No,No,0.552134020677945,0.44786597932205496,44.8,Medium
6137-MFAJN,Los Angeles,90008,48,Month-to-month,DSL,Electronic check,44.8,2104.55,Yes,Yes,No,No,Yes,No,0.7791457058031543,0.22085429419684563,22.1,Low
6137-NICCO,Perris,92571,6,Month-to-month,Fiber optic,Mailed check,94.05,518.75,No,Yes,Yes,No,Yes,No,0.5959111428923989,0.4040888571076012,40.4,Medium
6139-ZZRBQ,Granite Bay,95746,64,Two year,No,Bank transfer (automatic),20.05,1198.05,No,No,No,No,No,No,0.9889447660559506,0.011055233944049397,1.1,Very low
6143-JQKEA,Adelanto,92301,10,Month-to-month,DSL,Credit card (automatic),45.8,436.2,No,No,No,No,No,No,0.6667734235567822,0.3332265764432179,33.3,Medium
6145-NNPNO,Santa Rosa,95404,1,Month-to-month,DSL,Bank transfer (automatic),44.15,44.15,No,No,No,No,No,No,0.6697977652117167,0.33020223478828326,33.0,Medium
6147-CBCRA,Wofford Heights,93285,33,Month-to-month,No,Mailed check,20.05,669.45,No,No,No,No,No,No,0.8965975959138235,0.10340240408617647,10.3,Low
6152-ONASV,Landers,92285,68,One year,DSL,Bank transfer (automatic),58.25,3975.7,Yes,No,No,Yes,No,No,0.9775668542097408,0.022433145790259273,2.2,Very low
6156-UZDLF,Pleasant Hill,94523,26,One year,Fiber optic,Credit card (automatic),87.15,2274.1,Yes,No,Yes,Yes,No,No,0.862976019150187,0.137023980849813,13.7,Low
6158-HDPXZ,San Diego,92128,1,Month-to-month,DSL,Mailed check,25.35,25.35,No,No,No,No,No,No,0.526914019027404,0.4730859809725961,47.3,High
6161-ERDGD,Santa Maria,93458,71,One year,DSL,Electronic check,85.45,6300.85,Yes,No,Yes,Yes,Yes,Yes,0.989769916330166,0.010230083669833984,1.0,Very low
6164-HAQTX,Boonville,95415,71,Two year,DSL,Bank transfer (automatic),53.95,3888.65,Yes,Yes,Yes,Yes,Yes,No,0.9879000267437925,0.012099973256207538,1.2,Very low
6164-HXUGH,Raymond,93653,6,Month-to-month,No,Mailed check,19.85,119.3,No,No,No,No,No,No,0.9464027695630656,0.0535972304369344,5.4,Very low
6166-YIPFO,Douglas City,96024,72,Two year,DSL,Electronic check,64.7,4746.05,Yes,Yes,Yes,Yes,Yes,Yes,0.9593126384466318,0.040687361553368113,4.1,Very low
6168-YBYNP,Newhall,91321,59,Month-to-month,Fiber optic,Electronic check,111.35,6519.75,No,Yes,Yes,Yes,Yes,Yes,0.6496224512717906,0.35037754872820936,35.0,Medium
6169-PGNCD,Westwood,96137,57,Two year,DSL,Credit card (automatic),74.3,4166.35,Yes,Yes,Yes,Yes,Yes,No,0.9841766278416154,0.015823372158384634,1.6,Very low
6169-PPETC,Brentwood,94513,35,Two year,No,Bank transfer (automatic),20.5,759.35,No,No,No,No,No,No,0.9946854278495044,0.005314572150495611,0.5,Very low
6171-ZTVYB,San Diego,92104,43,Month-to-month,DSL,Bank transfer (automatic),66.25,2907.35,Yes,Yes,No,Yes,No,No,0.9082230094878232,0.09177699051217678,9.2,Very low
6173-GOLSU,Oak View,93022,67,Month-to-month,Fiber optic,Credit card (automatic),94.65,6079.0,No,No,No,No,Yes,Yes,0.6327480956721734,0.36725190432782656,36.7,Medium
6174-NRBTZ,Murrieta,92563,46,One year,DSL,Bank transfer (automatic),30.75,1489.3,Yes,No,No,No,No,No,0.9218388146306975,0.07816118536930253,7.8,Very low
6175-IRFIT,Bangor,95914,5,Month-to-month,Fiber optic,Mailed check,78.75,426.35,No,No,No,No,No,Yes,0.4010896360721362,0.5989103639278638,59.9,High
6176-YJWAS,Potter Valley,95469,72,Two year,Fiber optic,Credit card (automatic),97.95,7114.25,Yes,Yes,Yes,No,Yes,No,0.9424848753164374,0.05751512468356256,5.8,Very low
6177-PEVRA,Corcoran,93212,48,Two year,DSL,Credit card (automatic),55.5,2627.35,Yes,Yes,No,No,No,No,0.9839929815130009,0.01600701848699917,1.6,Very low
6180-YBIQI,Santa Monica,90404,5,Month-to-month,DSL,Mailed check,24.3,100.2,No,No,No,No,No,No,0.5602849407209596,0.43971505927904037,44.0,Medium
6181-AXXYF,Pico Rivera,90660,72,Two year,No,Credit card (automatic),24.75,1859.1,No,No,No,No,No,No,0.9979506065091666,0.0020493934908334477,0.2,Very low
6184-DYUOB,Palermo,95968,3,Month-to-month,No,Mailed check,19.6,55.25,No,No,No,No,No,No,0.6889875536936108,0.3110124463063893,31.1,Medium
6185-TASNN,Chula Vista,91913,1,Month-to-month,DSL,Electronic check,46.3,46.3,No,No,No,No,No,No,0.5743812096837331,0.425618790316267,42.6,Medium
6188-UXBBR,Fresno,93720,38,One year,No,Credit card (automatic),20.25,814.75,No,No,No,No,No,No,0.9457826434677246,0.05421735653227548,5.4,Very low
6194-HBGQN,Taft,93268,51,One year,DSL,Credit card (automatic),81.15,4126.2,Yes,Yes,Yes,Yes,Yes,No,0.952818034335593,0.047181965664406966,4.7,Very low
6195-MELTI,Pleasant Hill,94523,57,One year,DSL,Mailed check,54.65,3134.7,No,Yes,No,Yes,No,No,0.9644155852622311,0.03558441473776881,3.6,Very low
6196-HBOBZ,Winnetka,91306,65,Two year,Fiber optic,Electronic check,99.35,6347.55,Yes,Yes,Yes,No,Yes,No,0.8943956740121742,0.10560432598782574,10.6,Low
6198-PNNSZ,Valley Springs,95252,56,One year,Fiber optic,Bank transfer (automatic),109.8,6109.65,Yes,Yes,Yes,No,Yes,Yes,0.8509055342139888,0.14909446578601118,14.9,Low
6198-RTPMF,Oregon House,95962,17,Month-to-month,Fiber optic,Electronic check,92.6,1579.7,No,No,No,No,Yes,Yes,0.23672299284110754,0.7632770071588925,76.3,Very high
6198-ZFIOJ,Willits,95490,5,Month-to-month,Fiber optic,Electronic check,75.6,402.5,No,No,No,No,No,No,0.32413393045157113,0.6758660695484289,67.6,Very high
6199-IPCAO,Tehachapi,93561,29,Two year,No,Mailed check,26.1,692.55,No,No,No,No,No,No,0.9900879874626827,0.009912012537317334,1.0,Very low
6199-IWKGC,Benton,93512,46,One year,Fiber optic,Electronic check,100.25,4753.85,No,No,No,Yes,Yes,Yes,0.7011026736225734,0.29889732637742655,29.9,Medium
6202-DYYFX,West Covina,91792,22,One year,Fiber optic,Credit card (automatic),76.0,1783.6,No,No,No,No,No,No,0.6548467192983896,0.3451532807016105,34.5,Medium
6202-JVYEU,Chino,91710,9,One year,No,Electronic check,19.9,164.6,No,No,No,No,No,No,0.8491024355950547,0.1508975644049453,15.1,Low
6203-HBZPA,Forestville,95436,52,Two year,DSL,Credit card (automatic),63.9,3334.95,Yes,Yes,Yes,Yes,Yes,Yes,0.9720911883674154,0.02790881163258466,2.8,Very low
6211-WHMYA,Chula Vista,91915,64,Month-to-month,DSL,Electronic check,43.85,2751.0,No,Yes,No,Yes,Yes,No,0.8511712688127777,0.14882873118722234,14.9,Low
6211-WWLTF,Oakhurst,93644,63,Two year,Fiber optic,Credit card (automatic),99.7,6330.4,Yes,No,Yes,No,Yes,Yes,0.9436227715814838,0.056377228418516244,5.6,Very low
6212-ATMLK,Rancho Cucamonga,91701,50,Month-to-month,Fiber optic,Electronic check,95.7,4729.75,No,No,No,No,Yes,Yes,0.466805528183483,0.533194471816517,53.3,High
6215-NQCPY,Yreka,96097,15,Month-to-month,Fiber optic,Electronic check,99.7,1566.75,Yes,No,No,No,Yes,Yes,0.277652583998948,0.722347416001052,72.2,Very high
6217-KDYWC,Lomita,90717,57,Two year,No,Mailed check,19.6,1170.55,No,No,No,No,No,No,0.9849561162440577,0.015043883755942398,1.5,Very low
6217-TOWGS,San Jose,95113,17,Month-to-month,DSL,Bank transfer (automatic),75.4,1322.55,No,Yes,No,No,Yes,Yes,0.4540992355624771,0.5459007644375229,54.6,High
6218-KNUBD,Lodi,95242,6,Month-to-month,DSL,Electronic check,59.45,357.6,No,Yes,No,No,Yes,No,0.5760887014010403,0.42391129859895976,42.4,Medium
6223-DHJGV,Los Angeles,90056,42,One year,No,Mailed check,20.65,958.1,No,No,No,No,No,No,0.957896913525013,0.042103086474986895,4.2,Very low
6227-FBDXH,Essex,92332,69,One year,Fiber optic,Bank transfer (automatic),99.5,6841.45,No,No,Yes,No,Yes,Yes,0.8440681683535448,0.15593183164645522,15.6,Low
6229-LSCKB,Encino,91436,6,Month-to-month,Fiber optic,Electronic check,79.7,497.6,No,No,No,No,Yes,No,0.26086083428790763,0.7391391657120924,73.9,Very high
6229-UOLQL,White Water,92282,56,One year,DSL,Mailed check,52.0,2884.9,Yes,Yes,No,Yes,Yes,No,0.9851396381069966,0.014860361893003457,1.5,Very low
6231-WFGFH,Benicia,94510,4,Month-to-month,No,Mailed check,20.5,77.6,No,No,No,No,No,No,0.9193908413121592,0.08060915868784078,8.1,Very low
6233-HXJMX,Alpine,91901,45,Month-to-month,Fiber optic,Credit card (automatic),89.3,4192.15,No,No,Yes,No,No,Yes,0.6066063700509954,0.3933936299490046,39.3,Medium
6234-PFPXL,Sacramento,95829,22,Month-to-month,Fiber optic,Credit card (automatic),95.9,2234.95,Yes,No,No,Yes,Yes,No,0.5933497101762931,0.4066502898237069,40.7,Medium
6234-RAAPL,Los Angeles,90038,72,Two year,Fiber optic,Bank transfer (automatic),99.9,7251.7,Yes,Yes,No,Yes,Yes,No,0.9686004868187246,0.03139951318127546,3.1,Very low
6242-FEGFD,Stratford,93266,66,Two year,Fiber optic,Mailed check,96.6,6424.25,Yes,Yes,Yes,Yes,No,No,0.9684436793943701,0.03155632060562982,3.2,Very low
6242-MBHPK,Hathaway Pines,95233,23,Month-to-month,Fiber optic,Electronic check,95.1,2326.05,Yes,No,No,No,Yes,Yes,0.34619996045992985,0.6538000395400702,65.4,Very high
6242-SGYTS,Oakland,94603,62,One year,Fiber optic,Credit card (automatic),94.95,5791.85,Yes,Yes,No,No,Yes,No,0.9705005474569328,0.029499452543067194,2.9,Very low
6243-OZGFH,Vista,92084,23,Month-to-month,DSL,Electronic check,44.95,996.85,No,No,No,No,Yes,Yes,0.4201306500159203,0.5798693499840797,58.0,High
6244-BESBM,Geyserville,95441,69,Two year,Fiber optic,Credit card (automatic),95.2,6671.7,No,No,No,Yes,Yes,Yes,0.9856723416161061,0.014327658383893976,1.4,Very low
6248-BSHKG,Soledad,93960,61,One year,No,Mailed check,20.4,1226.45,No,No,No,No,No,No,0.9956843810559189,0.004315618944081092,0.4,Very low
6248-TKCQV,Upper Lake,95485,70,Two year,DSL,Bank transfer (automatic),80.6,5460.2,Yes,No,No,Yes,Yes,Yes,0.9705935557772963,0.02940644422270369,2.9,Very low
6250-CGGUN,Esparto,95627,54,One year,Fiber optic,Electronic check,84.4,4484.05,Yes,No,Yes,Yes,No,No,0.9369441690136123,0.06305583098638769,6.3,Very low
6252-DFGTK,O Neals,93645,37,One year,DSL,Credit card (automatic),68.1,2479.25,Yes,No,Yes,Yes,No,No,0.9429123720653283,0.05708762793467169,5.7,Very low
6253-GNHWH,Pacific Palisades,90272,71,Two year,DSL,Mailed check,71.1,5224.95,Yes,Yes,Yes,Yes,No,No,0.9977388289636895,0.0022611710363104913,0.2,Very low
6253-WRFHY,Marshall,94940,13,One year,DSL,Electronic check,64.75,877.35,No,No,No,No,Yes,Yes,0.8680844444962186,0.13191555550378137,13.2,Low
6257-DTAYD,Fallbrook,92028,71,Two year,Fiber optic,Credit card (automatic),104.15,7365.3,No,Yes,No,Yes,Yes,Yes,0.9201431771453716,0.07985682285462842,8.0,Very low
6257-RJOHI,San Diego,92110,4,Month-to-month,DSL,Mailed check,50.8,202.3,No,No,No,Yes,No,No,0.6626818190858665,0.33731818091413346,33.7,Medium
6258-NGCNG,Compton,90220,7,Month-to-month,No,Mailed check,23.5,173.0,No,No,No,No,No,No,0.7706771001674138,0.22932289983258622,22.9,Low
6258-PVZWJ,Clio,96106,68,Two year,DSL,Credit card (automatic),90.8,6302.85,Yes,Yes,Yes,Yes,Yes,Yes,0.9732712887474405,0.02672871125255946,2.7,Very low
6259-WJQLC,Pacifica,94044,32,Month-to-month,Fiber optic,Credit card (automatic),81.1,2619.25,No,No,Yes,No,No,No,0.5561369660599469,0.44386303394005305,44.4,Medium
6260-ONULR,Middletown,95461,1,Month-to-month,DSL,Mailed check,62.8,62.8,No,No,No,No,Yes,Yes,0.4212493794177812,0.5787506205822188,57.9,High
6260-XLACS,Casmalia,93429,4,One year,No,Mailed check,19.7,117.8,No,No,No,No,No,No,0.8991055026008944,0.10089449739910562,10.1,Low
6261-LHRTG,Upland,91786,26,Month-to-month,DSL,Credit card (automatic),54.75,1406.9,No,Yes,Yes,No,No,No,0.7978256843739862,0.2021743156260139,20.2,Low
6265-FRMTQ,Scotia,95565,31,Two year,No,Bank transfer (automatic),20.4,609.1,No,No,No,No,No,No,0.9772684415333024,0.022731558466697617,2.3,Very low
6265-SXWBU,Shingletown,96088,69,One year,Fiber optic,Credit card (automatic),95.75,6511.25,No,Yes,Yes,No,Yes,No,0.9766833847697686,0.02331661523023148,2.3,Very low
6266-QHOJZ,Lomita,90717,65,One year,Fiber optic,Electronic check,89.85,5844.65,Yes,Yes,No,Yes,No,No,0.9222759352249514,0.07772406477504862,7.8,Very low
6267-DCFFZ,Madeline,96119,30,Month-to-month,Fiber optic,Electronic check,90.05,2627.2,No,Yes,No,No,Yes,No,0.32355835361016005,0.67644164638984,67.6,Very high
6278-FEPBZ,San Bernardino,92410,9,Month-to-month,No,Mailed check,20.25,186.15,No,No,No,No,No,No,0.8369464004894251,0.1630535995105749,16.3,Low
6281-FKEWS,Berry Creek,95916,44,One year,DSL,Electronic check,49.05,2265.0,No,No,Yes,No,Yes,Yes,0.7572607058351553,0.24273929416484472,24.3,Low
6283-GITPX,Beaumont,92223,71,Two year,DSL,Credit card (automatic),76.9,5522.7,Yes,Yes,Yes,Yes,Yes,No,0.9979874549523902,0.002012545047609886,0.2,Very low
6284-KMNUF,Twentynine Palms,92278,56,One year,Fiber optic,Electronic check,98.0,5270.6,Yes,No,No,No,Yes,Yes,0.7086135114345504,0.2913864885654496,29.1,Medium
6285-FTQBF,Hawthorne,90250,72,Two year,No,Credit card (automatic),25.55,1867.7,No,No,No,No,No,No,0.9979506065091666,0.0020493934908334477,0.2,Very low
6286-SUUWT,Arnold,95223,1,Month-to-month,No,Mailed check,19.95,19.95,No,No,No,No,No,No,0.7944846682045015,0.20551533179549855,20.6,Low
6286-ZHAOK,Firebaugh,93622,20,Month-to-month,No,Bank transfer (automatic),25.55,507.4,No,No,No,No,No,No,0.9395429869089387,0.060457013091061294,6.0,Very low
6288-CHQJB,San Bernardino,92405,54,Two year,DSL,Bank transfer (automatic),69.95,3871.85,Yes,No,Yes,Yes,No,Yes,0.9813928857413429,0.01860711425865709,1.9,Very low
6288-LBEAR,Yountville,94599,23,Month-to-month,Fiber optic,Mailed check,79.1,1783.75,No,Yes,No,Yes,No,No,0.6393132125879082,0.3606867874120918,36.1,Medium
6292-TOSSS,Mt Baldy,91759,50,Two year,No,Bank transfer (automatic),24.9,1195.25,No,No,No,No,No,No,0.9830148883027814,0.016985111697218575,1.7,Very low
6295-OSINB,Samoa,95564,72,Two year,Fiber optic,Electronic check,109.65,7880.25,Yes,Yes,Yes,No,Yes,Yes,0.8914669246175724,0.1085330753824276,10.9,Low
6296-DDOOR,Laguna Beach,92651,19,One year,DSL,Electronic check,58.2,1045.25,No,Yes,No,No,Yes,No,0.8164796633264414,0.18352033667355858,18.4,Low
6297-NOOPG,Inyokern,93527,70,Two year,Fiber optic,Electronic check,110.5,7752.05,No,Yes,Yes,Yes,Yes,Yes,0.8828595113297721,0.11714048867022787,11.7,Low
6300-BWMJX,Valencia,91355,59,Month-to-month,Fiber optic,Electronic check,93.35,5386.5,No,No,Yes,Yes,Yes,No,0.7032908137145033,0.29670918628549675,29.7,Medium
6303-KFWSL,Los Angeles,90071,29,One year,DSL,Electronic check,55.25,1620.2,No,Yes,No,No,No,No,0.8056833062267976,0.1943166937732024,19.4,Low
6308-CQRBU,Zenia,95595,71,Two year,Fiber optic,Electronic check,109.25,7707.7,No,Yes,Yes,Yes,Yes,Yes,0.9174983859319014,0.08250161406809864,8.3,Very low
6319-QSUSR,Oceanside,92056,11,Month-to-month,No,Credit card (automatic),19.7,216.2,No,No,No,No,No,No,0.9699512191626306,0.030048780837369348,3.0,Very low
6322-HRPFA,Los Angeles,90026,49,Month-to-month,DSL,Credit card (automatic),59.6,2970.3,Yes,Yes,No,Yes,No,No,0.9891071062191866,0.010892893780813338,1.1,Very low
6322-PJJDJ,Markleeville,96120,49,Two year,Fiber optic,Electronic check,94.8,4690.65,No,Yes,No,No,Yes,Yes,0.78348096238564,0.21651903761435998,21.7,Low
6332-FBZRI,Sacramento,95864,67,One year,DSL,Credit card (automatic),69.35,4653.25,Yes,Yes,Yes,Yes,No,No,0.9943501282981612,0.005649871701838816,0.6,Very low
6333-YDVLT,Oakland,94607,65,One year,Fiber optic,Credit card (automatic),110.0,7138.65,Yes,No,Yes,Yes,Yes,Yes,0.9037319172927847,0.09626808270721529,9.6,Very low
6339-DKLMK,Corona,92879,13,Month-to-month,DSL,Electronic check,31.65,389.95,No,Yes,No,No,No,No,0.5012743908749909,0.4987256091250091,49.9,High
6339-RZCBJ,Colton,92324,48,Two year,DSL,Credit card (automatic),78.9,3771.5,No,Yes,Yes,Yes,Yes,Yes,0.9716355392153732,0.0283644607846268,2.8,Very low
6339-TBELP,Fillmore,93015,71,Two year,Fiber optic,Credit card (automatic),86.4,6172.0,No,No,Yes,Yes,No,No,0.9606811357885183,0.039318864211481674,3.9,Very low
6339-YPSAH,Tehama,96090,9,Month-to-month,Fiber optic,Electronic check,73.8,704.3,No,No,Yes,No,No,No,0.3523083238499649,0.6476916761500351,64.8,High
6340-DACFT,Madeline,96119,50,Two year,No,Credit card (automatic),20.55,1070.25,No,No,No,No,No,No,0.996994653699117,0.0030053463008829556,0.3,Very low
6341-AEVKX,Ontario,91762,62,One year,Fiber optic,Electronic check,104.3,6613.65,Yes,No,Yes,Yes,Yes,Yes,0.8565766063026964,0.1434233936973036,14.3,Low
6341-JVQGF,Van Nuys,91406,31,One year,DSL,Mailed check,81.15,2545.75,Yes,No,Yes,Yes,Yes,Yes,0.8676686858383087,0.13233131416169128,13.2,Low
6344-SFJVH,Shasta Lake,96019,20,Month-to-month,DSL,Credit card (automatic),24.9,505.95,No,No,No,No,No,No,0.7136763053058469,0.2863236946941531,28.6,Medium
6345-FZOQH,La Canada Flintridge,91011,69,Two year,No,Mailed check,19.9,1363.45,No,No,No,No,No,No,0.990600452945143,0.009399547054857016,0.9,Very low
6345-HOVES,Los Osos,93402,34,Month-to-month,DSL,Bank transfer (automatic),25.05,852.7,No,No,No,No,No,No,0.7233368853721782,0.2766631146278218,27.7,Medium
6348-SNFUS,Granada Hills,91344,72,Two year,DSL,Credit card (automatic),55.45,4179.2,Yes,Yes,Yes,Yes,No,Yes,0.9796725855024638,0.020327414497536177,2.0,Very low
6349-JDHQP,Fowler,93625,53,Two year,No,Credit card (automatic),19.85,1049.6,No,No,No,No,No,No,0.9897366826435279,0.01026331735647212,1.0,Very low
6350-XFYGW,Ferndale,95536,4,Month-to-month,Fiber optic,Electronic check,94.75,422.4,No,No,Yes,No,Yes,Yes,0.20495656904917636,0.7950434309508236,79.5,Very high
6351-SCJKT,Santa Cruz,95062,3,Month-to-month,DSL,Mailed check,41.35,107.25,Yes,No,Yes,Yes,No,No,0.7106262132975063,0.28937378670249375,28.9,Medium
6352-GIGGQ,Vidal,92280,67,One year,DSL,Bank transfer (automatic),88.8,5903.15,Yes,Yes,Yes,Yes,Yes,Yes,0.9617326461597507,0.038267353840249284,3.8,Very low
6353-BRMMA,Angwin,94508,54,Month-to-month,Fiber optic,Bank transfer (automatic),104.1,5645.8,Yes,Yes,No,No,Yes,Yes,0.8988921821195789,0.10110781788042116,10.1,Low
6357-JJPQT,San Gabriel,91776,3,Month-to-month,Fiber optic,Electronic check,80.5,232.35,No,No,No,No,Yes,No,0.24860821033052982,0.7513917896694702,75.1,Very high
6360-SVNWV,Big Creek,93605,31,Month-to-month,Fiber optic,Credit card (automatic),73.55,2094.65,Yes,No,No,No,No,No,0.7104241103886019,0.28957588961139813,29.0,Medium
6362-QHAFM,Sacramento,95825,42,One year,Fiber optic,Electronic check,108.3,4586.15,No,No,Yes,Yes,Yes,Yes,0.5961558486070346,0.4038441513929654,40.4,Medium
6365-HITVU,Santa Fe Springs,90670,71,Two year,DSL,Credit card (automatic),87.25,6328.7,Yes,Yes,Yes,Yes,Yes,Yes,0.9975930104730715,0.002406989526928487,0.2,Very low
6366-XIVKZ,San Jose,95122,13,Month-to-month,DSL,Mailed check,63.15,816.8,Yes,No,Yes,No,No,Yes,0.8923657874089357,0.10763421259106433,10.8,Low
6368-NWMCE,Merced,95340,38,Month-to-month,DSL,Credit card (automatic),68.15,2656.3,No,Yes,No,Yes,No,Yes,0.8629534582666947,0.13704654173330533,13.7,Low
6368-TZZDT,Vacaville,95687,4,Two year,No,Credit card (automatic),19.5,96.85,No,No,No,No,No,No,0.9858325659168037,0.014167434083196274,1.4,Very low
6369-MCAKO,Monterey Park,91755,68,Two year,DSL,Bank transfer (automatic),89.05,6185.8,Yes,Yes,Yes,Yes,Yes,Yes,0.9943777372678905,0.005622262732109555,0.6,Very low
6370-ZVHDV,Buellton,93427,61,Two year,No,Bank transfer (automatic),25.3,1554.9,No,No,No,No,No,No,0.9846271761403873,0.015372823859612738,1.5,Very low
6371-NZYEG,Long Beach,90814,16,Two year,DSL,Mailed check,64.25,1024.0,Yes,No,Yes,No,Yes,No,0.9015310373294871,0.09846896267051289,9.8,Very low
6374-AFWOX,Long Beach,90815,46,Two year,DSL,Mailed check,65.65,3047.15,Yes,Yes,Yes,Yes,No,No,0.9812317010071139,0.018768298992886075,1.9,Very low
6374-NTQLP,Trinity Center,96091,72,Two year,Fiber optic,Credit card (automatic),104.1,7447.7,Yes,No,Yes,Yes,Yes,Yes,0.9909686427074096,0.009031357292590404,0.9,Very low
6377-KSLXC,Fair Oaks,95628,5,Month-to-month,No,Mailed check,19.95,107.05,No,No,No,No,No,No,0.8155871619876482,0.1844128380123517,18.4,Low
6377-WHAOX,Gualala,95445,60,Month-to-month,Fiber optic,Electronic check,106.15,6411.25,No,Yes,Yes,No,Yes,Yes,0.5117173257074765,0.4882826742925234,48.8,High
6380-ARCEH,Inglewood,90304,1,Month-to-month,No,Mailed check,20.2,20.2,No,No,No,No,No,No,0.7944846682045015,0.20551533179549855,20.6,Low
6383-ZTSIW,Gustine,95322,39,One year,Fiber optic,Mailed check,99.1,3877.95,Yes,Yes,No,No,Yes,Yes,0.7976774380399766,0.20232256196002338,20.2,Low
6384-VMJHP,Bethel Island,94511,72,Two year,DSL,Credit card (automatic),73.0,5265.2,Yes,Yes,Yes,Yes,No,Yes,0.9906148847236711,0.009385115276328859,0.9,Very low
6388-TABGU,Los Angeles,90011,62,One year,DSL,Bank transfer (automatic),56.15,3487.95,Yes,Yes,No,No,No,No,0.9812006851609654,0.018799314839034582,1.9,Very low
6394-HHHZM,Little River,95456,3,Month-to-month,No,Mailed check,20.7,57.5,No,No,No,No,No,No,0.8052525257596097,0.19474747424039024,19.5,Low
6402-EJMWF,San Jacinto,92583,4,Month-to-month,DSL,Mailed check,55.3,238.5,No,No,No,No,No,Yes,0.518410324311205,0.48158967568879496,48.2,High
6402-SSEJG,Ben Lomond,95005,25,One year,DSL,Electronic check,61.05,1540.2,Yes,Yes,Yes,No,Yes,Yes,0.790807335583815,0.20919266441618495,20.9,Low
6407-GSJNL,Fontana,92337,51,Two year,No,Bank transfer (automatic),24.95,1288.0,No,No,No,No,No,No,0.983798512170142,0.016201487829857995,1.6,Very low
6407-UTSLV,Compton,90222,2,Month-to-month,Fiber optic,Bank transfer (automatic),83.8,163.7,No,Yes,No,No,Yes,No,0.3355255331142065,0.6644744668857935,66.4,Very high
6408-OTUBZ,Glendale,91208,66,One year,Fiber optic,Bank transfer (automatic),104.55,6779.05,Yes,Yes,Yes,Yes,Yes,No,0.931333839413311,0.06866616058668898,6.9,Very low
6408-WHTEF,Valyermo,93563,72,Two year,DSL,Mailed check,89.4,6376.55,Yes,Yes,Yes,Yes,Yes,Yes,0.9944969825729687,0.005503017427031247,0.6,Very low
6416-JNVRK,Gardena,90248,46,One year,DSL,Credit card (automatic),55.65,2688.85,No,No,No,No,No,Yes,0.9394921136115045,0.06050788638849543,6.1,Very low
6416-YJTTB,Downieville,95936,11,Month-to-month,Fiber optic,Bank transfer (automatic),79.5,795.65,Yes,No,Yes,No,No,No,0.5493730957920133,0.45062690420798673,45.1,High
6418-HNFED,Huntington Beach,92648,51,Two year,DSL,Credit card (automatic),83.25,4089.45,Yes,Yes,Yes,Yes,Yes,Yes,0.9665901496549596,0.03340985034504044,3.3,Very low
6418-PIQSP,Perris,92570,62,Two year,DSL,Mailed check,81.0,4985.9,Yes,No,Yes,Yes,Yes,Yes,0.9790723354622041,0.020927664537795935,2.1,Very low
6419-ZTTLE,Yountville,94599,23,One year,No,Electronic check,20.75,485.2,No,No,No,No,No,No,0.8691544437521065,0.13084555624789349,13.1,Low
6421-SZVEM,Carson,90745,28,One year,Fiber optic,Bank transfer (automatic),82.85,2320.8,Yes,No,No,No,No,Yes,0.9288818590930613,0.07111814090693869,7.1,Very low
6425-JWTDV,Boron,93516,48,Two year,No,Mailed check,19.25,855.1,No,No,No,No,No,No,0.9811316104859342,0.018868389514065796,1.9,Very low
6427-FEFIG,South San Francisco,94080,24,Two year,DSL,Credit card (automatic),78.6,1846.65,Yes,No,Yes,No,Yes,Yes,0.9749457860729108,0.025054213927089182,2.5,Very low
6429-SHBCB,Maxwell,95955,19,Month-to-month,DSL,Mailed check,69.6,1394.55,No,No,No,No,Yes,Yes,0.5747834848372824,0.42521651516271763,42.5,Medium
6434-TTGJP,Geyserville,95441,10,Two year,DSL,Credit card (automatic),53.7,521.0,Yes,Yes,Yes,Yes,No,Yes,0.9773449275843478,0.022655072415652237,2.3,Very low
6435-SRWBJ,Los Angeles,90068,5,Month-to-month,Fiber optic,Electronic check,82.75,417.75,No,No,Yes,Yes,No,No,0.3239963946384157,0.6760036053615843,67.6,Very high
6435-VWCCY,Oro Grande,92368,65,Two year,Fiber optic,Credit card (automatic),92.7,5968.4,Yes,Yes,No,No,Yes,No,0.9255131018463644,0.07448689815363567,7.4,Very low
6437-UDQJM,Los Angeles,90023,72,Two year,DSL,Credit card (automatic),84.1,6129.65,Yes,Yes,Yes,No,Yes,Yes,0.9672772813649775,0.03272271863502249,3.3,Very low
6439-LAJXL,Echo Lake,95721,9,Month-to-month,DSL,Mailed check,68.95,593.85,Yes,Yes,No,Yes,Yes,No,0.6782719125999503,0.32172808740004966,32.2,Medium
6439-PKTRR,San Diego,92121,70,Two year,DSL,Electronic check,80.7,5617.95,Yes,Yes,Yes,Yes,Yes,No,0.9959014848226633,0.0040985151773366806,0.4,Very low
6440-DKQGE,Carson,90746,30,One year,DSL,Credit card (automatic),64.5,1929.95,No,Yes,Yes,No,Yes,No,0.9082255449266192,0.09177445507338075,9.2,Very low
6445-TNRXS,Richmond,94805,68,Two year,Fiber optic,Bank transfer (automatic),114.7,7849.85,Yes,Yes,Yes,Yes,Yes,Yes,0.9865780248764523,0.013421975123547671,1.3,Very low
6447-EGDIV,Santa Monica,90401,31,One year,No,Mailed check,20.95,683.25,No,No,No,No,No,No,0.9573027430786005,0.04269725692139949,4.3,Very low
6447-GORXK,San Diego,92128,31,Month-to-month,DSL,Credit card (automatic),25.0,789.2,No,No,No,No,No,No,0.9472705741656051,0.0527294258343949,5.3,Very low
6458-CYIDZ,Albion,95410,5,Month-to-month,Fiber optic,Electronic check,80.7,374.8,Yes,Yes,No,No,No,No,0.5152168731397051,0.48478312686029484,48.5,High
6461-PPAXN,Napa,94559,35,One year,DSL,Bank transfer (automatic),54.95,1916.0,Yes,No,No,Yes,No,No,0.9340659345073193,0.06593406549268069,6.6,Very low
6461-SZMCV,Corte Madera,94925,71,Two year,DSL,Bank transfer (automatic),87.95,6365.35,Yes,Yes,Yes,Yes,Yes,Yes,0.982228752783939,0.01777124721606102,1.8,Very low
6463-HHXJR,Lemon Cove,93244,71,Two year,Fiber optic,Bank transfer (automatic),100.5,7030.65,Yes,Yes,Yes,No,Yes,No,0.9909750108453378,0.009024989154662258,0.9,Very low
6463-MVYRY,Palo Alto,94301,57,Two year,DSL,Bank transfer (automatic),69.85,4003.0,Yes,No,Yes,Yes,Yes,No,0.9866543884183817,0.01334561158161824,1.3,Very low
6464-KEXXH,Fillmore,93015,8,Month-to-month,DSL,Credit card (automatic),25.25,186.3,No,No,No,No,No,No,0.53490287707465,0.46509712292534994,46.5,High
6465-GSRCL,Plymouth,95669,67,One year,Fiber optic,Bank transfer (automatic),106.6,7244.7,No,Yes,No,Yes,Yes,Yes,0.9735692782974481,0.026430721702551885,2.6,Very low
6469-MRVET,Van Nuys,91401,1,One year,No,Electronic check,20.2,20.2,No,No,No,No,No,No,0.7641214957846532,0.23587850421534678,23.6,Low
6469-QJKZW,Arroyo Grande,93420,4,Month-to-month,No,Electronic check,20.15,91.4,No,No,No,No,No,No,0.7133863740480064,0.2866136259519935,28.7,Medium
6473-ULUHT,San Diego,92126,16,Month-to-month,DSL,Electronic check,84.9,1398.25,Yes,Yes,No,Yes,Yes,Yes,0.8885141278148205,0.11148587218517943,11.1,Low
6475-VHUIZ,Myers Flat,95554,23,Month-to-month,DSL,Electronic check,54.25,1221.55,No,No,Yes,Yes,No,No,0.7591290041707874,0.2408709958292125,24.1,Low
6476-EPYZR,Wishon,93669,12,Month-to-month,No,Mailed check,20.5,255.5,No,No,No,No,No,No,0.9551530906516128,0.04484690934838717,4.5,Very low
6476-YHMGA,Benton,93512,15,Month-to-month,DSL,Bank transfer (automatic),76.5,1155.6,No,Yes,Yes,Yes,Yes,Yes,0.9183477462910933,0.0816522537089067,8.2,Very low
6478-HRRCZ,Stirling City,95978,32,One year,DSL,Mailed check,70.5,2201.75,Yes,Yes,No,Yes,No,Yes,0.932985224628514,0.06701477537148609,6.7,Very low
6479-OAUSD,Mokelumne Hill,95245,25,One year,No,Credit card (automatic),19.9,510.8,No,No,No,No,No,No,0.954599080732236,0.04540091926776398,4.5,Very low
6479-SZPLM,Anaheim,92805,36,Two year,No,Credit card (automatic),19.45,754.5,No,No,No,No,No,No,0.9951262556810291,0.004873744318970956,0.5,Very low
6479-VDGRK,Cardiff By The Sea,92007,72,Two year,DSL,Bank transfer (automatic),85.3,6129.2,Yes,Yes,Yes,Yes,Yes,Yes,0.9975451080979838,0.0024548919020161864,0.2,Very low
6480-YAGIY,San Francisco,94117,45,One year,Fiber optic,Credit card (automatic),112.2,5031.85,Yes,Yes,Yes,Yes,Yes,Yes,0.9145962748568478,0.08540372514315216,8.5,Very low
6481-ESCNL,Clayton,94517,29,Month-to-month,Fiber optic,Bank transfer (automatic),100.55,2878.75,No,No,Yes,No,Yes,Yes,0.47662737756060825,0.5233726224393918,52.3,High
6481-LXPWL,Palo Alto,94306,56,One year,DSL,Credit card (automatic),36.1,1971.5,No,Yes,Yes,No,No,No,0.9811402999816181,0.018859700018381876,1.9,Very low
6483-OATDN,Monrovia,91016,8,Month-to-month,DSL,Credit card (automatic),51.3,411.6,Yes,No,No,No,No,No,0.9114421047176025,0.08855789528239753,8.9,Very low
6484-LATFU,Linden,95236,68,Two year,No,Mailed check,24.55,1657.4,No,No,No,No,No,No,0.9896993083110763,0.010300691688923686,1.0,Very low
6485-QXWWE,Old Station,96071,62,Two year,No,Bank transfer (automatic),26.0,1638.7,No,No,No,No,No,No,0.9977527852327917,0.002247214767208367,0.2,Very low
6486-LHTMA,California City,93505,31,One year,Fiber optic,Electronic check,90.7,2835.5,No,No,Yes,No,Yes,No,0.48562472935472567,0.5143752706452743,51.4,High
6490-FGZAT,Strathmore,93267,6,Month-to-month,No,Mailed check,20.65,109.3,No,No,No,No,No,No,0.8205930981601888,0.17940690183981126,17.9,Low
6496-JDSSB,Oak Park,91377,8,Month-to-month,Fiber optic,Bank transfer (automatic),80.0,624.6,No,No,No,No,Yes,No,0.3619989334549537,0.6380010665450463,63.8,High
6497-TILVL,La Mirada,90638,7,Month-to-month,DSL,Mailed check,50.7,350.35,Yes,No,No,No,No,No,0.9252228097340407,0.07477719026595926,7.5,Very low
6500-JVEGC,Lakewood,90715,68,One year,Fiber optic,Bank transfer (automatic),101.35,7110.75,Yes,Yes,Yes,No,Yes,No,0.9358462859731547,0.06415371402684532,6.4,Very low
6502-KUGLL,El Monte,91732,14,Month-to-month,DSL,Bank transfer (automatic),59.45,780.85,Yes,Yes,No,Yes,No,No,0.9641638658827918,0.03583613411720818,3.6,Very low
6504-VBLFL,Madeline,96119,55,Two year,DSL,Electronic check,58.6,3068.6,Yes,Yes,Yes,No,No,No,0.9747011385431475,0.02529886145685245,2.5,Very low
6505-OZNPG,Annapolis,95412,6,Two year,DSL,Mailed check,63.4,348.8,Yes,Yes,Yes,Yes,Yes,Yes,0.8190721217026483,0.1809278782973517,18.1,Low
6506-EYCNH,Montclair,91763,28,Month-to-month,No,Bank transfer (automatic),19.55,543.8,No,No,No,No,No,No,0.9662502460597796,0.033749753940220416,3.4,Very low
6507-DTJZV,Cardiff By The Sea,92007,13,Month-to-month,DSL,Credit card (automatic),66.4,831.75,No,No,No,No,Yes,Yes,0.9014013500480291,0.09859864995197093,9.9,Very low
6507-ZJSUR,Albion,95410,23,Month-to-month,Fiber optic,Electronic check,90.45,2117.25,No,No,No,No,Yes,Yes,0.26526297584934955,0.7347370241506505,73.5,Very high
6508-NJYRO,Carlsbad,92009,15,One year,No,Mailed check,18.8,294.95,No,No,No,No,No,No,0.906726797524062,0.09327320247593797,9.3,Very low
6509-TSGWN,Whitethorn,95589,37,Month-to-month,No,Mailed check,26.45,911.6,No,No,No,No,No,No,0.972671750307636,0.027328249692364033,2.7,Very low
6510-UPNKS,Emigrant Gap,95715,23,One year,No,Credit card (automatic),24.8,615.35,No,No,No,No,No,No,0.9340725484521857,0.06592745154781435,6.6,Very low
6516-NKQBO,Corona,92882,38,Two year,DSL,Credit card (automatic),81.0,3084.9,Yes,No,Yes,Yes,Yes,Yes,0.9599131793759036,0.040086820624096436,4.0,Very low
6518-KZXCB,Cassel,96016,22,Two year,No,Mailed check,25.25,566.5,No,No,No,No,No,No,0.953370466261783,0.046629533738216974,4.7,Very low
6518-PPLMZ,Clio,96106,53,Two year,No,Mailed check,19.4,1110.35,No,No,No,No,No,No,0.9954291546314552,0.004570845368544771,0.5,Very low
6519-CFDBX,Torrance,90505,2,Month-to-month,DSL,Electronic check,45.4,80.95,No,No,No,No,No,No,0.5035890431257137,0.4964109568742862,49.6,High
6519-ZHPXP,Sacramento,95824,72,Two year,Fiber optic,Bank transfer (automatic),108.3,7679.65,Yes,Yes,Yes,Yes,Yes,Yes,0.9917411018364111,0.008258898163588916,0.8,Very low
6522-OIQSX,Alta,95701,69,Two year,DSL,Credit card (automatic),54.95,3772.5,No,Yes,Yes,No,Yes,Yes,0.9880344156232902,0.011965584376709772,1.2,Very low
6522-YRBXD,Anaheim,92802,35,Month-to-month,Fiber optic,Electronic check,94.55,3365.4,Yes,Yes,No,No,No,Yes,0.4524551583346633,0.5475448416653367,54.8,High
6527-PZFPV,Los Angeles,90023,24,One year,No,Credit card (automatic),20.8,469.65,No,No,No,No,No,No,0.9818919870901978,0.018108012909802216,1.8,Very low
6537-OTKMY,Covelo,95428,15,One year,DSL,Electronic check,50.75,688.2,No,No,Yes,No,Yes,Yes,0.6232067455763299,0.37679325442367,37.7,Medium
6537-QLGEX,Mammoth Lakes,93546,16,Month-to-month,DSL,Electronic check,38.9,664.4,Yes,No,No,No,Yes,No,0.5192437485451165,0.48075625145488354,48.1,High
6538-POCHL,Mountain Center,92561,33,Month-to-month,Fiber optic,Credit card (automatic),79.0,2576.8,No,Yes,Yes,No,No,No,0.6748498368585143,0.3251501631414857,32.5,Medium
6542-LWGXJ,Pixley,93256,3,Month-to-month,DSL,Mailed check,25.0,78.25,No,No,No,No,No,No,0.4730230639056521,0.5269769360943479,52.7,High
6543-JXSOO,Clipper Mills,95930,23,One year,DSL,Mailed check,57.75,1282.85,Yes,Yes,No,Yes,No,No,0.9051516104392535,0.09484838956074647,9.5,Very low
6546-OPBBH,Santa Ana,92704,51,One year,No,Mailed check,23.95,1216.35,No,No,No,No,No,No,0.9879613395950904,0.012038660404909673,1.2,Very low
6549-BTYPG,Sebastopol,95472,60,Two year,DSL,Credit card (automatic),60.8,3603.45,No,Yes,Yes,Yes,Yes,Yes,0.9601645923512672,0.03983540764873278,4.0,Very low
6549-NNDYT,Fresno,93720,13,Month-to-month,DSL,Bank transfer (automatic),30.85,394.1,Yes,No,No,No,No,No,0.6542218758620004,0.3457781241379995,34.6,Medium
6549-YMFAW,Los Olivos,93441,9,Month-to-month,No,Mailed check,21.25,204.55,No,No,No,No,No,No,0.7232937301117461,0.2767062698882539,27.7,Medium
6551-GNYDG,Long Beach,90808,14,Month-to-month,Fiber optic,Bank transfer (automatic),80.9,1152.8,No,No,No,No,No,Yes,0.7302393420797462,0.26976065792025383,27.0,Medium
6551-VLJMV,Hemet,92543,34,Two year,No,Credit card (automatic),20.05,679.0,No,No,No,No,No,No,0.9742257571570244,0.025774242842975626,2.6,Very low
6551-ZCOTS,Torrance,90503,33,One year,No,Bank transfer (automatic),24.9,847.8,No,No,No,No,No,No,0.927049869968735,0.072950130031265,7.3,Very low
6556-DBKZF,Chula Vista,91915,71,Two year,Fiber optic,Electronic check,76.05,5436.45,No,No,Yes,No,No,No,0.988837657993061,0.011162342006939026,1.1,Very low
6557-BZXLQ,Cabazon,92230,16,Month-to-month,Fiber optic,Electronic check,69.65,1043.3,No,No,No,No,No,No,0.4851794544245376,0.5148205455754624,51.5,High
6559-PDZLR,Desert Center,92239,26,Month-to-month,Fiber optic,Electronic check,98.65,2537.0,No,No,Yes,Yes,Yes,Yes,0.4358383848237086,0.5641616151762914,56.4,High
6559-RAKOZ,Orange Cove,93646,49,One year,Fiber optic,Electronic check,97.95,4917.9,No,No,No,Yes,Yes,Yes,0.9024825843291377,0.09751741567086229,9.8,Very low
6563-VNPMN,Sylmar,91342,45,Month-to-month,Fiber optic,Bank transfer (automatic),85.7,3778.1,Yes,Yes,No,Yes,No,No,0.8529215835596463,0.1470784164403537,14.7,Low
6563-VRERX,San Diego,92121,33,One year,No,Mailed check,20.6,690.25,No,No,No,No,No,No,0.9468398432650389,0.0531601567349611,5.3,Very low
6568-POCUI,Strawberry Valley,95981,45,Two year,Fiber optic,Credit card (automatic),95.2,4285.8,No,No,No,Yes,Yes,Yes,0.8604116328531647,0.13958836714683534,14.0,Low
6569-KTMDU,Sacramento,95826,1,Month-to-month,No,Mailed check,19.1,19.1,No,No,No,No,No,No,0.7968245159733536,0.20317548402664645,20.3,Low
6572-ADKRS,Los Angeles,90040,46,Month-to-month,Fiber optic,Credit card (automatic),74.8,3548.3,No,No,Yes,No,No,No,0.7454884997732156,0.25451150022678437,25.5,Medium
6574-MCOEH,Escondido,92026,33,One year,DSL,Electronic check,79.15,2531.4,No,No,Yes,Yes,Yes,Yes,0.929838504412217,0.070161495587783,7.0,Very low
6575-SUVOI,Los Angeles,90062,25,Month-to-month,DSL,Credit card (automatic),69.5,1752.65,Yes,No,No,Yes,Yes,No,0.726989970261384,0.27301002973861604,27.3,Medium
6576-FBXOJ,Yuba City,95991,17,One year,DSL,Electronic check,54.6,934.8,No,No,Yes,Yes,Yes,Yes,0.6508755272121662,0.3491244727878337,34.9,Medium
6578-KRMAW,Planada,95365,32,Month-to-month,Fiber optic,Credit card (automatic),93.4,2979.3,Yes,Yes,Yes,No,No,Yes,0.6897745350743207,0.3102254649256792,31.0,Medium
6579-JPICP,Riverside,92505,1,Month-to-month,No,Mailed check,20.4,20.4,No,No,No,No,No,No,0.7944846682045015,0.20551533179549855,20.6,Low
6582-OIVSP,Glendale,91203,1,Month-to-month,DSL,Mailed check,45.3,45.3,No,No,No,No,No,No,0.6476353254769411,0.35236467452305886,35.2,Medium
6582-PLFUU,Cedarville,96104,51,Two year,No,Credit card (automatic),19.55,1086.75,No,No,No,No,No,No,0.9970517791576093,0.00294822084239063,0.3,Very low
6583-KQJLK,Twin Bridges,95735,15,Month-to-month,Fiber optic,Electronic check,94.65,1285.05,No,Yes,No,No,Yes,Yes,0.23752426107183566,0.7624757389281643,76.2,Very high
6583-SZVGP,Indio,92203,48,Two year,Fiber optic,Bank transfer (automatic),108.1,5067.45,No,Yes,Yes,No,Yes,Yes,0.829777803550787,0.17022219644921302,17.0,Low
6584-VQMYT,San Jose,95138,27,One year,DSL,Mailed check,56.2,1567.55,Yes,Yes,No,No,No,No,0.986592230365613,0.013407769634386953,1.3,Very low
6585-WCEWR,Fresno,93728,72,Two year,No,Electronic check,20.35,1354.4,No,No,No,No,No,No,0.9977743675874073,0.0022256324125927017,0.2,Very low
6586-MYGKD,Newport Beach,92662,70,Two year,DSL,Credit card (automatic),76.95,5289.8,Yes,No,No,Yes,Yes,Yes,0.9716865443432959,0.02831345565670404,2.8,Very low
6586-PSJOX,Earlimart,93219,15,One year,DSL,Credit card (automatic),55.2,864.55,No,No,Yes,Yes,No,No,0.9806532397624312,0.019346760237568757,1.9,Very low
6591-QGOYB,Surfside,90743,17,Month-to-month,Fiber optic,Bank transfer (automatic),106.65,1672.1,Yes,Yes,Yes,Yes,Yes,No,0.5524061478925064,0.44759385210749364,44.8,Medium
6598-KELSS,San Diego,92108,50,One year,DSL,Bank transfer (automatic),43.05,2208.05,Yes,Yes,No,No,Yes,No,0.9826801230143258,0.017319876985674165,1.7,Very low
6599-GZWCM,San Jose,95129,13,One year,Fiber optic,Mailed check,74.65,966.25,No,Yes,No,No,No,No,0.6535636561970986,0.3464363438029015,34.6,Medium
6599-SFQVE,Santa Clara,95051,6,Month-to-month,DSL,Electronic check,55.0,340.4,No,No,No,No,No,Yes,0.47073401990573627,0.5292659800942637,52.9,High
6603-QWSPR,Galt,95632,46,Two year,Fiber optic,Bank transfer (automatic),104.4,4904.2,No,Yes,Yes,Yes,Yes,Yes,0.9010118926721999,0.09898810732780006,9.9,Very low
6603-YRDCJ,San Francisco,94124,33,Two year,DSL,Mailed check,61.05,2018.4,Yes,Yes,No,Yes,No,No,0.9586966580329135,0.041303341967086495,4.1,Very low
6609-MXJHJ,Long Beach,90808,30,Two year,No,Mailed check,25.1,789.55,No,No,No,No,No,No,0.9863770755270519,0.013622924472948127,1.4,Very low
6614-FHDBO,Rancho Cucamonga,91701,72,Two year,Fiber optic,Bank transfer (automatic),109.2,7878.3,No,Yes,Yes,Yes,Yes,Yes,0.956156101405062,0.043843898594938015,4.4,Very low
6614-VBEGU,Loma Linda,92354,24,Month-to-month,DSL,Bank transfer (automatic),69.45,1614.05,No,Yes,No,No,Yes,Yes,0.5970594617236317,0.40294053827636833,40.3,Medium
6614-YOLAC,Oakland,94602,71,Two year,DSL,Mailed check,58.65,4145.25,Yes,Yes,No,Yes,Yes,Yes,0.9770159680877369,0.0229840319122631,2.3,Very low
6614-YWYSC,Sultana,93666,61,Two year,No,Bank transfer (automatic),25.0,1501.75,No,No,No,No,No,No,0.9840668644387635,0.015933135561236572,1.6,Very low
6616-AALSR,Citrus Heights,95610,65,Two year,Fiber optic,Credit card (automatic),104.3,6725.3,Yes,No,Yes,No,Yes,Yes,0.9785745784786758,0.02142542152132422,2.1,Very low
6617-WLBQC,Beverly Hills,90212,23,One year,Fiber optic,Credit card (automatic),81.85,1810.85,Yes,No,No,No,No,No,0.939030631678121,0.06096936832187899,6.1,Very low
6619-RPLQZ,June Lake,93529,45,Two year,No,Mailed check,20.85,892.15,No,No,No,No,No,No,0.9958651128551615,0.004134887144838407,0.4,Very low
6620-HVDUJ,Fresno,93701,24,Month-to-month,DSL,Bank transfer (automatic),60.45,1440.75,Yes,Yes,No,Yes,No,No,0.9070301505750726,0.0929698494249274,9.3,Very low
6620-JDYNW,Leggett,95585,18,Month-to-month,DSL,Mailed check,60.6,1156.35,Yes,No,Yes,No,No,No,0.704988562608317,0.295011437391683,29.5,Medium
6621-NRZAK,Mount Hamilton,95140,63,Two year,No,Credit card (automatic),20.0,1209.25,No,No,No,No,No,No,0.9980571743722529,0.0019428256277470482,0.2,Very low
6621-YOBKI,San Ardo,93450,5,Month-to-month,No,Mailed check,20.35,92.75,No,No,No,No,No,No,0.8155871619876482,0.1844128380123517,18.4,Low
6624-JDRDS,Dos Palos,93620,6,Month-to-month,DSL,Bank transfer (automatic),29.45,161.45,Yes,No,No,No,No,No,0.6808266734723796,0.3191733265276204,31.9,Medium
6625-FLENO,Los Angeles,90002,58,Two year,No,Mailed check,20.75,1185.95,No,No,No,No,No,No,0.986448506963735,0.013551493036264994,1.4,Very low
6625-IUTTT,Fremont,94536,67,Two year,DSL,Bank transfer (automatic),65.55,4361.55,Yes,No,Yes,No,No,Yes,0.9870793418020503,0.012920658197949686,1.3,Very low
6625-UTXEW,Fort Bragg,95437,12,Month-to-month,DSL,Electronic check,51.25,612.1,No,Yes,No,No,No,No,0.5436177207429622,0.4563822792570378,45.6,High
6627-CFOSN,Madera,93637,59,Month-to-month,Fiber optic,Bank transfer (automatic),99.45,5623.7,Yes,Yes,Yes,No,No,Yes,0.7902544478210347,0.2097455521789653,21.0,Low
6629-LADHQ,Santa Barbara,93109,2,Month-to-month,DSL,Mailed check,50.95,123.05,Yes,No,No,No,No,No,0.7331992288855781,0.2668007711144219,26.7,Medium
6630-UJZMY,Palo Alto,94306,4,Month-to-month,Fiber optic,Electronic check,83.25,308.05,No,No,No,No,Yes,No,0.15195992205942133,0.8480400779405787,84.8,Very high
6631-HMANX,Kelseyville,95451,72,Two year,DSL,Credit card (automatic),85.45,6227.5,No,Yes,Yes,Yes,Yes,Yes,0.9664589351642758,0.03354106483572411,3.4,Very low
6633-SYEUS,San Diego,92127,23,Month-to-month,Fiber optic,Bank transfer (automatic),83.2,2032.3,No,Yes,Yes,Yes,No,No,0.7399459219500599,0.26005407804994013,26.0,Medium
6635-CPNUN,Moreno Valley,92553,28,Month-to-month,Fiber optic,Credit card (automatic),96.6,2684.35,No,Yes,Yes,No,Yes,No,0.5005199484650544,0.49948005153494557,49.9,High
6637-KYRCV,La Puente,91744,5,Month-to-month,DSL,Electronic check,30.5,167.2,No,Yes,No,No,No,No,0.7450510606437907,0.2549489393562093,25.5,Medium
6645-MXQJT,Copperopolis,95228,2,Month-to-month,Fiber optic,Electronic check,97.1,184.15,Yes,No,No,No,Yes,Yes,0.6548058558074552,0.34519414419254485,34.5,Medium
6646-JPPHA,Fullerton,92832,14,Month-to-month,Fiber optic,Electronic check,78.85,1043.8,Yes,Yes,No,No,No,No,0.5899218967888011,0.4100781032111989,41.0,Medium
6647-ZEDXT,Santa Maria,93455,30,One year,Fiber optic,Credit card (automatic),110.45,3327.05,No,Yes,Yes,Yes,Yes,Yes,0.7632180377590113,0.23678196224098869,23.7,Low
6648-INWPS,San Bernardino,92410,16,Month-to-month,No,Electronic check,20.15,341.35,No,No,No,No,No,No,0.9488569899414233,0.05114301005857673,5.1,Very low
6650-BWFRT,Cambria,93428,72,Two year,Fiber optic,Credit card (automatic),117.15,8529.5,Yes,Yes,Yes,Yes,Yes,Yes,0.9468605260942586,0.05313947390574136,5.3,Very low
6650-VJONK,Carson,90746,1,Month-to-month,DSL,Bank transfer (automatic),43.85,43.85,No,No,No,No,No,No,0.5835777419549446,0.4164222580450554,41.6,Medium
6651-RLGGM,Galt,95632,67,Two year,No,Mailed check,26.3,1688.9,No,No,No,No,No,No,0.9971793381366382,0.002820661863361834,0.3,Very low
6652-YFFJO,Tuolumne,95379,11,Month-to-month,DSL,Electronic check,64.9,716.1,No,No,No,No,Yes,Yes,0.44043359597733467,0.5595664040226653,56.0,High
6654-QGBZZ,Nevada City,95959,1,Month-to-month,No,Mailed check,19.9,19.9,No,No,No,No,No,No,0.7968245159733536,0.20317548402664645,20.3,Low
6655-LHBYW,Glendora,91741,50,One year,Fiber optic,Credit card (automatic),114.35,5791.1,Yes,Yes,Yes,Yes,Yes,Yes,0.9000174800118657,0.09998251998813429,10.0,Very low
6656-GULJQ,Emigrant Gap,95715,72,Two year,DSL,Credit card (automatic),83.55,6093.3,Yes,No,Yes,Yes,Yes,Yes,0.9947367431751899,0.005263256824810151,0.5,Very low
6656-JWRQX,San Diego,92124,1,Month-to-month,DSL,Mailed check,30.55,30.55,No,No,No,Yes,No,No,0.6124524357789087,0.38754756422109127,38.8,Medium
6661-EIPZC,Grand Terrace,92313,48,Month-to-month,DSL,Credit card (automatic),29.5,1423.05,No,No,No,Yes,No,No,0.9597554191624863,0.04024458083751366,4.0,Very low
6663-JOCQO,Wasco,93280,31,One year,DSL,Bank transfer (automatic),75.25,2344.5,Yes,Yes,No,Yes,No,Yes,0.8809201479297631,0.11907985207023682,11.9,Low
6668-CNMFP,West Hills,91307,19,One year,Fiber optic,Bank transfer (automatic),89.35,1686.85,No,No,No,Yes,No,Yes,0.8689694343318765,0.13103056566812352,13.1,Low
6670-MFRPK,Coalinga,93210,69,Two year,Fiber optic,Credit card (automatic),79.2,5420.65,No,No,Yes,No,No,No,0.9841652419783997,0.015834758021600257,1.6,Very low
6671-NGWON,Dillon Beach,94929,7,Month-to-month,No,Mailed check,20.35,150.6,No,No,No,No,No,No,0.8275556661567953,0.17244433384320462,17.2,Low
6674-KVJHG,Lake Arrowhead,92352,11,One year,No,Electronic check,25.2,245.15,No,No,No,No,No,No,0.8608991673925035,0.13910083260749648,13.9,Low
6681-ZSEXG,Rancho Cordova,95742,56,Two year,DSL,Credit card (automatic),59.5,3389.25,No,Yes,Yes,No,No,No,0.9676754690851096,0.03232453091489042,3.2,Very low
6682-VCIXC,Mad River,95552,43,One year,DSL,Bank transfer (automatic),51.25,2151.6,Yes,Yes,No,Yes,Yes,No,0.9046774162726804,0.09532258372731958,9.5,Very low
6685-GBWJZ,Los Angeles,90015,63,One year,DSL,Credit card (automatic),70.8,4448.8,Yes,Yes,No,Yes,Yes,No,0.9782045212965371,0.021795478703462875,2.2,Very low
6685-XSHHU,Keyes,95328,60,Two year,No,Bank transfer (automatic),20.95,1270.55,No,No,No,No,No,No,0.9967230578697714,0.0032769421302285455,0.3,Very low
6689-VRRTK,Camarillo,93010,44,One year,Fiber optic,Credit card (automatic),109.8,4860.35,Yes,Yes,Yes,No,Yes,Yes,0.785348671585732,0.21465132841426807,21.5,Low
6691-CCIHA,Joshua Tree,92252,62,Two year,DSL,Electronic check,84.95,5150.55,Yes,Yes,No,Yes,Yes,Yes,0.9509042175928197,0.049095782407180266,4.9,Very low
6692-YQHXC,Sacramento,95842,16,Month-to-month,Fiber optic,Credit card (automatic),69.95,1205.5,No,No,No,No,No,No,0.5079549880335568,0.4920450119664433,49.2,High
6693-DJWTY,Inglewood,90304,35,One year,DSL,Credit card (automatic),55.6,2016.45,Yes,Yes,No,No,No,No,0.9912848010712932,0.008715198928706787,0.9,Very low
6693-FRIRW,Newport Beach,92661,18,Month-to-month,Fiber optic,Credit card (automatic),101.3,1794.65,No,Yes,Yes,No,Yes,Yes,0.5061235705742189,0.4938764294257811,49.4,High
6695-AMZUF,Stockton,95219,70,Two year,DSL,Credit card (automatic),86.45,5950.2,Yes,Yes,Yes,Yes,Yes,Yes,0.9875544492347645,0.012445550765235477,1.2,Very low
6695-FRVEC,Burbank,91506,67,Two year,DSL,Bank transfer (automatic),60.4,3953.7,Yes,No,Yes,Yes,No,No,0.9866007061968012,0.013399293803198781,1.3,Very low
6696-YDAYZ,Mt Baldy,91759,16,Two year,No,Mailed check,20.5,290.55,No,No,No,No,No,No,0.9889499919230323,0.011050008076967616,1.1,Very low
6698-OXETB,Joshua Tree,92252,11,Two year,No,Mailed check,20.4,231.45,No,No,No,No,No,No,0.952102353734867,0.0478976462651331,4.8,Very low
6701-DHKWQ,Montrose,91020,61,Two year,DSL,Credit card (automatic),51.35,3244.4,No,Yes,Yes,Yes,Yes,No,0.9701741685132504,0.029825831486749596,3.0,Very low
6701-YVNQG,Moreno Valley,92553,72,Two year,DSL,Credit card (automatic),88.7,6301.7,Yes,Yes,Yes,Yes,Yes,Yes,0.976557496463452,0.023442503536548007,2.3,Very low
6704-UTUKK,Exeter,93221,29,Month-to-month,DSL,Electronic check,45.9,1332.4,No,No,No,No,Yes,Yes,0.3970330164250888,0.6029669835749112,60.3,High
6705-LNMDD,San Diego,92154,20,Month-to-month,DSL,Mailed check,50.0,1003.05,No,No,No,Yes,No,No,0.8276271473694777,0.1723728526305223,17.2,Low
6705-LXORM,Perris,92570,5,Month-to-month,Fiber optic,Electronic check,70.05,302.6,No,No,No,No,No,No,0.332256780381319,0.667743219618681,66.8,Very high
6710-HSJRD,Newport Coast,92657,61,Month-to-month,Fiber optic,Electronic check,114.1,7132.15,No,Yes,Yes,Yes,Yes,Yes,0.5990737453305637,0.4009262546694363,40.1,Medium
6713-OKOMC,Los Angeles,90008,10,Month-to-month,DSL,Mailed check,29.75,301.9,Yes,No,No,No,No,No,0.6885871517726838,0.31141284822731613,31.1,Medium
6718-BDGHG,Gold Run,95717,43,One year,DSL,Bank transfer (automatic),64.85,2908.2,No,No,No,Yes,Yes,No,0.8720401850227654,0.1279598149772346,12.8,Low
6719-FGEDO,Whittier,90606,72,Two year,Fiber optic,Bank transfer (automatic),97.0,7104.2,Yes,Yes,Yes,Yes,No,No,0.9671802178336467,0.03281978216635331,3.3,Very low
6719-OXYBR,California City,93505,15,Month-to-month,Fiber optic,Electronic check,85.3,1219.85,No,No,Yes,No,Yes,No,0.4153062886351372,0.5846937113648628,58.5,High
6723-CEGQI,Bayside,95524,65,Two year,DSL,Mailed check,45.25,2933.95,No,Yes,No,Yes,Yes,No,0.9952642890473006,0.004735710952699376,0.5,Very low
6723-WSNTY,Del Mar,92014,66,One year,Fiber optic,Credit card (automatic),108.1,7181.95,No,Yes,Yes,Yes,Yes,Yes,0.8482573492381262,0.15174265076187382,15.2,Low
6725-TPKJO,Duncans Mills,95430,44,Two year,No,Mailed check,20.05,845.25,No,No,No,No,No,No,0.983692886374932,0.016307113625067964,1.6,Very low
6726-NNFWD,Murrieta,92562,71,Two year,Fiber optic,Credit card (automatic),89.45,6435.25,No,Yes,Yes,No,No,Yes,0.9572295141034142,0.04277048589658583,4.3,Very low
6726-WEXXK,Fields Landing,95537,27,One year,Fiber optic,Electronic check,85.9,2220.1,Yes,No,Yes,No,No,No,0.6112454608026561,0.38875453919734393,38.9,Medium
6727-IOTLZ,Pasadena,91101,14,Two year,DSL,Mailed check,81.95,1181.75,No,Yes,Yes,Yes,Yes,Yes,0.8759955037680917,0.12400449623190835,12.4,Low
6728-CZFEI,Sacramento,95819,15,One year,DSL,Mailed check,56.15,931.9,No,No,No,No,Yes,No,0.8210453475849941,0.17895465241500583,17.9,Low
6728-DKUCO,Santa Monica,90405,72,One year,Fiber optic,Electronic check,104.15,7303.05,Yes,Yes,No,No,Yes,Yes,0.8226066143601483,0.17739338563985171,17.7,Low
6728-VOIFY,Palo Cedro,96073,63,One year,Fiber optic,Electronic check,96.0,6109.75,No,Yes,No,No,Yes,Yes,0.7693437974290755,0.23065620257092448,23.1,Low
6728-WYQBC,Westley,95387,1,Month-to-month,No,Bank transfer (automatic),20.95,20.95,No,No,No,No,No,No,0.8101188249331256,0.18988117506687438,19.0,Low
6729-FZWSY,Penn Valley,95946,67,One year,No,Mailed check,19.45,1195.95,No,No,No,No,No,No,0.9811315853606202,0.018868414639379837,1.9,Very low
6729-GDNGC,Westport,95488,20,Month-to-month,Fiber optic,Bank transfer (automatic),80.7,1614.2,No,No,No,No,Yes,No,0.5424972224943772,0.4575027775056229,45.8,High
6732-FZUGP,Berkeley,94705,47,One year,Fiber optic,Credit card (automatic),94.9,4615.25,Yes,No,Yes,No,Yes,No,0.8737254467230833,0.1262745532769167,12.6,Low
6732-VAILE,Montclair,91763,70,Two year,DSL,Credit card (automatic),85.95,5931.75,No,Yes,Yes,Yes,Yes,Yes,0.9642082247261912,0.03579177527380884,3.6,Very low
6733-LRIZX,Bodega Bay,94923,35,Two year,Fiber optic,Electronic check,108.95,4025.5,Yes,No,Yes,Yes,Yes,Yes,0.7977784002419785,0.20222159975802148,20.2,Low
6734-CKRSM,Stirling City,95978,3,Month-to-month,No,Mailed check,20.0,63.6,No,No,No,No,No,No,0.8074994828328951,0.19250051716710492,19.3,Low
6734-FQAJX,Somerset,95684,67,Two year,Fiber optic,Electronic check,105.05,7171.7,Yes,Yes,No,Yes,Yes,Yes,0.9456665968731015,0.054333403126898515,5.4,Very low
6734-GMPVK,Santa Maria,93454,5,Month-to-month,Fiber optic,Electronic check,105.3,550.6,No,Yes,Yes,No,Yes,Yes,0.23518940174914083,0.7648105982508592,76.5,Very high
6734-JDTTV,Manton,96059,65,Two year,No,Credit card (automatic),19.85,1267.05,No,No,No,No,No,No,0.9973726629088407,0.0026273370911593084,0.3,Very low
6734-PSBAW,Santa Fe Springs,90670,72,Two year,No,Bank transfer (automatic),23.55,1723.95,No,No,No,No,No,No,0.9846308499489684,0.015369150051031594,1.5,Very low
6736-DHUQI,Fairfax,94930,67,One year,Fiber optic,Bank transfer (automatic),84.8,5598.3,Yes,Yes,Yes,No,No,No,0.990335689587676,0.009664310412323917,1.0,Very low
6738-ISCBM,Northridge,91324,44,One year,DSL,Electronic check,54.0,2440.25,Yes,No,Yes,No,Yes,Yes,0.8163696937107846,0.18363030628921537,18.4,Low
6741-EGCBI,Hacienda Heights,91745,30,Month-to-month,Fiber optic,Credit card (automatic),90.5,2595.85,Yes,No,No,No,No,Yes,0.5600657885093608,0.43993421149063916,44.0,Medium
6741-QRLUP,Olema,94950,63,Two year,DSL,Credit card (automatic),80.3,4995.35,Yes,Yes,Yes,Yes,No,Yes,0.9822693812745631,0.017730618725436898,1.8,Very low
6743-HHQPF,Capay,95607,42,Month-to-month,DSL,Credit card (automatic),25.1,1097.15,No,No,No,No,No,No,0.731163286122388,0.268836713877612,26.9,Medium
6745-JEFZB,El Cajon,92019,35,Month-to-month,Fiber optic,Credit card (automatic),91.5,3236.35,No,No,No,Yes,Yes,No,0.5227665180427121,0.4772334819572878,47.7,High
6746-WAUWT,Salida,95368,19,One year,No,Credit card (automatic),19.7,386.5,No,No,No,No,No,No,0.9233331243894167,0.07666687561058332,7.7,Very low
6749-UTDVX,Brownsville,95919,72,Two year,Fiber optic,Electronic check,103.65,7634.8,No,Yes,Yes,No,Yes,Yes,0.8829069436896888,0.11709305631031118,11.7,Low
6752-APNJL,Woodlake,93286,42,Month-to-month,DSL,Mailed check,54.5,2301.15,Yes,Yes,No,No,No,No,0.9778112427127154,0.022188757287284627,2.2,Very low
6754-LZUKA,Big Sur,93920,61,Two year,DSL,Bank transfer (automatic),80.9,4932.5,No,Yes,Yes,No,Yes,Yes,0.9506101724850665,0.04938982751493344,4.9,Very low
6754-WKSHP,Brisbane,94005,30,One year,No,Bank transfer (automatic),25.35,723.3,No,No,No,No,No,No,0.9883202697510266,0.011679730248973381,1.2,Very low
6762-NSODU,Los Angeles,90015,46,Two year,No,Credit card (automatic),19.4,958.15,No,No,No,No,No,No,0.9965632771710695,0.0034367228289304886,0.3,Very low
6762-QVYJO,Acton,93510,58,Two year,DSL,Mailed check,59.75,3624.35,Yes,No,Yes,Yes,Yes,Yes,0.9921854782339167,0.007814521766083334,0.8,Very low
6765-MBQNU,Phillipsville,95559,26,One year,No,Mailed check,26.0,684.05,No,No,No,No,No,No,0.9102640277856711,0.0897359722143289,9.0,Very low
6766-HFKLA,Cazadero,95421,56,Two year,Fiber optic,Bank transfer (automatic),103.2,5744.35,No,No,Yes,Yes,Yes,Yes,0.8973551164468341,0.10264488355316596,10.3,Low
6770-UAYGJ,Lebec,93243,49,Two year,No,Mailed check,25.25,1211.65,No,No,No,No,No,No,0.9949174061882708,0.005082593811729181,0.5,Very low
6772-WFQRD,Castella,96017,40,One year,No,Bank transfer (automatic),20.4,854.9,No,No,No,No,No,No,0.9915157098016926,0.00848429019830748,0.8,Very low
6773-LQTVT,Long Beach,90803,29,Month-to-month,DSL,Mailed check,35.65,1025.15,No,Yes,Yes,No,No,No,0.8956311263935967,0.10436887360640337,10.4,Low
6778-EICRF,Clio,96106,24,One year,DSL,Mailed check,74.8,1821.2,Yes,No,No,No,Yes,Yes,0.9482821511500307,0.051717848849969356,5.2,Very low
6778-JFCMK,Van Nuys,91405,24,One year,DSL,Mailed check,50.6,1288.75,Yes,No,No,No,Yes,Yes,0.7450534228028503,0.2549465771971497,25.5,Medium
6778-YSNIH,Riverside,92501,2,Month-to-month,DSL,Electronic check,59.0,114.15,No,Yes,No,No,Yes,No,0.4578922685776423,0.5421077314223577,54.2,High
6784-XYJAE,Fort Irwin,92310,36,One year,DSL,Electronic check,55.8,1941.5,No,No,Yes,No,No,No,0.8727123804393011,0.12728761956069892,12.7,Low
6786-OBWQR,Nipomo,93444,5,Month-to-month,Fiber optic,Electronic check,80.85,356.1,No,No,No,No,Yes,No,0.5738651731654618,0.42613482683453824,42.6,Medium
6789-HJBWG,Livingston,95334,12,Month-to-month,DSL,Electronic check,49.4,611.65,No,Yes,No,No,No,No,0.6125319044100079,0.38746809558999207,38.7,Medium
6791-YBNAK,Manteca,95337,18,Month-to-month,DSL,Credit card (automatic),25.55,467.85,No,No,No,No,No,No,0.8973429723555096,0.10265702764449039,10.3,Low
6794-HKIAJ,Redondo Beach,90278,62,Month-to-month,Fiber optic,Bank transfer (automatic),90.7,5586.45,Yes,Yes,Yes,No,No,No,0.8843721491737639,0.1156278508262361,11.6,Low
6797-UCJHZ,Simi Valley,93065,66,One year,Fiber optic,Credit card (automatic),104.6,6819.45,No,Yes,Yes,No,Yes,Yes,0.850803661833031,0.14919633816696892,14.9,Low
6806-YDEUL,Sacramento,95817,6,Month-to-month,No,Bank transfer (automatic),19.5,106.8,No,No,No,No,No,No,0.8336048609594057,0.1663951390405943,16.6,Low
6807-SIWJI,Groveland,95321,38,One year,Fiber optic,Electronic check,104.85,3887.25,Yes,Yes,No,No,Yes,Yes,0.6590409442867647,0.34095905571323526,34.1,Medium
6810-VCAEX,Los Angeles,90064,47,One year,DSL,Credit card (automatic),39.65,1798.65,Yes,Yes,No,Yes,No,No,0.9666609795791605,0.03333902042083942,3.3,Very low
6813-GZQCG,Milford,96121,45,Two year,No,Credit card (automatic),24.65,1171.3,No,No,No,No,No,No,0.9928883316120856,0.007111668387914455,0.7,Very low
6814-ZPWFQ,Santa Clarita,91350,51,One year,No,Bank transfer (automatic),25.0,1260.7,No,No,No,No,No,No,0.9707771219628882,0.029222878037111724,2.9,Very low
6815-ABQFQ,Silverado,92676,56,One year,Fiber optic,Electronic check,107.25,6033.3,No,Yes,No,Yes,Yes,Yes,0.7207832711507981,0.2792167288492019,27.9,Medium
6817-WTYHE,Happy Camp,96039,2,Month-to-month,DSL,Bank transfer (automatic),44.9,111.05,No,No,No,No,No,No,0.6740408694606441,0.32595913053935593,32.6,Medium
6818-DJXAA,Alturas,96101,10,Month-to-month,Fiber optic,Electronic check,91.1,964.35,No,No,Yes,Yes,Yes,No,0.7509456256190701,0.24905437438092998,24.9,Low
6821-JPCDC,Castro Valley,94552,48,One year,Fiber optic,Electronic check,97.05,4692.95,No,Yes,Yes,No,Yes,Yes,0.6724546674008536,0.3275453325991464,32.8,Medium
6823-SIDFQ,Parker Dam,92267,28,One year,No,Credit card (automatic),18.25,534.7,No,No,No,No,No,No,0.9587776192045703,0.04122238079542973,4.1,Very low
6827-IEAUQ,Los Angeles,90035,27,One year,DSL,Mailed check,66.15,1874.45,Yes,Yes,Yes,Yes,No,No,0.9407590832003092,0.05924091679969081,5.9,Very low
6828-HMKWP,Berkeley,94710,12,Two year,No,Bank transfer (automatic),21.05,262.05,No,No,No,No,No,No,0.9885501606989772,0.011449839301022854,1.1,Very low
6833-JMZYP,Hesperia,92345,15,Month-to-month,Fiber optic,Credit card (automatic),94.0,1505.45,No,No,Yes,No,Yes,Yes,0.3717659167486108,0.6282340832513892,62.8,High
6837-BJYDQ,Wilmington,90744,3,One year,No,Mailed check,19.6,61.35,No,No,No,No,No,No,0.8960126629173573,0.1039873370826428,10.4,Low
6837-HAEVO,Moreno Valley,92551,69,Two year,Fiber optic,Electronic check,105.0,7297.75,No,Yes,Yes,No,Yes,Yes,0.9628788470084012,0.03712115299159879,3.7,Very low
6838-HVLXG,Keyes,95328,12,Month-to-month,No,Mailed check,20.3,246.7,No,No,No,No,No,No,0.8502546606655409,0.1497453393344591,15.0,Low
6838-YAUVY,Petaluma,94952,54,Two year,Fiber optic,Bank transfer (automatic),95.1,5064.85,No,No,Yes,Yes,No,Yes,0.9104343983032526,0.08956560169674746,9.0,Very low
6840-RESVB,Adelanto,92301,24,One year,DSL,Mailed check,84.8,1990.5,Yes,No,Yes,Yes,Yes,Yes,0.9482513491512253,0.051748650848774634,5.2,Very low
6844-DZKRF,Irvine,92604,2,Month-to-month,DSL,Credit card (automatic),50.2,109.25,No,No,No,Yes,No,No,0.6813520152773528,0.3186479847226472,31.9,Medium
6847-KJLTS,Frazier Park,93225,58,Month-to-month,Fiber optic,Bank transfer (automatic),100.4,5749.8,No,No,No,Yes,Yes,Yes,0.6312881837150179,0.368711816284982,36.9,Medium
6848-HJTXY,Ontario,91761,64,Two year,No,Credit card (automatic),19.45,1208.6,No,No,No,No,No,No,0.9905836442946048,0.009416355705395209,0.9,Very low
6848-YLDFR,Gerber,96035,58,One year,DSL,Credit card (automatic),75.2,4300.8,No,Yes,No,Yes,Yes,Yes,0.9861449071638804,0.013855092836119668,1.4,Very low
6851-WEFYX,Descanso,91916,35,Month-to-month,Fiber optic,Electronic check,100.8,3437.5,No,No,Yes,No,Yes,Yes,0.28136601441232056,0.7186339855876794,71.9,Very high
6854-EXGSF,Mt Baldy,91759,8,Month-to-month,DSL,Bank transfer (automatic),65.5,573.15,Yes,Yes,Yes,No,No,No,0.6771262500214607,0.32287374997853935,32.3,Medium
6855-VLGOS,Guerneville,95446,72,Two year,No,Electronic check,20.55,1432.55,No,No,No,No,No,No,0.9977743675874073,0.0022256324125927017,0.2,Very low
6856-RAURS,Rio Oso,95674,2,Month-to-month,Fiber optic,Mailed check,74.9,136.05,No,No,No,No,No,No,0.2852401534799278,0.7147598465200722,71.5,Very high
6857-TKDJV,Strawberry Valley,95981,67,Two year,No,Bank transfer (automatic),24.65,1620.45,No,No,No,No,No,No,0.99744353086224,0.0025564691377599562,0.3,Very low
6859-QNXIQ,Costa Mesa,92626,72,Two year,Fiber optic,Bank transfer (automatic),113.1,8248.5,Yes,Yes,Yes,Yes,Yes,Yes,0.9884139385591774,0.011586061440822673,1.2,Very low
6859-RKMZJ,Vallejo,94589,11,Month-to-month,DSL,Bank transfer (automatic),55.05,608.15,No,No,No,No,Yes,No,0.5250837055963387,0.4749162944036614,47.5,High
6860-YRJZP,Sacramento,95820,9,Month-to-month,Fiber optic,Electronic check,74.05,678.45,No,No,No,No,No,No,0.2705073574221487,0.7294926425778513,72.9,Very high
6862-CQUMB,San Diego,92126,37,Month-to-month,Fiber optic,Credit card (automatic),96.1,3646.8,No,Yes,No,No,Yes,Yes,0.5717400254906813,0.42825997450931874,42.8,Medium
6865-JZNKO,Los Angeles,90027,30,Month-to-month,DSL,Bank transfer (automatic),55.3,1530.6,Yes,Yes,No,No,No,No,0.8585437217115791,0.14145627828842092,14.1,Low
6867-ACCZI,Bethel Island,94511,24,Two year,DSL,Mailed check,52.5,1208.15,Yes,Yes,Yes,Yes,No,Yes,0.9768513301663158,0.0231486698336843,2.3,Very low
6869-FGJJC,Gazelle,96034,68,One year,Fiber optic,Credit card (automatic),79.6,5461.45,No,Yes,Yes,No,No,No,0.9524485067186531,0.04755149328134692,4.8,Very low
6870-ECSHE,Sun City,92586,2,One year,No,Mailed check,20.45,34.8,No,No,No,No,No,No,0.8942055110275868,0.10579448897241314,10.6,Low
6870-ZWMNX,Clements,95227,70,Two year,DSL,Credit card (automatic),76.1,5264.25,No,Yes,Yes,Yes,Yes,No,0.9804512779626192,0.019548722037380825,2.0,Very low
6872-HXFNF,Irvine,92606,64,One year,DSL,Bank transfer (automatic),58.35,3756.45,No,No,Yes,Yes,No,No,0.9641065333546943,0.03589346664530571,3.6,Very low
6873-UDNLD,Oakland,94612,40,Month-to-month,DSL,Electronic check,67.45,2731.0,Yes,No,Yes,No,No,Yes,0.8526407209790855,0.14735927902091453,14.7,Low
6874-SGLHU,San Jose,95121,30,One year,Fiber optic,Bank transfer (automatic),97.0,3021.3,No,Yes,No,No,Yes,Yes,0.6757518016524037,0.32424819834759633,32.4,Medium
6878-GGDWG,San Diego,92101,32,Month-to-month,No,Bank transfer (automatic),19.4,641.15,No,No,No,No,No,No,0.9024676529866973,0.09753234701330275,9.8,Very low
6885-PKOAM,San Marcos,92069,71,Two year,DSL,Credit card (automatic),85.75,6223.8,Yes,Yes,Yes,Yes,Yes,Yes,0.9831371544017569,0.016862845598243175,1.7,Very low
6888-SBYAI,San Ramon,94583,1,Month-to-month,DSL,Mailed check,50.7,50.7,Yes,No,No,No,No,No,0.6473664367604015,0.3526335632395985,35.3,Medium
6890-PFRQX,Sacramento,95819,18,Month-to-month,DSL,Mailed check,69.5,1199.4,Yes,No,Yes,No,Yes,No,0.7154036005293634,0.28459639947063664,28.5,Medium
6891-JPYFF,San Jose,95121,48,Month-to-month,Fiber optic,Credit card (automatic),105.25,4997.5,Yes,Yes,No,No,Yes,Yes,0.884579630366282,0.11542036963371805,11.5,Low
6892-BOGQE,Whittier,90601,71,Two year,No,Bank transfer (automatic),20.9,1493.2,No,No,No,No,No,No,0.9888215761650985,0.011178423834901561,1.1,Very low
6893-ODYYE,Mokelumne Hill,95245,50,One year,Fiber optic,Credit card (automatic),90.1,4549.45,Yes,Yes,Yes,Yes,No,No,0.9393691560829178,0.06063084391708217,6.1,Very low
6896-SRVYQ,Camino,95709,44,Month-to-month,Fiber optic,Electronic check,73.85,3122.4,No,No,Yes,No,No,No,0.7113399959391282,0.2886600040608718,28.9,Medium
6897-RWMUB,Chino,91710,61,Two year,DSL,Bank transfer (automatic),68.05,4158.25,Yes,Yes,Yes,Yes,No,No,0.9970526637124815,0.0029473362875184887,0.3,Very low
6897-UUBNU,North Hollywood,91602,29,Month-to-month,Fiber optic,Mailed check,89.65,2623.65,No,Yes,No,Yes,Yes,No,0.695260522556667,0.30473947744333296,30.5,Medium
6898-MDLZW,Blue Lake,95525,12,Month-to-month,DSL,Mailed check,53.75,648.65,No,Yes,No,Yes,No,No,0.7410820750087384,0.2589179249912617,25.9,Medium
6898-RBTLU,Whittier,90602,49,Two year,DSL,Bank transfer (automatic),79.3,3902.45,No,Yes,No,Yes,Yes,Yes,0.9890534642742429,0.010946535725757092,1.1,Very low
6900-RBKER,San Jose,95120,52,Two year,Fiber optic,Credit card (automatic),89.45,4577.75,No,No,Yes,No,No,Yes,0.8760117181280478,0.12398828187195216,12.4,Low
6901-GOGZG,Lake Hughes,93532,60,Two year,DSL,Electronic check,84.95,4984.85,Yes,No,Yes,Yes,Yes,Yes,0.9909559164520358,0.009044083547964156,0.9,Very low
6904-JLBGY,Salinas,93905,72,Two year,Fiber optic,Credit card (automatic),117.35,8436.25,Yes,Yes,Yes,Yes,Yes,Yes,0.9585647943062813,0.041435205693718676,4.1,Very low
6906-MPARY,Redondo Beach,90277,40,One year,Fiber optic,Credit card (automatic),89.6,3488.15,No,Yes,No,Yes,No,Yes,0.8519514817863862,0.14804851821361378,14.8,Low
6907-CQGPN,Oakland,94612,29,Month-to-month,DSL,Electronic check,34.3,1004.75,No,Yes,No,Yes,No,No,0.7720321975538127,0.22796780244618733,22.8,Low
6907-FLBER,Burbank,91505,1,Month-to-month,DSL,Electronic check,54.3,54.3,No,Yes,No,No,No,No,0.5217537449473286,0.47824625505267143,47.8,High
6908-VVYHM,Pasadena,91104,65,Month-to-month,Fiber optic,Electronic check,90.65,5931.0,No,Yes,No,No,No,Yes,0.6158084408355964,0.3841915591644036,38.4,Medium
6916-HIJSE,Fresno,93725,65,Two year,DSL,Bank transfer (automatic),84.85,5459.2,Yes,Yes,Yes,Yes,Yes,Yes,0.9833724630749575,0.016627536925042465,1.7,Very low
6917-FIJHC,Livingston,95334,72,Two year,No,Mailed check,26.0,1776.0,No,No,No,No,No,No,0.9833029713501525,0.01669702864984748,1.7,Very low
6917-IAYHD,La Honda,94020,1,Month-to-month,DSL,Mailed check,33.6,33.6,No,Yes,No,Yes,No,No,0.8975153498806967,0.10248465011930331,10.2,Low
6917-YACBP,Big Sur,93920,59,Month-to-month,Fiber optic,Electronic check,89.75,5496.9,Yes,Yes,Yes,No,No,No,0.7684255956484112,0.23157440435158885,23.2,Low
6918-UMQCG,Orange,92869,5,Month-to-month,Fiber optic,Electronic check,80.2,384.25,No,No,No,No,Yes,No,0.33550988772036383,0.6644901122796362,66.4,Very high
6919-ELBGL,Big Pine,93513,72,Two year,Fiber optic,Bank transfer (automatic),114.95,8196.4,Yes,Yes,Yes,Yes,Yes,Yes,0.942158627552686,0.05784137244731404,5.8,Very low
6921-OZMFH,Santa Clara,95051,5,Month-to-month,DSL,Mailed check,55.7,259.4,No,No,No,Yes,No,No,0.8459840489399675,0.15401595106003255,15.4,Low
6922-NCEDI,Costa Mesa,92627,56,One year,No,Mailed check,21.2,1238.65,No,No,No,No,No,No,0.9729114480246781,0.027088551975321926,2.7,Very low
6923-AQONU,Los Angeles,90046,23,Two year,No,Mailed check,20.9,454.0,No,No,No,No,No,No,0.991248062077589,0.00875193792241106,0.9,Very low
6923-JHPMP,Templeton,93465,2,Month-to-month,Fiber optic,Electronic check,80.45,137.1,Yes,No,Yes,No,No,No,0.3866586909226265,0.6133413090773735,61.3,High
6924-TDGMT,Platina,96076,11,One year,No,Mailed check,20.55,184.95,No,No,No,No,No,No,0.8562330183700563,0.14376698162994375,14.4,Low
6925-BAYGL,Inglewood,90303,53,Two year,No,Credit card (automatic),25.1,1275.6,No,No,No,No,No,No,0.9805822923318982,0.01941770766810183,1.9,Very low
6928-ONTRW,Bell,90201,72,Two year,No,Credit card (automatic),19.7,1379.8,No,No,No,No,No,No,0.9985639520802702,0.001436047919729869,0.1,Very low
6933-FHBZC,Moreno Valley,92551,26,One year,DSL,Mailed check,56.05,1553.2,No,Yes,Yes,No,No,No,0.8759897471686118,0.12401025283138824,12.4,Low
6933-VLYFX,Belmont,94002,31,One year,DSL,Electronic check,59.95,1848.8,Yes,No,Yes,Yes,Yes,Yes,0.9561407354048892,0.04385926459511082,4.4,Very low
6937-GCDGQ,West Point,95255,19,One year,DSL,Bank transfer (automatic),48.95,955.6,Yes,No,No,No,No,No,0.9671450674266447,0.03285493257335523,3.3,Very low
6941-KXRRV,Dorris,96023,48,One year,DSL,Bank transfer (automatic),58.95,2789.7,No,Yes,No,No,No,Yes,0.9005397131952593,0.09946028680474067,9.9,Very low
6942-LBFDP,Bakersfield,93308,2,Month-to-month,No,Mailed check,20.55,33.6,No,No,No,No,No,No,0.7397756311390775,0.2602243688609225,26.0,Medium
6950-TWMYB,Santa Monica,90404,54,Two year,Fiber optic,Bank transfer (automatic),79.95,4362.05,No,Yes,No,Yes,No,No,0.9870914831417679,0.01290851685823209,1.3,Very low
6952-OMNWB,Creston,93432,68,Month-to-month,Fiber optic,Credit card (automatic),80.35,5589.3,No,No,Yes,No,No,No,0.7601444137898656,0.23985558621013442,24.0,Low
6953-PBDIN,Fort Bidwell,96112,70,Two year,DSL,Bank transfer (automatic),72.95,5265.55,No,Yes,Yes,Yes,Yes,No,0.9794012196812135,0.020598780318786446,2.1,Very low
6954-OOYZZ,Los Angeles,90006,18,Month-to-month,DSL,Bank transfer (automatic),44.35,768.05,No,No,No,No,No,No,0.6516497341449083,0.3483502658550917,34.8,Medium
6959-GQEGV,Canoga Park,91303,45,Month-to-month,DSL,Electronic check,75.95,3273.8,Yes,No,Yes,No,Yes,Yes,0.7820850554170216,0.2179149445829785,21.8,Low
6961-MJKBO,Los Angeles,90057,47,Two year,No,Bank transfer (automatic),20.45,943.0,No,No,No,No,No,No,0.9866030465635549,0.013396953436445048,1.3,Very low
6963-EZQEE,Midpines,95345,70,Two year,DSL,Credit card (automatic),88.55,6306.5,Yes,Yes,Yes,Yes,Yes,Yes,0.9744248488173824,0.025575151182617547,2.6,Very low
6963-KQYQB,Pacifica,94044,70,Two year,No,Mailed check,24.05,1764.75,No,No,No,No,No,No,0.9974857646972554,0.002514235302744622,0.3,Very low
6967-PEJLL,San Diego,92129,37,One year,DSL,Electronic check,40.2,1525.35,Yes,No,Yes,Yes,No,No,0.9702542100244049,0.029745789975595096,3.0,Very low
6967-QIQRV,Mission Viejo,92692,15,One year,Fiber optic,Electronic check,101.9,1667.25,Yes,No,No,Yes,Yes,Yes,0.895412515507989,0.10458748449201109,10.5,Low
6968-GMKPR,French Gulch,96033,55,Month-to-month,Fiber optic,Electronic check,81.55,4509.5,No,Yes,Yes,No,No,No,0.7427133376649275,0.2572866623350725,25.7,Medium
6968-MHOMU,Princeton,95970,58,One year,DSL,Credit card (automatic),45.0,2689.35,No,No,No,No,Yes,Yes,0.8476753921884121,0.1523246078115878,15.2,Low
6968-URWQU,Redlands,92374,43,One year,DSL,Mailed check,56.35,2391.15,No,No,No,No,Yes,No,0.8596648936047541,0.14033510639524596,14.0,Low
6969-MVBAI,Davis Creek,96108,9,Month-to-month,Fiber optic,Electronic check,90.1,816.8,No,No,Yes,No,Yes,No,0.22291332725824065,0.7770866727417594,77.7,Very high
6972-SNKKW,Chester,96020,6,Month-to-month,No,Mailed check,20.0,109.2,No,No,No,No,No,No,0.8227020293213475,0.17729797067865252,17.7,Low
6974-DAFLI,Bakersfield,93312,55,One year,No,Electronic check,19.7,1140.05,No,No,No,No,No,No,0.9664871768344624,0.033512823165537595,3.4,Very low
6976-BWGLQ,Pomona,91766,72,Two year,No,Bank transfer (automatic),25.2,1787.35,No,No,No,No,No,No,0.9978692702230936,0.0021307297769063934,0.2,Very low
6979-TNDEU,Sacramento,95841,8,Month-to-month,No,Mailed check,19.2,156.85,No,No,No,No,No,No,0.8323035157735246,0.1676964842264754,16.8,Low
6980-CDGFC,Aptos,95003,67,One year,No,Bank transfer (automatic),20.85,1327.4,No,No,No,No,No,No,0.9777119836947137,0.022288016305286304,2.2,Very low
6980-IMXXE,Modesto,95355,69,Two year,No,Bank transfer (automatic),20.2,1412.65,No,No,No,No,No,No,0.998324741442881,0.0016752585571189887,0.2,Very low
6981-TDRFT,Soulsbyville,95372,44,One year,DSL,Electronic check,54.3,2317.1,No,No,Yes,Yes,Yes,Yes,0.942416857787586,0.05758314221241402,5.8,Very low
6985-HAYWX,Hughson,95326,26,Month-to-month,Fiber optic,Bank transfer (automatic),79.3,2015.8,No,Yes,No,No,No,No,0.5416305785166605,0.4583694214833395,45.8,High
6986-IXNDM,Three Rivers,93271,14,Month-to-month,Fiber optic,Electronic check,92.9,1337.45,No,No,No,No,Yes,Yes,0.2657062827126423,0.7342937172873577,73.4,Very high
6988-CJEYV,Crows Landing,95313,49,Month-to-month,Fiber optic,Electronic check,98.7,4920.55,No,Yes,No,No,Yes,Yes,0.5699414200371793,0.43005857996282065,43.0,Medium
6992-TKNYO,Richmond,94804,38,One year,DSL,Credit card (automatic),69.0,2669.45,No,No,Yes,Yes,No,Yes,0.8992489208283041,0.10075107917169591,10.1,Low
6993-YCOBK,Sun Valley,91352,60,Two year,Fiber optic,Electronic check,110.6,6586.85,Yes,No,Yes,Yes,Yes,Yes,0.9720737552634068,0.02792624473659322,2.8,Very low
6993-YGFJV,Cayucos,93430,69,Two year,Fiber optic,Bank transfer (automatic),112.55,7806.5,Yes,Yes,Yes,Yes,Yes,Yes,0.937703475594482,0.06229652440551804,6.2,Very low
6994-FGRHH,Meadow Vista,95722,70,One year,Fiber optic,Electronic check,106.15,7475.1,No,Yes,Yes,Yes,Yes,Yes,0.967702325008177,0.032297674991823,3.2,Very low
6994-KERXL,Avalon,90704,4,Month-to-month,DSL,Electronic check,55.9,238.5,No,No,No,No,No,Yes,0.4504461065070763,0.5495538934929237,55.0,High
6994-ORCWG,Wilseyville,95257,14,One year,DSL,Mailed check,54.25,773.2,No,Yes,No,No,No,No,0.7667680318307917,0.23323196816920838,23.3,Low
6997-UVGOX,Albany,94706,71,Two year,DSL,Bank transfer (automatic),85.45,6029.9,Yes,Yes,Yes,Yes,Yes,Yes,0.9974246308266652,0.0025753691733348023,0.3,Very low
6999-CHVCF,Covina,91723,68,Two year,Fiber optic,Bank transfer (automatic),102.1,7149.35,Yes,Yes,Yes,No,No,Yes,0.9486250062820641,0.05137499371793586,5.1,Very low
7005-CYUIL,Laytonville,95454,71,Two year,Fiber optic,Electronic check,99.4,7168.25,Yes,Yes,Yes,Yes,Yes,No,0.9529366312871916,0.047063368712808376,4.7,Very low
7008-LZVOZ,Pixley,93256,66,Two year,No,Credit card (automatic),25.3,1672.35,No,No,No,No,No,No,0.9964275369850615,0.003572463014938467,0.4,Very low
7009-LGECI,Westlake Village,91361,4,Month-to-month,DSL,Bank transfer (automatic),50.55,235.65,Yes,No,No,No,No,No,0.6945339814350433,0.30546601856495675,30.5,Medium
7009-PCARS,Stockton,95215,55,One year,No,Bank transfer (automatic),19.1,1001.5,No,No,No,No,No,No,0.9963920947842276,0.0036079052157723846,0.4,Very low
7010-BRBUU,Woodland Hills,91364,72,Two year,No,Credit card (automatic),24.1,1734.65,No,No,No,No,No,No,0.9979506065091666,0.0020493934908334477,0.2,Very low
7010-ZMVBF,Thermal,92274,18,Month-to-month,No,Mailed check,20.45,357.0,No,No,No,No,No,No,0.9635557200640754,0.03644427993592455,3.6,Very low
7011-CVEUC,Chula Vista,91911,25,Month-to-month,Fiber optic,Credit card (automatic),95.7,2338.35,No,No,No,Yes,Yes,Yes,0.45772436839210284,0.5422756316078972,54.2,High
7013-PSXHK,Lagunitas,94938,40,One year,DSL,Mailed check,80.75,3208.65,No,No,Yes,Yes,Yes,Yes,0.8526857224754455,0.14731427752455448,14.7,Low
7014-ZZXAW,Montclair,91763,71,Two year,No,Credit card (automatic),24.25,1732.95,No,No,No,No,No,No,0.9851391087929521,0.014860891207047904,1.5,Very low
7016-NVRIC,Chualar,93925,29,One year,Fiber optic,Bank transfer (automatic),90.1,2656.7,Yes,No,Yes,No,No,Yes,0.789537991890372,0.21046200810962806,21.0,Low
7017-VFHAY,Glendora,91740,61,Two year,Fiber optic,Credit card (automatic),115.1,7008.15,Yes,Yes,Yes,Yes,Yes,Yes,0.9888495045047642,0.01115049549523579,1.1,Very low
7017-VFULY,Chatsworth,91311,2,Month-to-month,No,Bank transfer (automatic),20.1,43.15,No,No,No,No,No,No,0.7713167690562315,0.22868323094376855,22.9,Low
7018-FPXHH,Callahan,96014,56,Two year,DSL,Bank transfer (automatic),59.8,3457.45,Yes,Yes,Yes,No,No,No,0.9951321480837668,0.004867851916233177,0.5,Very low
7018-WBJNK,San Fernando,91340,13,Month-to-month,Fiber optic,Credit card (automatic),78.3,1033.95,No,No,No,No,Yes,No,0.7790195527054822,0.22098044729451788,22.1,Low
7020-OZKXZ,Vista,92084,9,Month-to-month,Fiber optic,Credit card (automatic),75.5,637.4,No,No,Yes,No,No,No,0.5407725087673185,0.4592274912326814,45.9,High
7021-XSNYE,Lancaster,93535,7,Two year,DSL,Credit card (automatic),49.65,305.55,Yes,No,Yes,Yes,No,Yes,0.9722485076657604,0.027751492334239597,2.8,Very low
7025-IWFHT,Upland,91784,41,One year,Fiber optic,Electronic check,89.55,3729.75,No,Yes,No,Yes,Yes,No,0.7916323918760609,0.2083676081239391,20.8,Low
7025-WCBNE,Santa Ana,92705,47,Two year,DSL,Bank transfer (automatic),59.6,2754.0,No,Yes,No,Yes,No,No,0.9739205968621459,0.02607940313785406,2.6,Very low
7026-YMSBE,Berkeley,94704,30,One year,No,Mailed check,19.7,625.05,No,No,No,No,No,No,0.9552958209880364,0.04470417901196359,4.5,Very low
7029-IJEJK,Los Angeles,90059,54,One year,DSL,Bank transfer (automatic),44.1,2369.7,Yes,No,No,Yes,No,Yes,0.9599162476435467,0.04008375235645333,4.0,Very low
7030-FZTFM,Gonzales,93926,72,Two year,Fiber optic,Credit card (automatic),110.9,7922.75,No,Yes,Yes,Yes,Yes,Yes,0.9887055785977289,0.011294421402271118,1.1,Very low
7030-NJVDP,San Quentin,94964,24,Month-to-month,Fiber optic,Electronic check,89.25,2210.2,Yes,No,No,Yes,No,Yes,0.5078304470527704,0.4921695529472296,49.2,High
7032-LMBHI,Blythe,92225,37,One year,DSL,Bank transfer (automatic),64.65,2347.85,Yes,No,No,No,Yes,No,0.9159745244454158,0.08402547555458413,8.4,Very low
7033-CLAMM,Somes Bar,95568,48,Two year,No,Bank transfer (automatic),20.2,1027.25,No,No,No,No,No,No,0.9966105078431858,0.003389492156814191,0.3,Very low
7036-TYDEC,San Clemente,92673,69,Two year,Fiber optic,Electronic check,104.0,7028.5,No,No,Yes,Yes,Yes,Yes,0.9253520038448142,0.07464799615518582,7.5,Very low
7036-ZZKBD,Lincoln,95648,31,Month-to-month,DSL,Credit card (automatic),66.4,2019.8,No,No,Yes,Yes,No,Yes,0.7695314725517536,0.2304685274482464,23.0,Low
7037-MTYVW,San Jose,95133,38,Two year,DSL,Bank transfer (automatic),85.4,3297.0,Yes,No,Yes,Yes,Yes,Yes,0.9827846549840817,0.017215345015918312,1.7,Very low
7041-TXQJH,Goodyears Bar,95944,37,Month-to-month,DSL,Credit card (automatic),40.2,1478.85,No,No,Yes,No,No,Yes,0.7074347726408222,0.2925652273591778,29.3,Medium
7044-YAACC,Napa,94559,4,Month-to-month,Fiber optic,Electronic check,70.2,280.35,No,No,No,No,No,No,0.24947246155983804,0.750527538440162,75.1,Very high
7047-FWEYA,San Pedro,90731,46,One year,Fiber optic,Electronic check,103.15,4594.65,No,Yes,No,Yes,Yes,Yes,0.6516604175873104,0.34833958241268953,34.8,Medium
7047-YXDMZ,Vallejo,94591,21,Month-to-month,No,Mailed check,20.0,417.7,No,No,No,No,No,No,0.8833933889298483,0.11660661107015173,11.7,Low
7048-GXDAY,Fresno,93705,39,Month-to-month,Fiber optic,Electronic check,106.4,4040.65,Yes,Yes,No,No,Yes,Yes,0.4896089066286201,0.5103910933713799,51.0,High
7049-GKVZY,Berkeley,94702,17,One year,DSL,Credit card (automatic),79.85,1387.35,Yes,Yes,No,Yes,Yes,Yes,0.9078721539578803,0.09212784604211964,9.2,Very low
7054-DMVAS,Redwood Valley,95470,54,Two year,DSL,Bank transfer (automatic),65.3,3512.9,Yes,Yes,No,No,Yes,No,0.9735795259576127,0.026420474042387315,2.6,Very low
7054-ENNGU,Benicia,94510,9,Month-to-month,DSL,Mailed check,50.85,466.6,No,Yes,No,No,No,No,0.6686179838566553,0.3313820161433447,33.1,Medium
7055-HNEOJ,El Dorado Hills,95762,3,Month-to-month,DSL,Mailed check,55.8,154.55,No,No,Yes,Yes,No,No,0.5933590304330149,0.40664096956698514,40.7,Medium
7055-JCGNI,Moss Beach,94038,70,Two year,Fiber optic,Credit card (automatic),111.95,7795.95,Yes,Yes,Yes,Yes,Yes,Yes,0.9567276388260311,0.043272361173968876,4.3,Very low
7061-OVMIM,Palm Springs,92262,30,One year,No,Bank transfer (automatic),19.55,608.5,No,No,No,No,No,No,0.947444709064717,0.052555290935283,5.3,Very low
7064-FRRSW,Tarzana,91356,48,One year,Fiber optic,Electronic check,99.0,4744.35,No,Yes,No,No,Yes,Yes,0.6467598639572438,0.3532401360427562,35.3,Medium
7064-JHXCE,San Luis Obispo,93401,62,Two year,No,Credit card (automatic),20.05,1263.9,No,No,No,No,No,No,0.997961776125859,0.00203822387414096,0.2,Very low
7072-MBHEV,Edwards,93523,11,Month-to-month,Fiber optic,Credit card (automatic),78.1,864.85,No,No,Yes,No,No,No,0.704718083789394,0.29528191621060595,29.5,Medium
7073-QETQY,Capay,95607,66,One year,No,Electronic check,20.35,1359.5,No,No,No,No,No,No,0.9664950382377879,0.03350496176221208,3.4,Very low
7074-STDCN,Artesia,90701,39,Month-to-month,DSL,Electronic check,40.6,1494.5,No,No,No,Yes,No,Yes,0.6958236155798886,0.3041763844201114,30.4,Medium
7075-BNDVQ,Termo,96132,4,Month-to-month,DSL,Mailed check,35.0,135.75,Yes,No,Yes,No,No,No,0.6481636794356027,0.35183632056439723,35.2,Medium
7077-XJMET,Alta,95701,12,Month-to-month,DSL,Electronic check,74.15,741.4,No,No,Yes,Yes,Yes,Yes,0.4629597463538171,0.5370402536461829,53.7,High
7078-NVFAM,Pomona,91767,32,Month-to-month,DSL,Electronic check,35.15,1051.05,Yes,Yes,No,No,No,No,0.9128763987074393,0.08712360129256072,8.7,Very low
7080-TNUWP,Arbuckle,95912,70,One year,Fiber optic,Bank transfer (automatic),95.0,6602.9,No,Yes,Yes,No,Yes,No,0.8507353965901795,0.14926460340982048,14.9,Low
7083-MIOPC,Burbank,91505,72,Two year,No,Credit card (automatic),20.25,1566.9,No,No,No,No,No,No,0.9945572587336053,0.005442741266394686,0.5,Very low
7088-FBAWU,Los Angeles,90007,17,Month-to-month,DSL,Mailed check,74.55,1215.8,Yes,Yes,No,No,Yes,Yes,0.9170266934360828,0.08297330656391719,8.3,Very low
7089-RKVSZ,Woody,93287,8,One year,No,Mailed check,24.4,203.95,No,No,No,No,No,No,0.8451371690807847,0.15486283091921532,15.5,Low
7089-XXAYG,Rocklin,95677,25,One year,DSL,Credit card (automatic),38.1,970.4,No,No,Yes,No,Yes,No,0.7092579283446652,0.2907420716553348,29.1,Medium
7094-MSZAO,Oakland,94610,10,Month-to-month,No,Credit card (automatic),20.05,218.5,No,No,No,No,No,No,0.9420206043649357,0.05797939563506422,5.8,Very low
7096-UCLNH,Fontana,92335,1,Month-to-month,No,Mailed check,20.05,20.05,No,No,No,No,No,No,0.7944846682045015,0.20551533179549855,20.6,Low
7096-ZNBZI,Studio City,91604,72,Two year,No,Credit card (automatic),26.45,1914.5,No,No,No,No,No,No,0.9898802067495293,0.01011979325047074,1.0,Very low
7100-FQPRV,Canoga Park,91303,43,One year,DSL,Credit card (automatic),71.9,3173.35,Yes,No,No,Yes,No,Yes,0.9130157341714258,0.08698426582857417,8.7,Very low
7101-HRBLJ,Idyllwild,92549,72,Two year,DSL,Bank transfer (automatic),83.7,6096.9,Yes,Yes,Yes,Yes,Yes,Yes,0.9825764054562516,0.017423594543748432,1.7,Very low
7102-JJVTX,Escondido,92025,9,One year,DSL,Mailed check,48.6,422.3,Yes,No,No,No,No,No,0.8452175534388829,0.15478244656111703,15.5,Low
7103-IPXPJ,Inglewood,90305,50,One year,Fiber optic,Electronic check,99.4,5059.75,No,No,No,Yes,Yes,Yes,0.7300150043877127,0.2699849956122873,27.0,Medium
7103-ZGVNT,Portola Valley,94028,69,One year,DSL,Credit card (automatic),73.7,4885.85,Yes,Yes,No,Yes,Yes,No,0.995022479824574,0.004977520175426012,0.5,Very low
7105-BENQF,Tarzana,91356,15,One year,DSL,Mailed check,64.85,950.75,Yes,No,Yes,No,No,Yes,0.9718242107570729,0.028175789242927064,2.8,Very low
7105-MXJLL,Valencia,91355,26,One year,DSL,Mailed check,60.7,1597.4,No,No,Yes,No,No,Yes,0.836448076671243,0.163551923328757,16.4,Low
7107-UBYKY,Sutter,95982,35,Month-to-month,No,Electronic check,25.75,882.55,No,No,No,No,No,No,0.9466927509965877,0.05330724900341228,5.3,Very low
7108-DGVUU,Lookout,96054,21,One year,DSL,Bank transfer (automatic),71.7,1497.05,No,Yes,Yes,No,No,Yes,0.7904746140039671,0.20952538599603285,21.0,Low
7109-CQYUZ,Beverly Hills,90210,52,Two year,DSL,Mailed check,89.25,4652.4,Yes,Yes,Yes,Yes,Yes,Yes,0.9603703103862115,0.039629689613788495,4.0,Very low
7109-MFBYV,San Bernardino,92407,26,Month-to-month,DSL,Electronic check,45.45,1233.15,No,No,No,No,No,No,0.7618259192491412,0.2381740807508588,23.8,Low
7110-BDTWG,San Jose,95148,71,Two year,DSL,Electronic check,47.05,3263.6,No,No,Yes,Yes,No,Yes,0.9505286208008108,0.04947137919918918,4.9,Very low
7113-HIPFI,Long Beach,90806,66,Two year,DSL,Mailed check,65.85,4097.05,Yes,Yes,Yes,Yes,No,No,0.9980711325845688,0.001928867415431202,0.2,Very low
7114-AEOZE,Big Bar,96010,60,Two year,No,Bank transfer (automatic),19.85,1128.1,No,No,No,No,No,No,0.9914305585431546,0.008569441456845295,0.9,Very low
7115-IRDHS,Sonora,95370,72,Two year,No,Bank transfer (automatic),24.65,1830.05,No,No,No,No,No,No,0.9893311114843272,0.010668888515672796,1.1,Very low
7123-WQUHX,Santa Monica,90401,38,One year,Fiber optic,Bank transfer (automatic),95.0,3605.6,No,No,Yes,Yes,Yes,No,0.8220989252175354,0.1779010747824646,17.8,Low
7126-RBHSD,Lathrop,95330,17,Month-to-month,Fiber optic,Electronic check,78.9,1348.95,Yes,No,No,No,No,No,0.43890662324759455,0.5610933767524054,56.1,High
7128-GGCNO,Laguna Hills,92653,46,Month-to-month,Fiber optic,Bank transfer (automatic),72.8,3249.4,No,No,No,No,No,No,0.7312837731109714,0.26871622688902863,26.9,Medium
7129-ACFOG,Mountain Ranch,95246,5,Month-to-month,DSL,Electronic check,53.8,283.95,Yes,No,No,No,No,No,0.5354448495973836,0.4645551504026164,46.5,High
7129-AZJDE,Huntington Beach,92647,34,One year,Fiber optic,Bank transfer (automatic),78.95,2647.2,No,No,No,No,No,Yes,0.915943898476514,0.08405610152348593,8.4,Very low
7129-CAKJW,Fresno,93721,17,Month-to-month,Fiber optic,Bank transfer (automatic),80.05,1345.65,No,No,Yes,No,No,No,0.5148160420087748,0.48518395799122516,48.5,High
7130-CTCUS,Springville,93265,16,Month-to-month,DSL,Bank transfer (automatic),54.55,825.1,Yes,Yes,No,No,No,No,0.7335818059299408,0.2664181940700592,26.6,Medium
7130-YXBRO,Cool,95614,48,Month-to-month,Fiber optic,Bank transfer (automatic),111.45,5315.1,Yes,Yes,Yes,No,Yes,Yes,0.5911154579056125,0.4088845420943875,40.9,Medium
7131-ZQZNK,Clovis,93612,60,Two year,DSL,Credit card (automatic),59.85,3590.2,Yes,No,Yes,Yes,Yes,Yes,0.969044139274127,0.03095586072587297,3.1,Very low
7134-HBPBS,Adelanto,92301,72,Two year,Fiber optic,Bank transfer (automatic),108.1,7774.05,No,Yes,Yes,Yes,Yes,Yes,0.9381558272385309,0.061844172761469154,6.2,Very low
7134-MJPDY,Moorpark,93021,66,One year,Fiber optic,Credit card (automatic),102.85,6976.75,No,No,Yes,Yes,Yes,Yes,0.8695328672458893,0.13046713275411073,13.0,Low
7136-IHZJA,Santa Fe Springs,90670,40,Month-to-month,DSL,Mailed check,71.35,2847.2,Yes,Yes,No,Yes,No,Yes,0.9691358752702777,0.030864124729722345,3.1,Very low
7137-NAXML,Moss Beach,94038,23,One year,No,Bank transfer (automatic),20.15,405.6,No,No,No,No,No,No,0.9490727063985172,0.05092729360148288,5.1,Very low
7138-GIRSH,Camarillo,93012,50,Two year,DSL,Bank transfer (automatic),69.5,3418.2,No,No,Yes,Yes,No,Yes,0.9673603909554888,0.032639609044511235,3.3,Very low
7139-JZFVG,Huntington Beach,92646,60,Two year,DSL,Bank transfer (automatic),60.5,3694.45,Yes,Yes,Yes,No,No,No,0.9970120710125497,0.0029879289874502972,0.3,Very low
7140-ADSMJ,Los Banos,93635,8,Month-to-month,No,Credit card (automatic),20.45,162.3,No,No,No,No,No,No,0.7996729832804089,0.2003270167195911,20.0,Low
7143-BQIBA,Petaluma,94954,10,Month-to-month,DSL,Bank transfer (automatic),62.25,612.95,Yes,No,No,Yes,Yes,No,0.8036600085624658,0.1963399914375342,19.6,Low
7145-FEJWU,San Francisco,94134,12,Month-to-month,Fiber optic,Electronic check,105.3,1275.65,No,Yes,Yes,No,Yes,Yes,0.5829002432355888,0.4170997567644113,41.7,Medium
7147-AYBAA,Berkeley,94702,37,Month-to-month,Fiber optic,Mailed check,70.35,2552.9,No,No,No,No,No,No,0.6425044640967044,0.3574955359032956,35.7,Medium
7148-XZPHA,Rancho Cordova,95670,55,Month-to-month,Fiber optic,Electronic check,79.4,4238.45,No,Yes,No,Yes,No,No,0.9549431383955576,0.0450568616044424,4.5,Very low
7153-CHRBV,San Andreas,95249,57,One year,DSL,Mailed check,59.3,3274.35,Yes,No,Yes,Yes,No,No,0.9928332183002141,0.007166781699785904,0.7,Very low
7156-MXBJE,San Diego,92127,43,One year,DSL,Credit card (automatic),85.1,3662.25,No,Yes,Yes,Yes,Yes,Yes,0.9221095749618828,0.07789042503811712,7.8,Very low
7157-SMCFK,Valencia,91355,61,Two year,No,Mailed check,19.75,1124.2,No,No,No,No,No,No,0.9981506052020741,0.0018493947979258414,0.2,Very low
7159-FVYPK,Beaumont,92223,3,Month-to-month,DSL,Bank transfer (automatic),69.15,235.0,No,Yes,Yes,No,Yes,No,0.7772634895406555,0.22273651045934453,22.3,Low
7159-NOKYQ,Montebello,90640,67,Two year,Fiber optic,Electronic check,93.15,6368.2,No,Yes,Yes,No,No,Yes,0.8652273995105924,0.13477260048940762,13.5,Low
7161-DFHUF,Shasta,96087,71,Two year,No,Mailed check,23.85,1672.1,No,No,No,No,No,No,0.9878409529127915,0.012159047087208523,1.2,Very low
7162-WPHPM,Elk,95432,58,Two year,DSL,Credit card (automatic),71.6,4230.25,Yes,Yes,Yes,Yes,No,No,0.9969510540397934,0.003048945960206496,0.3,Very low
7163-OCEQI,Walnut Creek,94596,22,One year,DSL,Mailed check,78.65,1663.75,No,No,Yes,Yes,Yes,Yes,0.9221789637071948,0.07782103629280519,7.8,Very low
7164-BPTUT,Banning,92220,57,Two year,DSL,Mailed check,89.55,5012.35,Yes,Yes,Yes,Yes,Yes,Yes,0.9951831188398876,0.004816881160112329,0.5,Very low
7167-PCEYD,Ridgecrest,93555,67,Two year,No,Mailed check,19.8,1311.3,No,No,No,No,No,No,0.989207165864193,0.010792834135806985,1.1,Very low
7168-HDQHG,Brownsville,95919,36,Month-to-month,No,Bank transfer (automatic),19.2,702.9,No,No,No,No,No,No,0.98163851089047,0.01836148910952996,1.8,Very low
7169-YWAMK,Sunol,94586,72,Two year,DSL,Bank transfer (automatic),68.4,4855.35,Yes,Yes,No,Yes,Yes,No,0.9980532466745071,0.0019467533254928493,0.2,Very low
7173-TETGO,Lytle Creek,92358,72,Two year,Fiber optic,Bank transfer (automatic),78.5,5602.25,Yes,No,No,No,No,No,0.9628447981423518,0.037155201857648215,3.7,Very low
7175-NTIXE,Redwood City,94061,25,Month-to-month,DSL,Credit card (automatic),76.15,1992.95,Yes,No,No,Yes,Yes,Yes,0.7957910938022708,0.20420890619772927,20.4,Low
7176-WIONM,Bishop,93514,12,Month-to-month,DSL,Bank transfer (automatic),49.85,617.15,No,No,Yes,No,Yes,Yes,0.35781052978949046,0.6421894702105095,64.2,High
7176-WRTNX,Ventura,93004,70,Two year,Fiber optic,Bank transfer (automatic),114.95,7711.25,Yes,Yes,Yes,Yes,Yes,Yes,0.9538328414602106,0.046167158539789345,4.6,Very low
7181-OQCUT,Fresno,93706,21,Month-to-month,Fiber optic,Mailed check,103.85,2215.0,Yes,No,Yes,No,Yes,Yes,0.4732601560126798,0.5267398439873202,52.7,High
7182-OVLBJ,Kenwood,95452,62,Two year,Fiber optic,Bank transfer (automatic),101.15,6638.35,Yes,No,No,No,Yes,Yes,0.974615748133913,0.025384251866086987,2.5,Very low
7184-LRUUR,Los Banos,93635,22,One year,DSL,Bank transfer (automatic),65.25,1441.8,No,Yes,Yes,No,Yes,No,0.8791111658570442,0.12088883414295579,12.1,Low
7188-CBBBA,Rowland Heights,91748,65,One year,Fiber optic,Electronic check,95.5,6153.85,No,Yes,Yes,No,Yes,No,0.817346714032681,0.18265328596731903,18.3,Low
7190-XHTWJ,Newbury Park,91320,38,One year,No,Mailed check,19.3,755.5,No,No,No,No,No,No,0.965955920717281,0.03404407928271906,3.4,Very low
7191-ADRGF,Torrance,90504,44,Two year,DSL,Bank transfer (automatic),54.3,2390.45,No,Yes,Yes,No,Yes,Yes,0.9038582870413518,0.09614171295864817,9.6,Very low
7196-LIWRH,Oroville,95965,6,Two year,No,Mailed check,19.55,124.45,No,No,No,No,No,No,0.9445799895428406,0.05542001045715939,5.5,Very low
7197-VOJMM,Calpine,96124,67,Two year,DSL,Credit card (automatic),69.2,4671.65,Yes,Yes,No,Yes,No,Yes,0.9848466947130308,0.015153305286969182,1.5,Very low
7203-OYKCT,Palo Verde,92266,72,One year,Fiber optic,Electronic check,104.95,7544.3,No,Yes,Yes,No,Yes,Yes,0.8105283190771861,0.1894716809228139,18.9,Low
7205-BAIAD,Fillmore,93015,40,Two year,No,Bank transfer (automatic),20.6,827.3,No,No,No,No,No,No,0.9764029461014748,0.023597053898525164,2.4,Very low
7206-PQBBZ,Fontana,92336,11,Month-to-month,Fiber optic,Electronic check,70.2,834.7,No,No,No,No,No,No,0.2960975644189836,0.7039024355810164,70.4,Very high
7208-PSIHR,Klamath,95548,70,Two year,Fiber optic,Bank transfer (automatic),104.3,7188.5,No,No,Yes,Yes,Yes,Yes,0.9075205055439948,0.09247949445600517,9.2,Very low
7216-KAOID,Santa Rosa,95401,41,One year,No,Bank transfer (automatic),19.5,798.2,No,No,No,No,No,No,0.9923624184088138,0.0076375815911861765,0.8,Very low
7217-JYHOQ,Burbank,91505,24,Month-to-month,DSL,Credit card (automatic),70.3,1706.45,Yes,Yes,No,Yes,No,Yes,0.9546176923388422,0.04538230766115777,4.5,Very low
7219-TLZHO,Montebello,90640,4,Month-to-month,No,Mailed check,20.85,62.9,No,No,No,No,No,No,0.9428857614236784,0.057114238576321606,5.7,Very low
7225-CBZPL,Earlimart,93219,17,Month-to-month,Fiber optic,Electronic check,94.8,1563.9,No,No,No,No,Yes,Yes,0.17328813000896293,0.8267118699910371,82.7,Very high
7225-IILWY,Turlock,95380,68,Two year,No,Mailed check,25.75,1686.15,No,No,No,No,No,No,0.9972723912952304,0.002727608704769641,0.3,Very low
7228-PAQPD,Vidal,92280,14,One year,DSL,Credit card (automatic),59.1,772.85,No,No,No,Yes,No,Yes,0.8809628953992618,0.1190371046007382,11.9,Low
7233-DRTRF,Fresno,93701,63,Month-to-month,Fiber optic,Electronic check,102.4,6444.05,No,Yes,Yes,No,Yes,Yes,0.5333019401510661,0.46669805984893387,46.7,High
7233-IOQNP,Gazelle,96034,43,Month-to-month,DSL,Bank transfer (automatic),34.0,1505.35,Yes,No,No,Yes,No,No,0.8864183420404885,0.11358165795951145,11.4,Low
7233-PAHHL,South Gate,90280,66,Two year,DSL,Mailed check,84.0,5714.25,Yes,No,Yes,Yes,Yes,Yes,0.9633296506672885,0.036670349332711565,3.7,Very low
7234-KMNRQ,Pacific Palisades,90272,4,Month-to-month,No,Mailed check,19.0,73.45,No,No,No,No,No,No,0.8104738073320972,0.18952619266790283,19.0,Low
7241-AJHFS,Hollister,95023,32,Month-to-month,Fiber optic,Bank transfer (automatic),87.65,2766.4,Yes,No,No,Yes,No,No,0.7745680567370992,0.2254319432629009,22.5,Low
7242-EDTYC,Pine Valley,91962,44,Two year,No,Bank transfer (automatic),19.55,819.95,No,No,No,No,No,No,0.9970346258013335,0.0029653741986665097,0.3,Very low
7243-LCGGZ,Alhambra,91801,1,Month-to-month,No,Mailed check,20.9,20.9,No,No,No,No,No,No,0.7968245159733536,0.20317548402664645,20.3,Low
7244-KXYZN,Modesto,95357,24,One year,No,Credit card (automatic),20.45,527.35,No,No,No,No,No,No,0.9537575315851895,0.046242468414810466,4.6,Very low
7244-QWYHG,San Diego,92154,50,One year,DSL,Bank transfer (automatic),44.45,2188.45,Yes,No,No,Yes,Yes,No,0.9140549119714769,0.08594508802852305,8.6,Very low
7245-JMTTQ,Baldwin Park,91706,51,One year,Fiber optic,Electronic check,111.5,5703.25,No,Yes,Yes,Yes,Yes,Yes,0.7496765558938597,0.25032344410614027,25.0,Medium
7245-NIIWQ,Fellows,93224,3,Month-to-month,Fiber optic,Electronic check,69.85,199.85,No,No,No,No,No,No,0.3066885747267314,0.6933114252732686,69.3,Very high
7246-ZGQDF,Victorville,92394,1,Month-to-month,DSL,Electronic check,54.5,54.5,Yes,No,No,Yes,No,No,0.9346047645047721,0.0653952354952278,6.5,Very low
7247-XOZPB,Miramonte,93641,53,One year,DSL,Bank transfer (automatic),77.4,4155.95,Yes,No,Yes,Yes,Yes,No,0.9518658309498229,0.0481341690501771,4.8,Very low
7251-LJBQN,Strathmore,93267,40,One year,Fiber optic,Credit card (automatic),103.75,4188.4,No,No,Yes,Yes,Yes,Yes,0.735402024566277,0.264597975433723,26.5,Medium
7251-XFOIL,Coulterville,95311,61,Month-to-month,Fiber optic,Mailed check,89.2,5500.6,No,No,Yes,No,No,Yes,0.7639936936373913,0.23600630636260866,23.6,Low
7252-NTGSS,Redondo Beach,90277,1,Month-to-month,DSL,Mailed check,45.15,45.15,No,No,No,No,No,No,0.6476353254769411,0.35236467452305886,35.2,Medium
7255-SSFBC,Northridge,91324,72,Two year,Fiber optic,Bank transfer (automatic),112.25,8041.65,No,Yes,Yes,Yes,Yes,Yes,0.9830982662835186,0.01690173371648145,1.7,Very low
7266-GSSJX,West Sacramento,95605,11,Month-to-month,No,Electronic check,20.45,250.8,No,No,No,No,No,No,0.9166007821368469,0.08339921786315303,8.3,Very low
7267-FRMJW,Sierra Madre,91024,25,Two year,No,Mailed check,20.1,486.05,No,No,No,No,No,No,0.9919288882999932,0.008071111700006817,0.8,Very low
7268-IGMFD,Avila Beach,93424,18,Month-to-month,Fiber optic,Bank transfer (automatic),93.9,1743.9,No,No,Yes,Yes,Yes,No,0.5253858462549468,0.4746141537450533,47.5,High
7268-WNTCP,Blocksburg,95514,62,Two year,No,Bank transfer (automatic),20.45,1297.35,No,No,No,No,No,No,0.9978502307326449,0.0021497692673550645,0.2,Very low
7269-JISCY,Los Alamitos,90720,55,One year,DSL,Bank transfer (automatic),45.05,2462.6,No,No,No,No,No,No,0.962960983303656,0.03703901669634404,3.7,Very low
7271-AJDTL,Sacramento,95816,55,Month-to-month,Fiber optic,Credit card (automatic),94.45,5073.1,No,Yes,Yes,No,Yes,No,0.6386105328240688,0.3613894671759312,36.1,Medium
7272-QDCKA,Oroville,95965,28,One year,Fiber optic,Electronic check,100.2,2688.45,No,Yes,No,No,Yes,Yes,0.5767422628909633,0.42325773710903664,42.3,Medium
7274-CGTOD,San Geronimo,94963,62,Two year,DSL,Bank transfer (automatic),43.7,2618.3,Yes,Yes,Yes,Yes,No,No,0.9826152338309165,0.01738476616908344,1.7,Very low
7277-KAMWT,San Leandro,94578,13,Two year,No,Credit card (automatic),20.0,268.45,No,No,No,No,No,No,0.961167391519892,0.038832608480108013,3.9,Very low
7277-OZCGZ,Spring Valley,91978,22,Month-to-month,Fiber optic,Electronic check,89.05,1886.25,Yes,No,No,Yes,No,Yes,0.5650021831135634,0.43499781688643663,43.5,Medium
7278-CKDNC,Fresno,93701,24,Month-to-month,Fiber optic,Electronic check,80.5,2088.45,No,Yes,No,No,No,No,0.4060687752264708,0.5939312247735292,59.4,High
7279-NMVJC,Compton,90220,17,One year,No,Bank transfer (automatic),19.9,323.15,No,No,No,No,No,No,0.9392115130706364,0.060788486929363575,6.1,Very low
7284-BUYEC,Tulelake,96134,5,Month-to-month,DSL,Credit card (automatic),50.95,229.4,No,Yes,No,No,Yes,Yes,0.40227657798880645,0.5977234220111936,59.8,High
7284-ZZLOH,Alta,95701,45,Two year,DSL,Credit card (automatic),53.3,2296.25,Yes,No,Yes,No,No,No,0.974226734760876,0.025773265239124047,2.6,Very low
7285-KLOTR,Pacifica,94044,12,One year,DSL,Electronic check,78.85,876.75,Yes,No,Yes,No,Yes,Yes,0.6563012266674408,0.34369877333255916,34.4,Medium
7291-CDTMJ,Laguna Beach,92651,1,Month-to-month,No,Bank transfer (automatic),19.65,19.65,No,No,No,No,No,No,0.7493936779975581,0.250606322002442,25.1,Medium
7293-LSCDV,Santa Ana,92704,60,Two year,No,Credit card (automatic),19.25,1103.25,No,No,No,No,No,No,0.9969371660505509,0.003062833949449018,0.3,Very low
7296-PIXQY,Bodega,94922,14,Month-to-month,Fiber optic,Electronic check,70.2,1046.5,No,No,No,No,No,No,0.7766411463183399,0.22335885368166009,22.3,Low
7297-DVYGA,West Covina,91790,51,One year,No,Bank transfer (automatic),19.85,996.95,No,No,No,No,No,No,0.9714181395045238,0.02858186049547621,2.9,Very low
7298-IZWLY,Gardena,90249,1,Month-to-month,No,Mailed check,19.4,19.4,No,No,No,No,No,No,0.7332477165499767,0.26675228345002333,26.7,Medium
7299-GNVPL,El Portal,95318,23,Month-to-month,Fiber optic,Mailed check,84.4,1936.85,Yes,Yes,No,Yes,No,No,0.9329434877028778,0.06705651229712215,6.7,Very low
7301-ABVAD,Valley Village,91607,72,Two year,DSL,Bank transfer (automatic),86.6,6350.5,No,Yes,Yes,Yes,Yes,Yes,0.9812993531557384,0.01870064684426161,1.9,Very low
7302-ZHMHP,Coronado,92118,1,Month-to-month,No,Mailed check,19.15,19.15,No,No,No,No,No,No,0.7968245159733536,0.20317548402664645,20.3,Low
7305-ZWMAJ,Oakdale,95361,30,One year,No,Credit card (automatic),20.7,587.1,No,No,No,No,No,No,0.9493532047471892,0.05064679525281084,5.1,Very low
7306-YDSOI,Ocotillo,92259,69,Two year,DSL,Bank transfer (automatic),59.75,4069.9,Yes,Yes,Yes,No,No,No,0.9968510657749045,0.003148934225095575,0.3,Very low
7310-EGVHZ,Los Angeles,90036,1,Month-to-month,No,Bank transfer (automatic),20.2,20.2,No,No,No,No,No,No,0.8101188249331256,0.18988117506687438,19.0,Low
7311-MQJCH,Temecula,92592,5,One year,No,Electronic check,19.55,99.6,No,No,No,No,No,No,0.8768370532406694,0.12316294675933062,12.3,Low
7312-XSBAT,Bakersfield,93305,1,Month-to-month,DSL,Electronic check,49.75,49.75,Yes,No,No,No,No,No,0.666042847253443,0.33395715274655696,33.4,Medium
7315-WYOAW,Santa Monica,90405,13,Month-to-month,Fiber optic,Electronic check,100.75,1313.25,No,No,No,Yes,Yes,Yes,0.3315579893037398,0.6684420106962602,66.8,Very high
7318-EIVKO,Shandon,93461,8,Month-to-month,DSL,Electronic check,59.25,436.6,No,No,No,No,Yes,No,0.39401360308969824,0.6059863969103018,60.6,High
7319-VENRZ,Rancho Santa Margarita,92688,7,Month-to-month,DSL,Bank transfer (automatic),64.3,445.95,No,No,Yes,Yes,Yes,No,0.7229390686664003,0.2770609313335997,27.7,Medium
7319-ZNRTR,Rio Linda,95673,25,One year,No,Electronic check,19.6,411.15,No,No,No,No,No,No,0.9812497823185136,0.01875021768148649,1.9,Very low
7321-KKSDU,San Marino,91108,32,Two year,No,Mailed check,20.5,696.8,No,No,No,No,No,No,0.9951092064243401,0.004890793575659894,0.5,Very low
7321-VGNKU,Paskenta,96074,2,Month-to-month,Fiber optic,Electronic check,70.35,120.25,No,No,No,No,No,No,0.24372987562633908,0.7562701243736609,75.6,Very high
7321-ZNSLA,Cottonwood,96022,13,Two year,DSL,Mailed check,40.55,590.35,Yes,Yes,No,Yes,No,No,0.9812970143521527,0.018702985647847382,1.9,Very low
7322-OCWHC,Placentia,92870,72,Two year,Fiber optic,Bank transfer (automatic),93.05,6735.05,Yes,Yes,Yes,Yes,No,No,0.9660059506375598,0.03399404936244021,3.4,Very low
7325-ENZFI,Santa Cruz,95064,39,One year,DSL,Bank transfer (automatic),40.3,1630.4,Yes,Yes,No,Yes,No,No,0.9363868164806125,0.06361318351938754,6.4,Very low
7326-RIGQZ,Culver City,90230,6,Month-to-month,Fiber optic,Electronic check,69.8,377.85,No,No,No,No,No,No,0.6473222383032801,0.35267776169671994,35.3,Medium
7328-OWMOM,San Diego,92111,31,One year,No,Credit card (automatic),20.1,589.25,No,No,No,No,No,No,0.963101500910453,0.036898499089546975,3.7,Very low
7328-ZJAJO,Santa Rosa,95409,59,Two year,No,Credit card (automatic),19.5,1222.65,No,No,No,No,No,No,0.9977779683106731,0.0022220316893268623,0.2,Very low
7336-RLLRH,Oceanside,92054,27,One year,DSL,Mailed check,80.85,2204.35,Yes,No,No,Yes,Yes,Yes,0.8488729178255163,0.15112708217448373,15.1,Low
7337-CINUD,Mokelumne Hill,95245,8,Two year,No,Bank transfer (automatic),19.5,159.35,No,No,No,No,No,No,0.9871070359163522,0.012892964083647795,1.3,Very low
7338-ERIVA,Etna,96027,39,One year,DSL,Bank transfer (automatic),45.05,1790.6,Yes,No,No,Yes,Yes,No,0.9329304172711876,0.06706958272881236,6.7,Very low
7339-POGZN,Pasadena,91107,4,Month-to-month,DSL,Electronic check,50.7,214.55,No,No,No,No,No,No,0.5237732481321753,0.4762267518678247,47.6,High
7340-KEFQE,Santa Ana,92703,51,Two year,DSL,Bank transfer (automatic),34.2,1782.0,Yes,No,No,Yes,No,No,0.9947500946880499,0.005249905311950146,0.5,Very low
7343-EOBEU,Laguna Niguel,92677,3,Month-to-month,No,Mailed check,23.6,89.05,No,No,No,No,No,No,0.6080509468320459,0.3919490531679542,39.2,Medium
7346-MEDWM,Cathedral City,92234,59,Month-to-month,Fiber optic,Electronic check,83.25,4949.1,No,Yes,Yes,No,No,No,0.7011553263697017,0.2988446736302983,29.9,Medium
7349-ALMUX,Rancho Cucamonga,91730,37,Two year,DSL,Bank transfer (automatic),65.6,2313.8,Yes,Yes,Yes,Yes,No,No,0.9826309650116233,0.01736903498837674,1.7,Very low
7351-KYHQH,Montague,96064,7,Month-to-month,DSL,Electronic check,64.95,493.65,No,Yes,Yes,No,Yes,No,0.49917046271608634,0.5008295372839137,50.1,High
7351-MHQVU,Volcano,95689,6,Month-to-month,DSL,Credit card (automatic),50.95,307.6,Yes,Yes,No,Yes,No,Yes,0.7286038794952674,0.27139612050473255,27.1,Medium
7353-YOWFP,Brookdale,95007,7,One year,No,Mailed check,20.25,129.15,No,No,No,No,No,No,0.9090950415297931,0.0909049584702068,9.1,Very low
7354-OIJLX,Inglewood,90305,9,Month-to-month,Fiber optic,Electronic check,75.85,724.65,No,No,No,No,No,No,0.27486606040758743,0.7251339395924126,72.5,Very high
7356-AYNJP,Stockton,95219,4,One year,No,Electronic check,23.9,97.5,No,No,No,No,No,No,0.8302360681333019,0.1697639318666982,17.0,Low
7356-IWLFW,Weott,95571,46,Month-to-month,Fiber optic,Bank transfer (automatic),80.0,3769.7,No,Yes,No,No,No,No,0.8898655252385168,0.11013447476148325,11.0,Low
7359-WWYJV,Los Angeles,90044,72,Two year,Fiber optic,Credit card (automatic),114.45,8375.05,Yes,Yes,Yes,Yes,Yes,Yes,0.9616258603050051,0.03837413969499497,3.8,Very low
7361-YPXFS,Brawley,92227,28,Month-to-month,DSL,Bank transfer (automatic),64.45,1867.6,No,Yes,Yes,Yes,No,No,0.8473127600073057,0.1526872399926943,15.3,Low
7363-QTBIW,Scotts Valley,95066,9,Month-to-month,Fiber optic,Electronic check,79.75,769.1,No,No,No,No,No,Yes,0.23812737974604548,0.7618726202539545,76.2,Very high
7365-BVCJH,Trinity Center,96091,1,Month-to-month,DSL,Electronic check,24.4,24.4,No,No,No,No,No,No,0.3728091978292951,0.6271908021707049,62.7,High
7369-TRPFD,Chatsworth,91311,19,One year,No,Mailed check,18.8,279.2,No,No,No,No,No,No,0.9365480967209056,0.06345190327909445,6.3,Very low
7375-WMVMT,Wildomar,92595,71,Two year,Fiber optic,Credit card (automatic),95.5,6707.15,No,Yes,Yes,Yes,No,Yes,0.9558025123355685,0.04419748766443157,4.4,Very low
7379-FNIUJ,Olympic Valley,96146,2,Month-to-month,Fiber optic,Electronic check,100.2,198.5,Yes,Yes,No,No,Yes,Yes,0.3568731848420881,0.6431268151579119,64.3,High
7382-DFJTU,Lakeshore,93634,18,Month-to-month,DSL,Credit card (automatic),55.2,1058.1,No,No,Yes,Yes,No,No,0.8419646014800919,0.15803539851990817,15.8,Low
7389-KBFIT,Big Pine,93513,2,Month-to-month,DSL,Mailed check,30.25,63.75,No,Yes,No,No,No,No,0.7762618907382304,0.22373810926176968,22.4,Low
7392-YYPYJ,Santa Ana,92706,22,Month-to-month,Fiber optic,Electronic check,100.65,2415.95,No,Yes,No,No,Yes,Yes,0.2724836675151934,0.7275163324848066,72.8,Very high
7394-LWLYN,Oakland,94610,2,Month-to-month,Fiber optic,Electronic check,70.15,123.8,No,No,No,No,No,No,0.2995826469165881,0.7004173530834119,70.0,Very high
7395-XWZOY,Suisun City,94585,20,Month-to-month,DSL,Credit card (automatic),55.0,1165.55,Yes,Yes,Yes,Yes,Yes,No,0.7471962955497501,0.2528037044502499,25.3,Medium
7396-VJUZB,Willow Creek,95573,4,Month-to-month,DSL,Mailed check,45.25,155.35,No,No,No,No,No,No,0.884074851984592,0.11592514801540799,11.6,Low
7398-HPYZQ,Beaumont,92223,71,Two year,DSL,Bank transfer (automatic),90.55,6404.0,Yes,Yes,Yes,Yes,Yes,Yes,0.9819757941716115,0.018024205828388474,1.8,Very low
7398-LXGYX,Pioneertown,92268,44,Month-to-month,Fiber optic,Credit card (automatic),84.8,3626.35,Yes,No,Yes,No,No,No,0.6762767910128149,0.3237232089871851,32.4,Medium
7398-SKNQZ,Downey,90241,3,Month-to-month,Fiber optic,Electronic check,94.9,273.2,No,No,No,No,Yes,Yes,0.16223598532823624,0.8377640146717638,83.8,Very high
7399-QHBJS,Escondido,92027,72,Two year,DSL,Credit card (automatic),66.75,4760.3,Yes,Yes,No,Yes,No,No,0.9980846905318214,0.0019153094681785975,0.2,Very low
7401-JIXNM,Arvin,93203,54,Two year,DSL,Credit card (automatic),91.3,4965.0,Yes,Yes,Yes,Yes,Yes,Yes,0.9705097876747627,0.029490212325237256,2.9,Very low
7401-RUBNK,South Dos Palos,93665,18,Month-to-month,Fiber optic,Electronic check,74.8,1438.05,Yes,No,No,No,No,No,0.5324321576630793,0.4675678423369208,46.8,High
7402-EYFXX,Salyer,95563,26,Month-to-month,Fiber optic,Electronic check,93.6,2404.1,No,No,No,No,Yes,Yes,0.2735485995079804,0.7264514004920196,72.6,Very high
7402-PWYJJ,Sacramento,95841,53,One year,Fiber optic,Electronic check,91.15,4862.5,No,No,No,Yes,No,Yes,0.7398155448637899,0.26018445513621014,26.0,Medium
7404-JLKQG,Glennville,93226,3,Month-to-month,DSL,Electronic check,57.55,161.45,No,No,Yes,No,Yes,No,0.5330236118399025,0.46697638816009746,46.7,High
7407-SUJIZ,Los Angeles,90061,25,Month-to-month,No,Mailed check,20.6,541.5,No,No,No,No,No,No,0.896555314678918,0.10344468532108202,10.3,Low
7408-OFWXJ,Fresno,93728,72,Two year,DSL,Credit card (automatic),89.8,6510.45,Yes,Yes,Yes,Yes,Yes,Yes,0.9836858779480817,0.016314122051918338,1.6,Very low
7409-JURKQ,Temple City,91780,53,One year,Fiber optic,Bank transfer (automatic),111.8,5809.75,No,Yes,Yes,Yes,Yes,Yes,0.7776921366679145,0.22230786333208555,22.2,Low
7410-OIEDU,Culver City,90230,10,Month-to-month,Fiber optic,Mailed check,79.85,887.35,Yes,No,Yes,No,No,No,0.5164663148724593,0.48353368512754075,48.4,High
7416-CKTEP,Lakewood,90715,57,Two year,No,Bank transfer (automatic),19.6,1134.25,No,No,No,No,No,No,0.9822170872826701,0.017782912717329916,1.8,Very low
7421-ZLUPA,Hanford,93230,8,Month-to-month,DSL,Mailed check,29.25,226.95,No,Yes,No,No,No,No,0.5273333946165153,0.47266660538348465,47.3,High
7422-WNBTY,Green Valley Lake,92341,33,Month-to-month,Fiber optic,Electronic check,93.35,3092.0,No,Yes,Yes,No,No,Yes,0.3576956899886171,0.6423043100113829,64.2,High
7426-GSWPO,Portola,96122,64,Month-to-month,Fiber optic,Bank transfer (automatic),103.5,6548.65,Yes,Yes,No,No,Yes,Yes,0.7592540150289704,0.24074598497102956,24.1,Low
7426-RHZGU,Oakland,94603,9,Month-to-month,Fiber optic,Bank transfer (automatic),95.9,827.45,No,No,No,Yes,Yes,Yes,0.38270513570205167,0.6172948642979483,61.7,High
7426-WEIJX,Olympic Valley,96146,60,Month-to-month,Fiber optic,Electronic check,80.95,4859.1,Yes,No,No,No,No,No,0.9189817383191572,0.08101826168084283,8.1,Very low
7427-AUFPY,Hamilton City,95951,54,Two year,No,Credit card (automatic),19.65,1008.7,No,No,No,No,No,No,0.9899303738354496,0.010069626164550448,1.0,Very low
7432-FFVAR,Victorville,92392,46,One year,Fiber optic,Bank transfer (automatic),90.95,4236.6,No,No,Yes,Yes,No,Yes,0.971159544203633,0.028840455796366925,2.9,Very low
7435-ZNUYY,Loleta,95551,6,One year,No,Mailed check,20.6,116.6,No,No,No,No,No,No,0.9050469405441318,0.09495305945586822,9.5,Very low
7439-DKZTW,Paicines,95043,1,Month-to-month,Fiber optic,Electronic check,80.55,80.55,No,No,No,No,Yes,No,0.23366704481428857,0.7663329551857114,76.6,Very high
7442-YGZFK,Campo,91906,1,Month-to-month,DSL,Credit card (automatic),49.8,49.8,No,No,No,No,No,No,0.5122473759768293,0.48775262402317066,48.8,High
7445-WMRBW,Hathaway Pines,95233,48,One year,DSL,Bank transfer (automatic),73.85,3581.4,No,Yes,Yes,Yes,Yes,No,0.9239225788137562,0.0760774211862438,7.6,Very low
7446-KQISO,Visalia,93292,45,Two year,Fiber optic,Bank transfer (automatic),109.75,4900.65,No,Yes,Yes,Yes,Yes,Yes,0.9591062344382372,0.04089376556176284,4.1,Very low
7446-SFAOA,Santa Rosa,95407,37,One year,No,Bank transfer (automatic),19.85,717.5,No,No,No,No,No,No,0.9411426826080106,0.058857317391989385,5.9,Very low
7446-YPODE,Bridgeport,93517,11,Month-to-month,DSL,Bank transfer (automatic),60.25,662.95,Yes,Yes,No,No,No,No,0.7579100180638672,0.24208998193613282,24.2,Low
7449-HVPIV,Chula Vista,91913,55,Month-to-month,Fiber optic,Credit card (automatic),90.4,5099.15,No,No,Yes,No,Yes,No,0.8876733249978694,0.11232667500213062,11.2,Low
7452-FOLON,Terra Bella,93270,39,One year,No,Bank transfer (automatic),25.45,958.45,No,No,No,No,No,No,0.9913448517526466,0.008655148247353379,0.9,Very low
7459-IMVYU,Chino Hills,91709,38,Month-to-month,DSL,Electronic check,69.95,2657.55,Yes,Yes,Yes,Yes,No,No,0.8864641805786233,0.11353581942137674,11.4,Low
7460-ITWWP,Oakland,94621,45,Month-to-month,Fiber optic,Electronic check,86.1,3861.45,No,No,Yes,No,No,Yes,0.5113395540806618,0.48866044591933816,48.9,High
7463-IFMQU,Laton,93242,72,Two year,No,Bank transfer (automatic),20.05,1423.65,No,No,No,No,No,No,0.9923969166910422,0.0076030833089577145,0.8,Very low
7465-ZZRVX,Ceres,95307,1,Month-to-month,Fiber optic,Electronic check,70.35,70.35,No,No,No,No,No,No,0.2896021683282817,0.7103978316717183,71.0,Very high
7469-LKBCI,Los Angeles,90013,16,Two year,No,Credit card (automatic),18.95,326.8,No,No,No,No,No,No,0.9647637203842317,0.03523627961576825,3.5,Very low
7470-DYNOE,Walnut,91789,53,One year,DSL,Electronic check,61.1,3357.9,No,No,Yes,No,No,Yes,0.9005182745107188,0.09948172548928123,9.9,Very low
7471-MQPOS,Long Beach,90808,71,One year,DSL,Bank transfer (automatic),72.9,5139.65,No,Yes,Yes,Yes,No,Yes,0.9899979880274248,0.010002011972575194,1.0,Very low
7471-WNSUF,San Francisco,94121,60,One year,No,Bank transfer (automatic),24.15,1505.9,No,No,No,No,No,No,0.9719366651726424,0.02806333482735758,2.8,Very low
7472-EQOAV,Laguna Niguel,92677,71,One year,Fiber optic,Bank transfer (automatic),86.7,6179.35,Yes,Yes,Yes,No,No,No,0.9875362941190967,0.012463705880903297,1.2,Very low
7473-ZBDSN,Walnut Creek,94595,14,Two year,No,Mailed check,18.8,255.55,No,No,No,No,No,No,0.9883568387241876,0.011643161275812495,1.2,Very low
7480-SPLEF,Dunlap,93621,69,Two year,No,Bank transfer (automatic),26.0,1796.55,No,No,No,No,No,No,0.9965927828159867,0.0034072171840133034,0.3,Very low
7483-IQWIB,Morongo Valley,92256,37,Month-to-month,Fiber optic,Electronic check,92.95,3415.25,No,Yes,Yes,No,Yes,No,0.7584772924448552,0.2415227075551448,24.2,Low
7492-TAFJD,Long Beach,90803,7,Two year,DSL,Mailed check,38.55,280.0,Yes,Yes,Yes,No,No,No,0.8608904091422938,0.1391095908577062,13.9,Low
7493-GVFIO,Stockton,95202,57,Two year,No,Credit card (automatic),20.55,1252.85,No,No,No,No,No,No,0.9908881849418598,0.00911181505814022,0.9,Very low
7501-IWUNG,Springville,93265,61,Two year,DSL,Bank transfer (automatic),73.8,4616.05,No,No,Yes,Yes,Yes,Yes,0.9603226022985804,0.039677397701419606,4.0,Very low
7501-VTYLJ,Sacramento,95864,2,Month-to-month,DSL,Mailed check,51.55,106.2,No,Yes,No,No,No,No,0.9144308134374471,0.08556918656255288,8.6,Very low
7502-BNYGS,Wasco,93280,46,Month-to-month,DSL,Credit card (automatic),69.1,3168.0,No,Yes,No,No,Yes,Yes,0.7661489054284594,0.23385109457154066,23.4,Low
7503-EPSZW,River Pines,95675,64,Two year,No,Mailed check,24.05,1559.15,No,No,No,No,No,No,0.995618750408373,0.004381249591627036,0.4,Very low
7503-MIOGA,Shandon,93461,72,Two year,DSL,Bank transfer (automatic),89.85,6697.35,Yes,Yes,Yes,Yes,Yes,Yes,0.9751201675797396,0.02487983242026039,2.5,Very low
7504-UWHNB,Vallejo,94591,25,Month-to-month,Fiber optic,Electronic check,69.75,1729.35,No,No,No,No,No,No,0.5659716645724377,0.4340283354275622,43.4,Medium
7508-DQAKK,Shingle Springs,95682,64,Two year,DSL,Credit card (automatic),86.4,5442.05,Yes,Yes,Yes,Yes,Yes,Yes,0.9771972998255951,0.022802700174404927,2.3,Very low
7508-KBIMB,Jamestown,95327,24,One year,DSL,Credit card (automatic),56.25,1454.25,Yes,No,Yes,No,No,No,0.9739953287848855,0.026004671215114523,2.6,Very low
7508-SMHXL,San Francisco,94109,15,Month-to-month,Fiber optic,Credit card (automatic),89.0,1288.3,No,Yes,No,No,Yes,No,0.45535393417420467,0.5446460658257953,54.5,High
7515-LODFU,Burney,96013,69,Two year,No,Credit card (automatic),20.3,1356.3,No,No,No,No,No,No,0.9937613123133503,0.006238687686649718,0.6,Very low
7516-GMHUV,Lakeshore,93634,50,Two year,Fiber optic,Credit card (automatic),105.05,5163.3,Yes,No,Yes,No,Yes,Yes,0.8403850349397617,0.15961496506023828,16.0,Low
7517-LDMPS,Modesto,95356,12,Month-to-month,Fiber optic,Electronic check,84.6,1017.35,No,Yes,No,No,No,Yes,0.33809669004142695,0.661903309958573,66.2,Very high
7519-JTWQH,Calipatria,92233,69,Two year,Fiber optic,Bank transfer (automatic),110.5,7455.45,No,Yes,Yes,Yes,Yes,Yes,0.933414154529234,0.06658584547076593,6.7,Very low
7520-HQWJU,Santa Ysabel,92070,66,Month-to-month,DSL,Bank transfer (automatic),67.45,4508.65,Yes,Yes,Yes,No,No,No,0.9825034564885267,0.017496543511473308,1.7,Very low
7521-AFHAB,Auberry,93602,5,Month-to-month,DSL,Mailed check,44.8,220.45,No,No,No,No,No,No,0.8889073003077181,0.1110926996922819,11.1,Low
7521-YXVZY,Placerville,95667,3,Month-to-month,No,Mailed check,19.95,58.3,No,No,No,No,No,No,0.9543014381774167,0.045698561822583215,4.6,Very low
7524-VRLPL,Manchester,95459,69,Two year,DSL,Credit card (automatic),74.1,5031.0,Yes,No,Yes,Yes,No,Yes,0.9882051477237315,0.011794852276268537,1.2,Very low
7526-IVLYU,San Francisco,94108,3,Month-to-month,No,Mailed check,19.65,68.35,No,No,No,No,No,No,0.7434639233960457,0.2565360766039543,25.7,Medium
7527-QNRUS,Escondido,92027,17,Two year,No,Mailed check,25.15,412.6,No,No,No,No,No,No,0.9787637114300485,0.021236288569951512,2.1,Very low
7529-ZDFXI,La Verne,91750,57,Month-to-month,Fiber optic,Electronic check,89.85,4925.35,No,Yes,No,No,No,Yes,0.5450525999088727,0.45494740009112733,45.5,High
7531-GQHME,San Jacinto,92582,12,Month-to-month,No,Credit card (automatic),20.05,265.45,No,No,No,No,No,No,0.8669448140283869,0.1330551859716131,13.3,Low
7537-CBQUZ,Castroville,95012,63,Month-to-month,Fiber optic,Bank transfer (automatic),109.4,7031.45,Yes,Yes,Yes,No,Yes,Yes,0.756621766382939,0.24337823361706099,24.3,Low
7537-RBWEA,Petrolia,95558,1,Month-to-month,DSL,Mailed check,25.15,25.15,No,No,No,No,No,No,0.4419505271714995,0.5580494728285005,55.8,High
7542-CYDDM,Turlock,95382,18,Month-to-month,No,Mailed check,20.05,358.5,No,No,No,No,No,No,0.8725889257673674,0.12741107423263262,12.7,Low
7544-ZVIKX,Roseville,95678,58,One year,Fiber optic,Bank transfer (automatic),105.05,6004.85,No,No,Yes,Yes,Yes,Yes,0.9487446326881737,0.051255367311826366,5.1,Very low
7550-WIQVA,Rocklin,95677,50,One year,Fiber optic,Electronic check,108.25,5431.4,Yes,Yes,Yes,No,Yes,Yes,0.918219605321052,0.08178039467894804,8.2,Very low
7552-KEYGT,Platina,96076,27,Two year,No,Bank transfer (automatic),19.55,520.55,No,No,No,No,No,No,0.9658879397651937,0.034112060234806306,3.4,Very low
7554-AKDQF,Sierra Madre,91024,6,Month-to-month,DSL,Mailed check,45.65,323.45,No,No,No,No,No,No,0.6210028516169435,0.37899714838305654,37.9,Medium
7554-NEWDD,Long Beach,90815,10,Two year,No,Bank transfer (automatic),25.7,251.6,No,No,No,No,No,No,0.9377721230792834,0.06222787692071667,6.2,Very low
7558-IMLMT,Stanton,90680,67,Two year,No,Mailed check,20.8,1411.9,No,No,No,No,No,No,0.9971410274551409,0.0028589725448590663,0.3,Very low
7560-QJAVJ,Biggs,95917,70,Two year,DSL,Bank transfer (automatic),79.6,5589.45,Yes,No,Yes,Yes,Yes,Yes,0.9889729065278017,0.0110270934721983,1.1,Very low
7560-QRBXH,Woodland,95695,48,One year,No,Mailed check,19.95,936.7,No,No,No,No,No,No,0.9754421157110809,0.024557884288919165,2.5,Very low
7562-UXTPG,Canoga Park,91303,13,Month-to-month,Fiber optic,Mailed check,70.15,886.7,No,No,No,No,No,No,0.44850630698479754,0.5514936930152025,55.1,High
7564-GHCVB,San Simeon,93452,72,Two year,Fiber optic,Bank transfer (automatic),79.05,5730.7,Yes,No,No,No,No,No,0.963623089243134,0.03637691075686598,3.6,Very low
7566-DSRLQ,Rancho Cucamonga,91701,72,Two year,Fiber optic,Electronic check,110.15,7998.8,No,Yes,Yes,Yes,Yes,Yes,0.8896402095256009,0.1103597904743992,11.0,Low
7567-ECMCM,Danville,94506,24,Month-to-month,Fiber optic,Credit card (automatic),79.85,2001.0,No,No,No,No,No,Yes,0.5087057837636729,0.4912942162363271,49.1,High
7569-NMZYQ,Middletown,95461,72,Two year,Fiber optic,Bank transfer (automatic),118.75,8672.45,Yes,Yes,Yes,Yes,Yes,Yes,0.9884139385591774,0.011586061440822673,1.2,Very low
7570-WELNY,Sherman Oaks,91423,68,Two year,Fiber optic,Bank transfer (automatic),84.7,5711.05,Yes,Yes,No,No,No,No,0.9475501152443082,0.052449884755691845,5.2,Very low
7572-KPVKK,Los Altos,94024,62,Two year,Fiber optic,Electronic check,104.05,6590.5,No,No,Yes,Yes,Yes,Yes,0.971573121043976,0.028426878956024075,2.8,Very low
7576-ASEJU,Azusa,91702,41,One year,DSL,Credit card (automatic),74.7,3187.65,Yes,No,No,Yes,Yes,Yes,0.9129030354548828,0.08709696454511713,8.7,Very low
7576-JMYWV,San Martin,95046,46,Month-to-month,Fiber optic,Electronic check,110.2,4972.1,Yes,Yes,No,Yes,Yes,Yes,0.865088191461612,0.13491180853838805,13.5,Low
7577-SWIFR,Glendale,91206,1,Month-to-month,Fiber optic,Electronic check,89.25,89.25,No,No,No,No,Yes,Yes,0.18941249547431938,0.8105875045256806,81.1,Very high
7579-KKLOE,Earlimart,93219,71,Two year,DSL,Mailed check,91.25,6589.6,Yes,Yes,Yes,Yes,Yes,Yes,0.9719097487059962,0.0280902512940038,2.8,Very low
7581-EBBOU,Volcano,95689,60,One year,DSL,Credit card (automatic),70.15,4224.7,No,Yes,Yes,Yes,Yes,No,0.9642850416910109,0.035714958308989124,3.6,Very low
7586-ZATGZ,Ravendale,96123,40,Month-to-month,Fiber optic,Electronic check,84.9,3369.05,No,No,No,No,Yes,No,0.44580177699528534,0.5541982230047147,55.4,High
7587-AOVVU,Arcata,95521,27,Month-to-month,Fiber optic,Electronic check,100.75,2793.55,Yes,Yes,No,Yes,Yes,No,0.8639107099391927,0.1360892900608073,13.6,Low
7590-VHVEG,Los Angeles,90001,1,Month-to-month,DSL,Electronic check,29.85,29.85,No,Yes,No,No,No,No,0.335897732242158,0.664102267757842,66.4,Very high
7594-LZNWR,Sacramento,95826,34,Month-to-month,Fiber optic,Credit card (automatic),69.15,2275.1,No,No,No,No,No,No,0.7252707198819501,0.2747292801180498,27.5,Medium
7595-EHCDL,Santa Maria,93454,32,Month-to-month,DSL,Credit card (automatic),50.6,1653.45,No,No,Yes,No,Yes,Yes,0.8910756567311109,0.10892434326888914,10.9,Low
7596-IIWYC,Fiddletown,95629,27,Two year,No,Bank transfer (automatic),20.25,538.2,No,No,No,No,No,No,0.9639258889372746,0.03607411106272542,3.6,Very low
7596-LDUXP,Rodeo,94572,12,One year,Fiber optic,Credit card (automatic),85.15,979.05,Yes,No,No,No,Yes,No,0.673509425483177,0.326490574516823,32.6,Medium
7596-ZYWBB,Bakersfield,93312,65,Two year,DSL,Mailed check,59.6,3739.8,Yes,Yes,No,Yes,No,No,0.9892127147704932,0.010787285229506739,1.1,Very low
7599-NTMDP,Lockeford,95237,62,Two year,DSL,Bank transfer (automatic),48.7,3008.55,Yes,Yes,No,Yes,Yes,No,0.9956409373778461,0.004359062622153915,0.4,Very low
7601-DHFWZ,Simi Valley,93063,48,Two year,No,Credit card (automatic),24.0,1183.05,No,No,No,No,No,No,0.98302333013965,0.016976669860349927,1.7,Very low
7601-GNDYK,Wildomar,92595,35,Two year,No,Mailed check,19.6,686.95,No,No,No,No,No,No,0.9941378801487317,0.005862119851268275,0.6,Very low
7601-WFVZV,Downieville,95936,1,Month-to-month,No,Mailed check,19.55,19.55,No,No,No,No,No,No,0.7944846682045015,0.20551533179549855,20.6,Low
7602-DBTOU,San Francisco,94121,71,Two year,No,Mailed check,19.6,1416.5,No,No,No,No,No,No,0.9913312170658433,0.008668782934156707,0.9,Very low
7602-MVRMB,Fish Camp,93623,72,Two year,Fiber optic,Bank transfer (automatic),110.45,8058.85,Yes,No,Yes,Yes,Yes,Yes,0.9871195881383102,0.01288041186168978,1.3,Very low
7605-BDWDC,Mira Loma,91752,31,Two year,DSL,Bank transfer (automatic),49.85,1520.1,Yes,Yes,No,Yes,No,Yes,0.9382419072884932,0.06175809271150676,6.2,Very low
7605-SNLQG,Gardena,90249,45,Month-to-month,DSL,Credit card (automatic),50.25,2221.55,No,No,Yes,No,No,No,0.8350218076446735,0.16497819235532654,16.5,Low
7606-BPHHN,La Quinta,92253,72,Two year,No,Credit card (automatic),19.8,1468.75,No,No,No,No,No,No,0.9921411273270344,0.007858872672965629,0.8,Very low
7607-QKKTJ,Loma Linda,92354,45,One year,Fiber optic,Credit card (automatic),95.0,4368.85,No,Yes,Yes,No,No,Yes,0.9306382483814495,0.06936175161855046,6.9,Very low
7608-RGIRO,Marysville,95901,62,Two year,No,Mailed check,24.4,1413.0,No,No,No,No,No,No,0.9964150234512457,0.0035849765487543056,0.4,Very low
7609-NRNCA,Mountain Ranch,95246,17,One year,No,Mailed check,19.55,280.85,No,No,No,No,No,No,0.9333316884178853,0.0666683115821147,6.7,Very low
7609-YBPXG,Irvine,92602,54,Two year,DSL,Bank transfer (automatic),87.1,4735.2,Yes,No,Yes,Yes,Yes,Yes,0.9734499532578543,0.026550046742145693,2.7,Very low
7610-TVOPG,West Point,95255,15,Month-to-month,No,Electronic check,26.35,378.6,No,No,No,No,No,No,0.7012611928421237,0.2987388071578763,29.9,Medium
7611-YKYTC,Burson,95225,22,Month-to-month,Fiber optic,Bank transfer (automatic),75.0,1573.95,Yes,No,No,No,No,No,0.9038445257204517,0.09615547427954826,9.6,Very low
7617-EYGLW,Clearlake Oaks,95423,1,Month-to-month,No,Electronic check,19.45,19.45,No,No,No,No,No,No,0.7464239652225919,0.25357603477740803,25.4,Medium
7619-PLRLP,Cardiff By The Sea,92007,53,One year,DSL,Bank transfer (automatic),74.1,3833.95,Yes,Yes,Yes,No,No,Yes,0.9423967445627263,0.05760325543727375,5.8,Very low
7621-VPNET,Arcadia,91006,42,Month-to-month,Fiber optic,Credit card (automatic),85.9,3729.75,No,No,Yes,Yes,No,No,0.6571664615355777,0.3428335384644223,34.3,Medium
7622-FWGEW,Costa Mesa,92626,56,Two year,DSL,Bank transfer (automatic),85.65,4824.45,Yes,Yes,Yes,Yes,Yes,Yes,0.9694614426119156,0.030538557388084458,3.1,Very low
7622-NXQZR,Canoga Park,91304,28,Month-to-month,DSL,Credit card (automatic),30.1,810.85,No,No,No,Yes,No,No,0.7591658301528651,0.2408341698471349,24.1,Low
7623-HKYRK,Caliente,93518,6,Month-to-month,No,Mailed check,19.7,111.65,No,No,No,No,No,No,0.9585061798668679,0.04149382013313203,4.1,Very low
7629-WFGLW,Palo Alto,94301,56,One year,Fiber optic,Electronic check,95.65,5471.75,Yes,Yes,Yes,Yes,No,No,0.9038355186719363,0.0961644813280637,9.6,Very low
7629-WIXZF,San Rafael,94903,7,One year,DSL,Electronic check,59.1,369.25,Yes,No,No,No,No,Yes,0.7348341715223132,0.26516582847768677,26.5,Medium
7632-YUTXB,Stinson Beach,94970,25,One year,No,Mailed check,20.05,520.1,No,No,No,No,No,No,0.9858606881364304,0.01413931186356961,1.4,Very low
7633-MVPUY,Diamond Bar,91765,57,Two year,DSL,Electronic check,59.75,3450.15,Yes,Yes,No,Yes,No,No,0.975384086406321,0.024615913593679026,2.5,Very low
7634-HLQJR,Moss Landing,95039,47,Two year,No,Credit card (automatic),20.05,1016.7,No,No,No,No,No,No,0.996676586341614,0.0033234136583860097,0.3,Very low
7634-WSWDB,Terra Bella,93270,8,Month-to-month,DSL,Electronic check,38.5,330.8,Yes,No,No,No,No,Yes,0.8102517593508365,0.18974824064916349,19.0,Low
7636-OWBPG,Redding,96001,12,Month-to-month,DSL,Credit card (automatic),29.35,381.2,No,Yes,No,No,No,No,0.5889520832109314,0.41104791678906855,41.1,Medium
7636-PEPNS,Palos Verdes Peninsula,90274,58,One year,DSL,Mailed check,44.1,2413.05,No,No,No,No,No,No,0.985816034566815,0.014183965433184963,1.4,Very low
7636-XUHWW,Firebaugh,93622,2,Month-to-month,No,Credit card (automatic),19.9,33.7,No,No,No,No,No,No,0.7653816200274529,0.2346183799725471,23.5,Low
7639-LIAYI,Los Angeles,90057,52,Two year,DSL,Credit card (automatic),79.75,4217.8,Yes,No,No,Yes,Yes,Yes,0.9613293333327863,0.03867066666721378,3.9,Very low
7639-OPLNG,San Diego,92107,70,Two year,DSL,Bank transfer (automatic),79.25,5731.85,Yes,Yes,Yes,Yes,Yes,No,0.9796661089556046,0.020333891044395425,2.0,Very low
7641-TQFHN,Fresno,93704,39,Two year,Fiber optic,Mailed check,100.55,3895.35,No,No,No,Yes,Yes,Yes,0.966641757002849,0.033358242997150955,3.3,Very low
7643-RCHXS,Montgomery Creek,96065,63,Two year,No,Electronic check,19.35,1263.85,No,No,No,No,No,No,0.9970326706769833,0.002967329323016708,0.3,Very low
7644-OMVMY,Los Angeles,90029,0,Two year,No,Mailed check,19.85,0.0,No,No,No,No,No,No,0.981219541337788,0.018780458662212,1.9,Very low
7647-GYYKX,San Marcos,92069,54,Two year,No,Bank transfer (automatic),20.35,1092.35,No,No,No,No,No,No,0.9960501347669861,0.003949865233013897,0.4,Very low
7649-PHJVR,Paso Robles,93446,11,One year,No,Mailed check,19.5,226.8,No,No,No,No,No,No,0.9185496293448655,0.08145037065513454,8.1,Very low
7649-SIJJF,Emeryville,94608,71,Two year,DSL,Mailed check,80.1,5585.4,Yes,Yes,Yes,Yes,No,Yes,0.9788397370803729,0.021160262919627165,2.1,Very low
7654-YWJUF,Sunland,91040,43,One year,Fiber optic,Bank transfer (automatic),84.25,3539.25,Yes,No,Yes,Yes,No,No,0.8870811345185107,0.11291886548148933,11.3,Low
7658-UYUQS,Fullerton,92835,21,Month-to-month,Fiber optic,Bank transfer (automatic),86.55,1857.25,No,No,Yes,No,Yes,No,0.4814805977550014,0.5185194022449986,51.9,High
7661-CPURM,Alhambra,91803,19,One year,Fiber optic,Credit card (automatic),87.7,1725.95,No,No,No,Yes,No,Yes,0.7183603804180261,0.28163961958197387,28.2,Medium
7663-CUXZB,Fields Landing,95537,59,Two year,Fiber optic,Electronic check,113.75,6561.25,Yes,Yes,Yes,Yes,Yes,Yes,0.9136770123857507,0.08632298761424928,8.6,Very low
7663-YJHSN,Moss Landing,95039,72,Two year,Fiber optic,Bank transfer (automatic),103.95,7556.9,Yes,Yes,Yes,Yes,Yes,No,0.9566010367846571,0.04339896321534292,4.3,Very low
7663-ZTEGJ,Twentynine Palms,92277,29,One year,Fiber optic,Credit card (automatic),100.55,2830.45,No,Yes,Yes,Yes,No,Yes,0.8042033621802738,0.19579663781972623,19.6,Low
7665-NKLAV,Pleasanton,94566,36,Two year,DSL,Credit card (automatic),40.65,1547.35,Yes,No,Yes,Yes,No,No,0.9919369977403037,0.008063002259696294,0.8,Very low
7665-VIGUD,Santa Barbara,93108,10,One year,No,Mailed check,20.35,176.3,No,No,No,No,No,No,0.9159971457130254,0.08400285428697458,8.4,Very low
7668-XCFYV,Glendora,91741,17,Month-to-month,Fiber optic,Electronic check,92.55,1614.7,No,No,No,No,Yes,Yes,0.17535953127884074,0.8246404687211593,82.5,Very high
7669-LCRSD,Igo,96047,12,Month-to-month,DSL,Mailed check,56.3,628.65,No,No,No,No,Yes,No,0.8395535281226246,0.16044647187737537,16.0,Low
7670-ZBPOQ,Denair,95316,58,One year,DSL,Bank transfer (automatic),61.05,3478.75,Yes,No,No,Yes,No,No,0.9561747278688824,0.043825272131117664,4.4,Very low
7672-VFMXZ,Long Beach,90815,57,Month-to-month,DSL,Electronic check,55.7,3171.6,Yes,No,No,Yes,No,No,0.9325531859373971,0.06744681406260285,6.7,Very low
7673-BQGKU,Carlsbad,92009,69,Two year,No,Bank transfer (automatic),20.15,1337.5,No,No,No,No,No,No,0.998324741442881,0.0016752585571189887,0.2,Very low
7673-LPRNY,Pasadena,91104,23,One year,DSL,Electronic check,78.55,1843.05,Yes,No,Yes,No,Yes,Yes,0.7200158817929501,0.27998411820704994,28.0,Medium
7674-YTAFD,North Hills,91343,33,One year,Fiber optic,Bank transfer (automatic),79.95,2684.85,No,Yes,No,Yes,No,No,0.8508930918067621,0.14910690819323796,14.9,Low
7677-SJJJK,Granite Bay,95746,8,One year,No,Credit card (automatic),19.9,153.95,No,No,No,No,No,No,0.8994233945962572,0.10057660540374279,10.1,Low
7682-AZNDK,Williams,95987,34,Month-to-month,Fiber optic,Electronic check,89.85,3091.75,No,Yes,Yes,No,Yes,No,0.7998412915314113,0.20015870846858871,20.0,Low
7684-XSZIY,Loomis,95650,72,Two year,No,Bank transfer (automatic),24.3,1643.25,No,No,No,No,No,No,0.9978384511629997,0.0021615488370002284,0.2,Very low
7688-AWMDX,San Diego,92131,71,Two year,DSL,Bank transfer (automatic),54.5,3778.2,Yes,No,No,Yes,No,No,0.991588686112852,0.008411313887148053,0.8,Very low
7690-KPNCU,Willow Creek,95573,64,One year,DSL,Credit card (automatic),73.05,4688.65,Yes,No,Yes,No,Yes,Yes,0.942282124583792,0.05771787541620802,5.8,Very low
7691-KGKGP,Aliso Viejo,92656,53,Month-to-month,DSL,Credit card (automatic),65.0,3363.8,No,Yes,No,Yes,Yes,No,0.9817331792563164,0.01826682074368362,1.8,Very low
7691-XVTZH,Aromas,95004,68,Two year,Fiber optic,Bank transfer (automatic),89.95,5974.3,No,No,Yes,No,Yes,No,0.895395747115939,0.10460425288406107,10.5,Low
7693-QPEFS,Davenport,95017,52,Month-to-month,Fiber optic,Bank transfer (automatic),72.95,3829.75,No,No,No,No,No,No,0.6954246927356778,0.30457530726432225,30.5,Medium
7695-PKLCZ,Salinas,93908,68,Two year,No,Credit card (automatic),20.5,1424.9,No,No,No,No,No,No,0.9937782106407933,0.006221789359206684,0.6,Very low
7696-AMHOD,Lake City,96115,49,One year,DSL,Credit card (automatic),78.0,3824.2,No,Yes,Yes,No,Yes,Yes,0.9822941905373245,0.01770580946267555,1.8,Very low
7696-CFTAT,Diamond Bar,91765,37,Two year,No,Bank transfer (automatic),19.8,726.1,No,No,No,No,No,No,0.9950295061197154,0.004970493880284587,0.5,Very low
7698-YFGEZ,Riverside,92509,1,Month-to-month,No,Mailed check,20.0,20.0,No,No,No,No,No,No,0.7944846682045015,0.20551533179549855,20.6,Low
7706-DZNKK,Palmdale,93551,11,Month-to-month,No,Credit card (automatic),20.45,237.3,No,No,No,No,No,No,0.8153522838858589,0.1846477161141411,18.5,Low
7706-YLMQA,Madera,93638,70,One year,No,Bank transfer (automatic),19.7,1341.5,No,No,No,No,No,No,0.9892340014414662,0.010765998558533761,1.1,Very low
7707-PYBBH,Lucerne Valley,92356,40,Month-to-month,DSL,Mailed check,61.9,2647.1,Yes,Yes,No,Yes,No,No,0.9138930208302198,0.08610697916978015,8.6,Very low
7710-JSYOA,Pala,92059,69,Two year,Fiber optic,Bank transfer (automatic),93.3,6398.05,No,Yes,No,Yes,No,Yes,0.9859068879655409,0.014093112034459013,1.4,Very low
7711-GQBZC,Stockton,95207,71,Two year,No,Bank transfer (automatic),24.7,1810.55,No,No,No,No,No,No,0.9977965347702681,0.0022034652297319482,0.2,Very low
7711-YIJWC,Shingletown,96088,61,One year,DSL,Bank transfer (automatic),84.9,5264.5,Yes,Yes,Yes,Yes,Yes,Yes,0.993669237909026,0.006330762090974071,0.6,Very low
7714-YXSMB,Irvine,92612,26,Month-to-month,Fiber optic,Bank transfer (automatic),100.5,2599.95,No,No,Yes,No,Yes,Yes,0.3658925552559896,0.6341074447440104,63.4,High
7717-BICXI,O Neals,93645,60,Two year,No,Mailed check,20.55,1205.05,No,No,No,No,No,No,0.9974633070408677,0.0025366929591322937,0.3,Very low
7718-RXDGG,Newcastle,95658,15,Month-to-month,Fiber optic,Bank transfer (automatic),68.6,1108.6,No,No,No,No,No,No,0.41623160069693543,0.5837683993030646,58.4,High
7718-UPSKJ,San Diego,92116,69,One year,Fiber optic,Credit card (automatic),106.4,7251.9,Yes,Yes,No,Yes,Yes,Yes,0.9265653516048482,0.07343464839515182,7.3,Very low
7721-DVEKZ,Thousand Oaks,91360,1,Month-to-month,No,Mailed check,19.65,19.65,No,No,No,No,No,No,0.7968245159733536,0.20317548402664645,20.3,Low
7722-CVFXN,Santa Cruz,95064,54,One year,Fiber optic,Electronic check,105.2,5637.85,No,Yes,No,Yes,Yes,Yes,0.9241790793651659,0.07582092063483412,7.6,Very low
7722-VJRQD,Brooks,95606,72,Two year,DSL,Bank transfer (automatic),60.95,4549.05,Yes,No,Yes,Yes,Yes,Yes,0.9776786603503957,0.022321339649604203,2.2,Very low
7727-SHVZV,Chico,95926,9,Month-to-month,No,Bank transfer (automatic),19.5,150.35,No,No,No,No,No,No,0.8499603941401912,0.15003960585980886,15.0,Low
7729-JTEEC,Olympic Valley,96146,2,Month-to-month,DSL,Electronic check,44.5,90.05,No,No,No,No,No,No,0.7918929460693798,0.20810705393062026,20.8,Low
7729-XBTWX,San Ramon,94583,66,Two year,No,Mailed check,19.75,1344.5,No,No,No,No,No,No,0.9970435060670226,0.002956493932977352,0.3,Very low
7730-CLDSV,Brentwood,94513,72,Two year,Fiber optic,Bank transfer (automatic),98.65,7129.45,No,Yes,Yes,Yes,No,Yes,0.9874831880685133,0.012516811931486734,1.3,Very low
7733-UDMTP,Fresno,93726,57,Month-to-month,DSL,Electronic check,55.0,3094.05,No,Yes,Yes,No,Yes,Yes,0.7162709309534767,0.28372906904652334,28.4,Medium
7740-BTPUX,Manchester,95459,55,Two year,Fiber optic,Electronic check,113.6,6292.7,No,Yes,Yes,Yes,Yes,Yes,0.8143957218220985,0.18560427817790148,18.6,Low
7740-KKCXF,Los Angeles,90039,51,Month-to-month,DSL,Credit card (automatic),30.05,1529.45,No,Yes,No,No,No,No,0.8038454482628227,0.19615455173717733,19.6,Low
7742-MYPGI,Cobb,95426,6,Month-to-month,DSL,Mailed check,48.8,297.35,No,No,No,Yes,No,No,0.8902548955221076,0.1097451044778924,11.0,Low
7746-AWNQW,La Jolla,92037,28,Month-to-month,DSL,Mailed check,35.75,961.4,No,No,Yes,Yes,No,No,0.7368756400993426,0.26312435990065736,26.3,Medium
7746-QYVCO,White Water,92282,16,One year,DSL,Mailed check,55.85,857.8,Yes,Yes,No,No,No,No,0.8416389030892354,0.15836109691076458,15.8,Low
7748-UMTRK,San Francisco,94132,30,Month-to-month,Fiber optic,Electronic check,101.3,2974.5,No,No,No,Yes,Yes,Yes,0.7553216241529108,0.24467837584708915,24.5,Low
7750-EYXWZ,Yucca Valley,92284,12,One year,DSL,Electronic check,60.65,743.3,No,Yes,Yes,Yes,Yes,Yes,0.7025249798737243,0.29747502012627564,29.7,Medium
7753-USQYQ,West Covina,91792,55,One year,DSL,Electronic check,64.2,3627.3,No,Yes,No,Yes,No,Yes,0.9366526694370999,0.06334733056290011,6.3,Very low
7754-IXRMC,Atascadero,93422,1,Month-to-month,DSL,Mailed check,45.35,45.35,No,No,No,No,No,No,0.6476353254769411,0.35236467452305886,35.2,Medium
7758-UJWYS,Millbrae,94030,34,Two year,DSL,Electronic check,40.55,1325.85,No,No,No,Yes,Yes,No,0.9634713724609945,0.03652862753900559,3.7,Very low
7762-ONLJY,Sacramento,95834,6,One year,No,Mailed check,19.7,94.45,No,No,No,No,No,No,0.9735425576400873,0.026457442359912615,2.6,Very low
7764-BDPEE,Hayward,94542,3,Month-to-month,No,Mailed check,20.85,60.65,No,No,No,No,No,No,0.9543014381774167,0.045698561822583215,4.6,Very low
7765-LWVVH,Caspar,95420,72,Two year,Fiber optic,Electronic check,95.1,6843.15,Yes,Yes,No,No,Yes,No,0.9817735280537948,0.01822647194620518,1.8,Very low
7766-CLTIC,Kenwood,95452,10,Month-to-month,DSL,Mailed check,60.95,629.55,No,No,No,Yes,No,Yes,0.6514421865653255,0.34855781343467446,34.9,Medium
7771-CFQRQ,Mariposa,95338,47,Two year,DSL,Bank transfer (automatic),63.8,3007.25,No,Yes,No,Yes,No,Yes,0.9937488609968738,0.006251139003126273,0.6,Very low
7771-ZONAT,Woodacre,94973,22,Two year,DSL,Bank transfer (automatic),56.75,1304.85,No,No,Yes,Yes,Yes,Yes,0.8820612811452224,0.11793871885477762,11.8,Low
7776-QGYJC,Shasta Lake,96019,39,Month-to-month,Fiber optic,Bank transfer (automatic),81.5,3107.3,No,No,Yes,Yes,No,No,0.9211236418463093,0.07887635815369061,7.9,Very low
7777-UNYHB,Traver,93673,12,Month-to-month,No,Credit card (automatic),20.1,232.4,No,No,No,No,No,No,0.9463235398511219,0.05367646014887807,5.4,Very low
7779-ORAEL,Mi Wuk Village,95346,45,Two year,DSL,Credit card (automatic),75.15,3480.35,Yes,No,Yes,Yes,No,Yes,0.9657038856066963,0.03429611439330374,3.4,Very low
7781-EWARA,Big Bend,96011,70,One year,DSL,Electronic check,60.35,4138.7,No,Yes,Yes,Yes,Yes,Yes,0.9842100160357146,0.015789983964285485,1.6,Very low
7781-HVGMK,Amboy,92304,72,Two year,DSL,Credit card (automatic),65.2,4784.45,Yes,Yes,Yes,Yes,Yes,Yes,0.9733832405302328,0.026616759469767125,2.7,Very low
7785-RDVIG,Hemet,92543,3,Month-to-month,No,Mailed check,19.3,54.7,No,No,No,No,No,No,0.9410469742132409,0.05895302578675914,5.9,Very low
7787-BNTZM,Comptche,95427,6,Month-to-month,No,Bank transfer (automatic),20.15,130.5,No,No,No,No,No,No,0.8346544597209384,0.1653455402790615,16.5,Low
7789-CRUVC,San Diego,92107,61,Month-to-month,Fiber optic,Credit card (automatic),94.2,5895.45,Yes,Yes,Yes,Yes,No,No,0.8511560040382379,0.14884399596176215,14.9,Low
7789-HKSBS,Lakewood,90713,42,One year,Fiber optic,Bank transfer (automatic),105.2,4599.15,Yes,No,Yes,No,Yes,Yes,0.6870089651405634,0.3129910348594366,31.3,Medium
7794-JASDG,Winchester,92596,1,Month-to-month,DSL,Mailed check,50.75,50.75,Yes,No,No,No,No,No,0.6473664367604015,0.3526335632395985,35.3,Medium
7795-CFOCW,Los Angeles,90004,45,One year,DSL,Bank transfer (automatic),42.3,1840.75,Yes,No,Yes,Yes,No,No,0.9586768942497809,0.04132310575021917,4.1,Very low
7797-EJMDP,Manteca,95336,8,Month-to-month,DSL,Bank transfer (automatic),66.05,574.5,Yes,No,No,Yes,No,Yes,0.799108314997737,0.20089168500226293,20.1,Low
7798-JVXYM,Herald,95638,14,Month-to-month,DSL,Electronic check,69.65,921.4,No,No,No,Yes,Yes,Yes,0.5490906731771612,0.4509093268228388,45.1,High
7799-DSEWS,Hayward,94544,18,Month-to-month,DSL,Electronic check,68.35,1299.8,Yes,No,Yes,Yes,Yes,No,0.7253553798411125,0.27464462015888746,27.5,Medium
7799-LGRDP,Lakewood,90713,43,Two year,No,Credit card (automatic),25.7,1188.2,No,No,No,No,No,No,0.9716727172724666,0.028327282727533355,2.8,Very low
7801-CEDNV,Inglewood,90304,27,One year,DSL,Credit card (automatic),48.7,1421.75,Yes,No,No,No,No,No,0.9198785089882505,0.08012149101174945,8.0,Very low
7801-KICAO,Pasadena,91103,18,Month-to-month,Fiber optic,Electronic check,74.15,1345.75,No,No,No,No,No,No,0.3423307267556329,0.6576692732443671,65.8,Very high
7803-XOCCZ,Anza,92539,52,Month-to-month,Fiber optic,Bank transfer (automatic),84.05,4326.8,Yes,No,Yes,Yes,No,No,0.9631602304723375,0.03683976952766258,3.7,Very low
7808-DVWEP,Chico,95926,3,Month-to-month,No,Bank transfer (automatic),20.0,49.65,No,No,No,No,No,No,0.7746941657081017,0.22530583429189827,22.5,Low
7811-JIVPF,Long Beach,90805,23,Month-to-month,DSL,Credit card (automatic),49.7,1081.25,No,No,Yes,No,No,No,0.8205424695987887,0.17945753040121123,17.9,Low
7813-TKCVO,Oak Park,91377,20,One year,No,Mailed check,20.35,393.15,No,No,No,No,No,No,0.9210643983593796,0.07893560164062038,7.9,Very low
7813-ZGGAW,Applegate,95703,31,Month-to-month,Fiber optic,Bank transfer (automatic),96.6,2877.95,No,No,Yes,Yes,Yes,No,0.5457576227684566,0.4542423772315434,45.4,High
7814-LEEVE,Grass Valley,95949,1,Month-to-month,No,Bank transfer (automatic),20.3,20.3,No,No,No,No,No,No,0.6956610543454707,0.30433894565452935,30.4,Medium
7815-PDTHL,Van Nuys,91401,35,Two year,No,Mailed check,20.2,684.4,No,No,No,No,No,No,0.9689782868560716,0.03102171314392845,3.1,Very low
7816-VGHTO,Rio Oso,95674,6,Two year,DSL,Mailed check,40.55,217.5,No,Yes,Yes,Yes,No,No,0.9673837316078815,0.03261626839211846,3.3,Very low
7817-OMJNA,Mammoth Lakes,93546,14,One year,No,Bank transfer (automatic),20.4,275.7,No,No,No,No,No,No,0.9322849590359729,0.0677150409640271,6.8,Very low
7820-ZYGNY,La Puente,91746,63,One year,Fiber optic,Credit card (automatic),90.45,5825.5,No,Yes,No,No,No,Yes,0.9004063665729956,0.09959363342700443,10.0,Very low
7821-DPRQE,Stockton,95207,68,Month-to-month,Fiber optic,Electronic check,107.7,7320.9,Yes,Yes,No,Yes,Yes,Yes,0.7283775592683231,0.27162244073167685,27.2,Medium
7823-JSOAG,Sonoma,95476,3,Month-to-month,Fiber optic,Electronic check,74.5,217.45,No,No,No,No,No,No,0.3065052760309709,0.6934947239690291,69.3,Very high
7824-PANSQ,Mammoth Lakes,93546,58,Month-to-month,Fiber optic,Bank transfer (automatic),80.65,4807.35,No,No,No,Yes,No,No,0.8507253870960653,0.1492746129039347,14.9,Low
7826-VVKWT,San Diego,92114,24,Two year,Fiber optic,Electronic check,96.55,2263.45,No,No,Yes,No,Yes,Yes,0.8775069063618646,0.12249309363813538,12.2,Low
7833-PKIHD,Palm Desert,92260,51,One year,DSL,Bank transfer (automatic),76.4,3966.3,Yes,No,No,Yes,Yes,Yes,0.9320249304645946,0.06797506953540546,6.8,Very low
7838-LAZFO,Hanford,93230,45,One year,DSL,Bank transfer (automatic),78.8,3597.5,Yes,Yes,Yes,No,Yes,Yes,0.9284293251396366,0.07157067486036335,7.2,Very low
7839-NUIAA,Davis Creek,96108,61,Month-to-month,DSL,Electronic check,59.8,3641.5,Yes,Yes,No,No,No,No,0.9786445010233864,0.021355498976613593,2.1,Very low
7841-FCRQD,Walnut,91789,33,One year,DSL,Credit card (automatic),53.75,1857.3,No,Yes,No,Yes,No,No,0.9149481945222022,0.0850518054777978,8.5,Very low
7850-THJMU,Mill Creek,96061,26,Two year,No,Credit card (automatic),19.65,494.9,No,No,No,No,No,No,0.9932871933057782,0.006712806694221824,0.7,Very low
7850-VWJUU,Lakewood,90715,23,Month-to-month,Fiber optic,Bank transfer (automatic),75.0,1778.5,Yes,No,No,No,No,No,0.6449495257836368,0.3550504742163632,35.5,Medium
7852-LECYP,Los Angeles,90019,13,Month-to-month,Fiber optic,Credit card (automatic),93.8,1261.0,Yes,Yes,No,No,No,Yes,0.4623515812990854,0.5376484187009146,53.8,High
7853-OETYL,West Covina,91790,4,Month-to-month,DSL,Electronic check,29.05,129.6,Yes,No,No,No,No,No,0.42084357049095966,0.5791564295090403,57.9,High
7853-WNZSY,El Nido,95317,1,Month-to-month,No,Credit card (automatic),19.75,19.75,No,No,No,No,No,No,0.7592870397895374,0.24071296021046262,24.1,Low
7855-DIWPO,Sloughhouse,95683,21,Month-to-month,Fiber optic,Electronic check,68.65,1493.2,No,No,No,No,No,No,0.4476589493444043,0.5523410506555957,55.2,High
7856-GANIL,Irvine,92606,45,One year,Fiber optic,Bank transfer (automatic),98.7,4525.8,No,Yes,Yes,Yes,Yes,No,0.7708107197724097,0.22918928022759033,22.9,Low
7858-GTZSP,San Lucas,93954,12,Month-to-month,Fiber optic,Electronic check,86.55,1066.9,No,No,No,No,No,Yes,0.2458490212175748,0.7541509787824252,75.4,Very high
7860-KSUGX,Long Beach,90806,72,Two year,DSL,Credit card (automatic),64.45,4720.0,Yes,Yes,Yes,No,No,No,0.9866910232453777,0.013308976754622268,1.3,Very low
7860-UXCRM,San Gabriel,91775,63,Two year,DSL,Credit card (automatic),74.5,4674.55,Yes,Yes,Yes,Yes,Yes,No,0.9975508771156286,0.0024491228843714252,0.2,Very low
7868-BGSZA,Riverside,92504,43,One year,DSL,Electronic check,80.2,3581.6,Yes,No,Yes,No,Yes,Yes,0.7891631703114973,0.21083682968850273,21.1,Low
7868-TMWMZ,Berkeley,94703,60,Two year,Fiber optic,Bank transfer (automatic),110.0,6668.35,Yes,Yes,Yes,Yes,Yes,Yes,0.9395200843684344,0.06047991563156561,6.0,Very low
7869-ZYDST,Hyampom,96046,31,Month-to-month,DSL,Credit card (automatic),59.05,1882.8,No,No,No,No,Yes,No,0.6188646751191826,0.3811353248808173,38.1,Medium
7872-BAAZR,Norwalk,90650,53,One year,No,Bank transfer (automatic),19.55,1007.9,No,No,No,No,No,No,0.9949588828382697,0.005041117161730318,0.5,Very low
7872-RDDLZ,Piercy,95587,67,Month-to-month,DSL,Electronic check,54.9,3725.5,No,Yes,No,No,No,No,0.9088518623218571,0.09114813767814292,9.1,Very low
7873-CVMAW,Van Nuys,91405,72,Two year,DSL,Credit card (automatic),88.55,6362.35,Yes,Yes,Yes,Yes,Yes,Yes,0.9874813263252153,0.012518673674784635,1.3,Very low
7874-ECPQJ,Wofford Heights,93285,4,Month-to-month,No,Bank transfer (automatic),20.05,85.5,No,No,No,No,No,No,0.9442835913554104,0.05571640864458964,5.6,Very low
7876-AEHIG,Daly City,94015,51,One year,DSL,Bank transfer (automatic),60.15,3077.0,Yes,No,Yes,Yes,Yes,Yes,0.9428833002482377,0.05711669975176224,5.7,Very low
7876-BEUTG,San Bruno,94066,15,Month-to-month,DSL,Mailed check,48.8,720.1,No,No,No,No,No,No,0.5944378077483325,0.4055621922516675,40.6,Medium
7876-DNYAP,Washington,95986,69,Two year,No,Credit card (automatic),19.8,1436.95,No,No,No,No,No,No,0.9984117050189618,0.0015882949810381401,0.2,Very low
7878-JGDKK,Selma,93662,4,Month-to-month,DSL,Mailed check,44.55,220.75,No,No,No,No,No,No,0.6671201379643801,0.3328798620356199,33.3,Medium
7878-RTCZG,Inglewood,90302,1,Month-to-month,No,Mailed check,19.9,19.9,No,No,No,No,No,No,0.7968245159733536,0.20317548402664645,20.3,Low
7879-CGSFV,Sugarloaf,92386,55,One year,Fiber optic,Mailed check,100.9,5552.05,Yes,Yes,No,No,Yes,Yes,0.8635756476068446,0.13642435239315537,13.6,Low
7880-XSOJX,Garden Grove,92840,4,Month-to-month,DSL,Mailed check,42.4,146.4,Yes,Yes,No,Yes,No,No,0.7349706380222942,0.2650293619777058,26.5,Medium
7883-ROJOC,Point Reyes Station,94956,19,Month-to-month,DSL,Mailed check,44.9,839.65,No,No,No,No,No,No,0.7173027640736525,0.28269723592634755,28.3,Medium
7892-QVYKW,El Cajon,92020,23,Month-to-month,Fiber optic,Electronic check,85.6,1868.4,No,No,No,No,No,Yes,0.719295592821646,0.280704407178354,28.1,Medium
7895-VONWT,Manhattan Beach,90266,25,Month-to-month,DSL,Electronic check,48.25,1293.8,No,No,Yes,No,Yes,Yes,0.4413547618611692,0.5586452381388308,55.9,High
7898-PDWQE,Maxwell,95955,71,Two year,DSL,Credit card (automatic),80.4,5727.15,Yes,Yes,Yes,Yes,No,Yes,0.9871521422684387,0.012847857731561304,1.3,Very low
7901-HXJVA,Chico,95928,14,Month-to-month,Fiber optic,Electronic check,76.45,1117.55,No,No,Yes,No,No,No,0.47868570179084713,0.5213142982091529,52.1,High
7901-IIDQV,San Diego,92119,24,One year,DSL,Bank transfer (automatic),54.6,1242.25,No,No,No,Yes,No,No,0.8997483593202059,0.1002516406797941,10.0,Low
7901-TBKJX,Twentynine Palms,92278,56,Month-to-month,Fiber optic,Electronic check,101.05,5594.0,No,No,Yes,No,Yes,Yes,0.5129439568523274,0.4870560431476726,48.7,High
7905-NJMXS,Williams,95987,7,Month-to-month,DSL,Electronic check,64.2,475.0,Yes,Yes,No,Yes,No,No,0.6655159753106012,0.3344840246893987,33.4,Medium
7905-TVXTA,Salinas,93907,5,Month-to-month,DSL,Electronic check,64.35,352.65,Yes,No,No,Yes,Yes,No,0.6292424473943963,0.3707575526056037,37.1,Medium
7909-FIOIY,Santa Clara,95051,19,Month-to-month,DSL,Mailed check,24.85,434.8,No,No,No,No,No,No,0.8466638652382313,0.1533361347617687,15.3,Low
7916-VCCPB,Parker Dam,92267,16,Month-to-month,Fiber optic,Bank transfer (automatic),73.25,1195.75,No,Yes,No,No,No,No,0.8571534017500958,0.1428465982499042,14.3,Low
7919-ZODZZ,Antioch,94509,10,One year,DSL,Mailed check,65.9,660.05,No,Yes,Yes,No,No,Yes,0.9232291723076178,0.07677082769238218,7.7,Very low
7921-BEPCI,Rocklin,95765,72,Two year,DSL,Bank transfer (automatic),59.75,4265.0,Yes,Yes,No,No,No,No,0.9893414356756361,0.010658564324363875,1.1,Very low
7921-LMDFQ,Chula Vista,91910,51,One year,Fiber optic,Bank transfer (automatic),94.0,4905.75,No,No,Yes,No,Yes,Yes,0.7909807402017531,0.2090192597982469,20.9,Low
7923-IYJWY,Twain Harte,95383,67,Two year,Fiber optic,Credit card (automatic),116.1,7839.85,Yes,Yes,Yes,Yes,Yes,Yes,0.9506738647824969,0.04932613521750306,4.9,Very low
7924-GJZFI,Jackson,95642,25,Month-to-month,Fiber optic,Electronic check,69.3,1813.1,No,No,No,No,No,No,0.40598092157503396,0.594019078424966,59.4,High
7925-PNRGI,Chula Vista,91914,45,Month-to-month,DSL,Mailed check,81.3,3541.1,Yes,Yes,Yes,Yes,Yes,No,0.9740056974573994,0.025994302542600593,2.6,Very low
7926-IJOOU,San Francisco,94116,1,Month-to-month,No,Credit card (automatic),19.3,19.3,No,No,No,No,No,No,0.8181964817842037,0.18180351821579635,18.2,Low
7928-VJYAB,Lemoore,93245,11,Month-to-month,Fiber optic,Electronic check,90.6,1020.2,No,No,No,No,Yes,Yes,0.6397717127583322,0.3602282872416678,36.0,Medium
7929-DMBCV,Arroyo Grande,93420,20,Month-to-month,Fiber optic,Mailed check,81.0,1683.7,No,No,Yes,Yes,No,No,0.525101569804659,0.474898430195341,47.5,High
7929-SKFGK,Mentone,92359,70,Two year,Fiber optic,Credit card (automatic),114.3,8244.3,Yes,Yes,Yes,Yes,Yes,Yes,0.9590645721099313,0.04093542789006862,4.1,Very low
7940-UQQUG,Thousand Oaks,91360,64,One year,Fiber optic,Bank transfer (automatic),104.4,6721.6,Yes,No,No,Yes,Yes,Yes,0.9702253337419523,0.029774666258047713,3.0,Very low
7941-RCJOW,Tehama,96090,65,Two year,No,Credit card (automatic),19.55,1218.65,No,No,No,No,No,No,0.9900752089381508,0.009924791061849212,1.0,Very low
7945-HLKEA,Half Moon Bay,94019,60,One year,DSL,Electronic check,64.75,4039.5,Yes,No,Yes,Yes,No,No,0.9688290728477569,0.03117092715224309,3.1,Very low
7945-PRBVF,Nevada City,95959,35,Two year,No,Bank transfer (automatic),21.45,705.45,No,No,No,No,No,No,0.9800732740376786,0.019926725962321395,2.0,Very low
7950-XWOVN,Oxnard,93035,11,Month-to-month,DSL,Mailed check,34.7,383.55,No,Yes,Yes,No,No,No,0.6389162888772875,0.36108371112271254,36.1,Medium
7951-VRDVK,Laguna Hills,92653,36,One year,DSL,Bank transfer (automatic),85.85,3003.55,Yes,Yes,Yes,Yes,Yes,Yes,0.9474981766072723,0.0525018233927277,5.3,Very low
7952-OBOYL,Upland,91786,3,Month-to-month,Fiber optic,Mailed check,89.85,244.45,No,No,Yes,Yes,Yes,No,0.3791579175821962,0.6208420824178038,62.1,High
7954-MLBUN,Santa Barbara,93111,31,Two year,Fiber optic,Bank transfer (automatic),99.45,3109.9,No,No,Yes,Yes,Yes,Yes,0.8741014092978054,0.12589859070219456,12.6,Low
7956-XQWGU,Long Beach,90803,27,Month-to-month,No,Credit card (automatic),19.4,460.25,No,No,No,No,No,No,0.883232508097745,0.11676749190225501,11.7,Low
7963-SHNDT,Redwood City,94062,52,Two year,DSL,Mailed check,39.1,1982.1,Yes,Yes,No,Yes,No,No,0.9811112333692218,0.01888876663077823,1.9,Very low
7964-VEXDG,Anaheim,92802,21,Month-to-month,Fiber optic,Electronic check,80.35,1747.2,Yes,No,No,No,No,No,0.8553357928450337,0.14466420715496633,14.5,Low
7964-YESJC,Moorpark,93021,24,Month-to-month,DSL,Mailed check,66.3,1559.45,Yes,Yes,Yes,No,No,No,0.777744333045746,0.22225566695425403,22.2,Low
7964-ZRKKG,Van Nuys,91411,67,One year,Fiber optic,Bank transfer (automatic),88.4,5798.3,No,Yes,No,No,Yes,No,0.8348185079988527,0.1651814920011473,16.5,Low
7966-YOTQW,Nubieber,96068,10,Month-to-month,DSL,Credit card (automatic),54.5,568.2,Yes,No,No,No,No,No,0.6726885061923553,0.3273114938076447,32.7,Medium
7967-HYCDE,Spring Valley,91978,8,Month-to-month,Fiber optic,Bank transfer (automatic),70.7,553.4,No,No,No,No,No,No,0.5161727941455674,0.4838272058544326,48.4,High
7968-QUXNS,Dobbins,95935,6,Month-to-month,No,Mailed check,18.95,110.15,No,No,No,No,No,No,0.8205930981601888,0.17940690183981126,17.9,Low
7969-FFOWG,Littlerock,93543,65,Two year,No,Mailed check,19.9,1292.6,No,No,No,No,No,No,0.9892611618098123,0.010738838190187677,1.1,Very low
7971-HLVXI,San Bernardino,92404,72,Two year,Fiber optic,Credit card (automatic),84.5,6130.85,No,No,No,No,No,Yes,0.981018011065686,0.018981988934314034,1.9,Very low
7973-DZRKH,Riverside,92507,66,Two year,Fiber optic,Credit card (automatic),90.95,5930.05,Yes,No,Yes,Yes,No,No,0.9935050017921913,0.006494998207808721,0.6,Very low
7975-JMZNT,Columbia,95310,66,Two year,DSL,Bank transfer (automatic),91.7,6075.9,Yes,Yes,Yes,Yes,Yes,Yes,0.9787444624428596,0.021255537557140405,2.1,Very low
7975-TZMLR,Reedley,93654,47,One year,Fiber optic,Electronic check,103.1,4889.3,No,Yes,Yes,No,Yes,Yes,0.6485011221578646,0.3514988778421354,35.1,Medium
7976-CICYS,Woodland Hills,91367,4,Month-to-month,No,Credit card (automatic),20.7,83.75,No,No,No,No,No,No,0.7772467895642803,0.22275321043571966,22.3,Low
7977-HXJKU,Scotia,95565,21,Two year,No,Mailed check,19.6,397.0,No,No,No,No,No,No,0.9929346516649106,0.0070653483350894275,0.7,Very low
7978-DKUQH,Lake Elsinore,92532,25,Month-to-month,Fiber optic,Electronic check,74.6,1797.75,No,No,Yes,No,No,No,0.4159709132810193,0.5840290867189807,58.4,High
7980-MHFLQ,Independence,93526,72,Two year,No,Mailed check,24.9,1859.2,No,No,No,No,No,No,0.9976489708993148,0.002351029100685159,0.2,Very low
7982-VCELR,Ramona,92065,36,Month-to-month,Fiber optic,Credit card (automatic),94.8,3565.65,No,Yes,No,No,Yes,Yes,0.5670206641528445,0.43297933584715553,43.3,Medium
7989-AWGEH,San Luis Obispo,93405,49,Month-to-month,DSL,Electronic check,39.2,1838.15,Yes,No,No,No,No,Yes,0.9264521541847577,0.07354784581524229,7.4,Very low
7989-VCQOH,Auberry,93602,18,Month-to-month,DSL,Electronic check,83.25,1611.15,Yes,No,Yes,Yes,Yes,Yes,0.9165891488684623,0.08341085113153769,8.3,Very low
7993-NQLJE,Glenn,95943,15,Month-to-month,Fiber optic,Mailed check,75.1,1151.55,Yes,No,No,No,No,No,0.8706371997667186,0.1293628002332814,12.9,Low
7994-UYIVZ,Miramonte,93641,8,Month-to-month,Fiber optic,Bank transfer (automatic),85.65,659.45,No,No,No,No,No,Yes,0.23474230942614327,0.7652576905738567,76.5,Very high
7994-XIRTR,Roseville,95747,54,One year,DSL,Bank transfer (automatic),65.25,3529.95,No,No,Yes,Yes,No,Yes,0.9636205424792328,0.03637945752076716,3.6,Very low
7995-ZHHNZ,Fullerton,92832,42,One year,DSL,Credit card (automatic),56.1,2386.85,Yes,No,No,No,No,No,0.9310813018741803,0.06891869812581976,6.9,Very low
7996-BPXHY,San Francisco,94111,13,Two year,No,Bank transfer (automatic),25.0,332.5,No,No,No,No,No,No,0.9783109759272277,0.021689024072772345,2.2,Very low
7996-MHXLW,Ocotillo,92259,66,Two year,No,Credit card (automatic),25.15,1683.6,No,No,No,No,No,No,0.9867301751842138,0.013269824815786166,1.3,Very low
7997-EASSD,Redwood City,94061,63,One year,Fiber optic,Credit card (automatic),81.2,4965.1,No,No,No,Yes,No,No,0.8881581913010367,0.11184180869896328,11.2,Low
7998-WNZEM,San Francisco,94131,71,Two year,DSL,Bank transfer (automatic),80.6,5708.2,Yes,Yes,Yes,Yes,No,Yes,0.989761466736008,0.010238533263992024,1.0,Very low
7998-ZLXWN,Larkspur,94939,15,Month-to-month,No,Credit card (automatic),20.45,330.8,No,No,No,No,No,No,0.8463777914949281,0.15362220850507194,15.4,Low
8003-EWNDZ,Philo,95466,10,Month-to-month,No,Electronic check,21.2,222.65,No,No,No,No,No,No,0.739115486357806,0.26088451364219395,26.1,Medium
8006-PYCSW,Los Angeles,90040,2,Month-to-month,No,Mailed check,20.1,39.8,No,No,No,No,No,No,0.8022162574269737,0.19778374257302633,19.8,Low
8007-YYPWD,Homeland,92548,15,Two year,No,Bank transfer (automatic),25.05,369.1,No,No,No,No,No,No,0.9476132700772645,0.05238672992273552,5.2,Very low
8008-ESFLK,Capitola,95010,53,One year,Fiber optic,Electronic check,110.5,5835.5,Yes,Yes,Yes,Yes,Yes,Yes,0.8751194881767407,0.12488051182325931,12.5,Low
8008-OTEZX,Villa Park,92861,35,One year,No,Mailed check,19.65,708.8,No,No,No,No,No,No,0.989858758704813,0.01014124129518697,1.0,Very low
8012-SOUDQ,Los Angeles,90059,43,Month-to-month,Fiber optic,Electronic check,90.25,3838.75,No,Yes,No,No,Yes,No,0.49572506873944455,0.5042749312605554,50.4,High
8015-IHCGW,Garden Grove,92844,72,Two year,Fiber optic,Electronic check,115.5,8425.15,Yes,Yes,Yes,Yes,Yes,Yes,0.9832941012466182,0.01670589875338177,1.7,Very low
8016-NCFVO,Glendale,91203,55,Month-to-month,Fiber optic,Electronic check,116.5,6382.55,Yes,Yes,Yes,Yes,Yes,Yes,0.6962404787871873,0.3037595212128127,30.4,Medium
8016-ZMGMO,Colusa,95932,66,One year,DSL,Bank transfer (automatic),70.85,4738.85,No,Yes,Yes,No,Yes,No,0.9214257773019879,0.07857422269801206,7.9,Very low
8017-UVSZU,Calabasas,91302,40,Month-to-month,DSL,Credit card (automatic),56.6,2379.1,No,Yes,No,No,No,No,0.8256201485861125,0.17437985141388745,17.4,Low
8022-BECSI,Santa Ysabel,92070,22,One year,No,Mailed check,19.6,422.5,No,No,No,No,No,No,0.9422875427214789,0.05771245727852113,5.8,Very low
8023-QHAIO,Corona,92882,56,Month-to-month,Fiber optic,Bank transfer (automatic),76.85,4275.75,No,No,No,Yes,No,No,0.7363305908653672,0.2636694091346328,26.4,Medium
8024-XNAFQ,Isleton,95641,72,Two year,Fiber optic,Bank transfer (automatic),107.4,7748.75,Yes,Yes,Yes,Yes,No,Yes,0.9670199175721924,0.032980082427807624,3.3,Very low
8028-PNXHQ,Downey,90242,62,Two year,No,Bank transfer (automatic),24.25,1424.6,No,No,No,No,No,No,0.9786162593951748,0.021383740604825178,2.1,Very low
8029-XYPWT,Anaheim,92806,71,Two year,Fiber optic,Bank transfer (automatic),115.05,8016.6,Yes,Yes,Yes,Yes,Yes,Yes,0.94029791262547,0.05970208737452998,6.0,Very low
8033-ATFAS,San Mateo,94404,39,Month-to-month,DSL,Mailed check,59.85,2341.5,No,No,Yes,No,Yes,No,0.930659360823399,0.06934063917660102,6.9,Very low
8033-VCZGH,Tracy,95376,50,One year,Fiber optic,Electronic check,103.95,5231.3,Yes,No,Yes,No,Yes,Yes,0.6663501476312002,0.3336498523687999,33.4,Medium
8034-RYTVV,Rancho Santa Margarita,92688,55,One year,Fiber optic,Credit card (automatic),84.25,4589.85,Yes,No,Yes,No,No,No,0.8945822255284146,0.10541777447158543,10.5,Low
8035-PWSEV,Hayward,94542,6,Month-to-month,Fiber optic,Electronic check,89.25,487.05,No,No,Yes,Yes,No,Yes,0.3484028767670281,0.6515971232329719,65.2,Very high
8039-ACLPL,Mather,95655,72,Two year,DSL,Credit card (automatic),68.75,4888.2,Yes,Yes,Yes,No,No,Yes,0.9878243764173164,0.012175623582683611,1.2,Very low
8039-EQPIM,Spring Valley,91977,69,Two year,DSL,Bank transfer (automatic),60.25,4055.5,Yes,No,Yes,Yes,Yes,Yes,0.9753668161947064,0.024633183805293543,2.5,Very low
8040-MNRTF,Taft,93268,1,Month-to-month,Fiber optic,Mailed check,71.1,71.1,No,No,No,No,No,No,0.4365978027664267,0.5634021972335733,56.3,High
8041-TMEID,Corning,96021,63,Two year,Fiber optic,Credit card (automatic),108.5,6991.9,Yes,Yes,Yes,No,Yes,Yes,0.9283108228504975,0.07168917714950253,7.2,Very low
8042-RNLKO,Watsonville,95076,66,One year,No,Bank transfer (automatic),25.45,1699.15,No,No,No,No,No,No,0.982531209765736,0.01746879023426395,1.7,Very low
8043-PNYSD,Lakehead,96051,63,Two year,No,Mailed check,19.55,1245.6,No,No,No,No,No,No,0.9977062545603473,0.0022937454396526795,0.2,Very low
8044-BGWPI,Ontario,91764,12,Month-to-month,No,Electronic check,21.15,306.05,No,No,No,No,No,No,0.9191365430746771,0.08086345692532293,8.1,Very low
8046-DNVTL,Weott,95571,62,Two year,DSL,Credit card (automatic),38.6,2345.55,Yes,Yes,No,Yes,No,No,0.977809975443945,0.022190024556054958,2.2,Very low
8048-DSDFQ,Midway City,92655,1,Month-to-month,No,Mailed check,20.2,20.2,No,No,No,No,No,No,0.7944846682045015,0.20551533179549855,20.6,Low
8049-WJCLQ,Ducor,93218,10,Month-to-month,DSL,Mailed check,60.2,563.5,No,No,Yes,No,Yes,No,0.8767842707773431,0.12321572922265693,12.3,Low
8050-DVOJX,Keeler,93530,49,Two year,DSL,Credit card (automatic),81.35,4060.9,Yes,Yes,Yes,Yes,No,Yes,0.9794202016721745,0.02057979832782554,2.1,Very low
8050-WYBND,Whittier,90606,22,One year,DSL,Credit card (automatic),49.45,1031.4,No,No,Yes,No,Yes,Yes,0.9199490749922054,0.08005092500779465,8.0,Very low
8050-XGRVL,Millville,96062,62,One year,DSL,Credit card (automatic),54.75,3425.35,Yes,No,Yes,No,No,No,0.9948889537092808,0.005111046290719279,0.5,Very low
8058-DMYRU,Glendale,91208,54,Month-to-month,Fiber optic,Electronic check,90.05,4931.8,No,Yes,No,No,No,Yes,0.5897262398037267,0.41027376019627326,41.0,Medium
8059-UDZFY,Lucerne,95458,33,Month-to-month,Fiber optic,Bank transfer (automatic),105.35,3465.05,No,Yes,Yes,No,Yes,Yes,0.8006396058705194,0.19936039412948053,19.9,Low
8060-HIWJJ,Lincoln,95648,64,Two year,DSL,Credit card (automatic),86.55,5632.55,No,Yes,Yes,Yes,Yes,Yes,0.9765740218575951,0.02342597814240492,2.3,Very low
8064-RAVOH,Oxnard,93030,1,Month-to-month,DSL,Electronic check,49.85,49.85,No,No,Yes,No,No,No,0.8327269546262706,0.16727304537372947,16.7,Low
8065-BVEPF,Yorkville,95494,65,Month-to-month,Fiber optic,Bank transfer (automatic),99.1,6496.15,No,Yes,Yes,No,Yes,Yes,0.7640085552777731,0.23599144472222683,23.6,Low
8065-QBYTO,Pomona,91768,71,One year,Fiber optic,Credit card (automatic),99.65,7181.25,Yes,Yes,No,Yes,Yes,No,0.9420065897594009,0.05799341024059917,5.8,Very low
8067-NIOYM,Irvine,92602,24,Two year,No,Credit card (automatic),21.1,490.65,No,No,No,No,No,No,0.9897919915812416,0.010208008418758368,1.0,Very low
8069-RHUXK,Fullerton,92832,67,Two year,DSL,Credit card (automatic),35.7,2545.7,Yes,No,No,Yes,No,No,0.9854634767998739,0.014536523200126073,1.5,Very low
8069-YQQAJ,Studio City,91604,14,Month-to-month,DSL,Mailed check,31.1,419.7,No,Yes,No,No,No,No,0.5736817826611564,0.4263182173388435,42.6,Medium
8070-AAWZP,Sheridan,95681,24,Month-to-month,DSL,Mailed check,34.25,828.2,No,No,Yes,Yes,No,No,0.7173215957848553,0.28267840421514473,28.3,Medium
8071-SBTRN,Canoga Park,91304,70,Two year,Fiber optic,Mailed check,111.15,7737.55,Yes,Yes,Yes,No,Yes,Yes,0.931407942609709,0.0685920573902909,6.9,Very low
8075-GXIUB,Spring Valley,91978,9,One year,No,Credit card (automatic),19.85,183.15,No,No,No,No,No,No,0.9004734516396676,0.09952654836033241,10.0,Very low
8076-FEZKJ,Silverado,92676,10,One year,No,Mailed check,19.5,225.85,No,No,No,No,No,No,0.9159971457130254,0.08400285428697458,8.4,Very low
8080-POTJR,Rancho Palos Verdes,90275,30,One year,DSL,Credit card (automatic),79.3,2427.1,Yes,No,Yes,No,Yes,Yes,0.8326552144618332,0.16734478553816678,16.7,Low
8082-GHXOP,Esparto,95627,13,Month-to-month,DSL,Mailed check,44.0,659.35,No,No,No,No,No,No,0.9319733875217571,0.06802661247824292,6.8,Very low
8084-OIVBS,Clarksburg,95612,11,One year,No,Mailed check,20.0,211.95,No,No,No,No,No,No,0.9196198716179865,0.08038012838201347,8.0,Very low
8085-MSNLK,San Jose,95124,62,Two year,Fiber optic,Mailed check,113.95,6891.4,Yes,Yes,Yes,Yes,Yes,Yes,0.9397569641491526,0.06024303585084743,6.0,Very low
8087-LGYHQ,Crestline,92325,9,Month-to-month,Fiber optic,Electronic check,94.05,811.65,No,No,Yes,No,Yes,Yes,0.2376832553515379,0.7623167446484621,76.2,Very high
8089-UZWLX,El Nido,95317,71,Two year,Fiber optic,Bank transfer (automatic),104.05,7413.55,No,No,Yes,No,Yes,Yes,0.9307561814562822,0.06924381854371771,6.9,Very low
8091-TTVAX,Los Angeles,90014,58,One year,Fiber optic,Credit card (automatic),100.35,5681.1,No,No,Yes,No,Yes,Yes,0.7977309215561036,0.2022690784438964,20.2,Low
8092-NLTGF,Reseda,91335,72,Two year,No,Bank transfer (automatic),24.75,1777.6,No,No,No,No,No,No,0.9918241232842869,0.008175876715713098,0.8,Very low
8095-WANWK,Kettleman City,93239,10,Month-to-month,DSL,Mailed check,45.25,428.7,No,No,No,No,No,No,0.71329010670446,0.28670989329554,28.7,Medium
8096-LOIST,Stirling City,95978,19,Month-to-month,DSL,Electronic check,56.2,1093.4,No,No,No,No,No,Yes,0.5793526813463579,0.4206473186536422,42.1,Medium
8097-OMULG,San Jose,95116,59,One year,DSL,Credit card (automatic),76.75,4541.9,No,Yes,Yes,Yes,Yes,Yes,0.9907467450652326,0.00925325493476738,0.9,Very low
8097-VBQTZ,Anaheim,92806,54,Month-to-month,DSL,Mailed check,69.9,3883.3,Yes,Yes,No,Yes,Yes,No,0.9270798460280533,0.07292015397194669,7.3,Very low
8098-TDCBU,North Fork,93643,42,Two year,No,Electronic check,25.25,1108.2,No,No,No,No,No,No,0.9588833930693332,0.041116606930666814,4.1,Very low
8099-MZPUJ,Carmel,93923,48,Two year,Fiber optic,Credit card (automatic),111.8,5443.65,Yes,Yes,Yes,Yes,Yes,Yes,0.9825935086961047,0.017406491303895297,1.7,Very low
8100-HZZLJ,Indio,92201,43,Month-to-month,DSL,Electronic check,63.95,2737.05,Yes,Yes,No,No,No,Yes,0.9616817387426523,0.038318261257347754,3.8,Very low
8100-PNJMH,Glennville,93226,68,Two year,DSL,Credit card (automatic),88.85,6132.7,Yes,Yes,Yes,Yes,Yes,Yes,0.9732712887474405,0.02672871125255946,2.7,Very low
8104-OSKWT,Anaheim,92804,12,Month-to-month,Fiber optic,Electronic check,79.8,1001.2,Yes,No,No,No,No,No,0.38080146791938074,0.6191985320806193,61.9,High
8106-GWQOK,Warner Springs,92086,38,Two year,DSL,Bank transfer (automatic),60.0,2193.2,Yes,Yes,No,Yes,Yes,Yes,0.9143867781420536,0.08561322185794636,8.6,Very low
8107-KNCIM,San Francisco,94111,14,Month-to-month,Fiber optic,Electronic check,75.1,1013.35,No,No,No,No,No,No,0.24844850775608052,0.7515514922439195,75.2,Very high
8107-RZLNV,South Gate,90280,72,Two year,Fiber optic,Bank transfer (automatic),106.3,7565.35,No,Yes,Yes,No,Yes,Yes,0.8917122275401341,0.10828777245986583,10.8,Low
8108-UXRQN,Lawndale,90260,11,Month-to-month,DSL,Electronic check,50.55,565.35,Yes,No,No,No,Yes,Yes,0.7915860455178615,0.2084139544821385,20.8,Low
8109-YUOHE,Porter Ranch,91326,17,One year,DSL,Mailed check,56.1,946.95,Yes,Yes,No,No,No,No,0.9123415246219798,0.08765847537802018,8.8,Very low
8111-BKVDS,Vidal,92280,10,Month-to-month,DSL,Bank transfer (automatic),40.7,449.3,Yes,Yes,Yes,No,No,No,0.7347074804913353,0.2652925195086647,26.5,Medium
8118-TJAFG,Gardena,90247,9,Month-to-month,Fiber optic,Electronic check,101.5,906.85,No,Yes,No,Yes,Yes,Yes,0.6443716476266853,0.3556283523733147,35.6,Medium
8120-JDCAM,Vallejo,94589,4,Month-to-month,Fiber optic,Mailed check,69.55,284.9,No,No,No,No,No,No,0.6926533275656994,0.3073466724343006,30.7,Medium
8123-QBNAZ,Scott Bar,96085,36,Month-to-month,Fiber optic,Credit card (automatic),104.5,3684.95,Yes,No,Yes,No,Yes,Yes,0.8241807985406783,0.17581920145932173,17.6,Low
8124-NZVGJ,Baker,92309,6,One year,DSL,Mailed check,49.25,255.6,No,No,No,Yes,Yes,Yes,0.610198664724251,0.389801335275749,39.0,Medium
8125-QPFJD,Greenview,96037,72,Two year,DSL,Bank transfer (automatic),84.9,6065.3,Yes,No,Yes,Yes,Yes,Yes,0.9729663051594959,0.027033694840504132,2.7,Very low
8129-GMVGI,San Bruno,94066,56,Two year,No,Mailed check,20.05,1090.1,No,No,No,No,No,No,0.9971403353674515,0.002859664632548525,0.3,Very low
8132-YPVBX,Salinas,93907,6,Month-to-month,Fiber optic,Mailed check,85.95,514.6,No,Yes,No,No,No,Yes,0.3540961802109732,0.6459038197890268,64.6,High
8133-ANHHJ,Ventura,93003,49,One year,Fiber optic,Bank transfer (automatic),103.0,5166.2,Yes,Yes,Yes,Yes,No,Yes,0.9163074575487526,0.08369254245124735,8.4,Very low
8138-EALND,Laguna Hills,92653,15,Month-to-month,No,Mailed check,19.75,311.6,No,No,No,No,No,No,0.860940939240187,0.13905906075981295,13.9,Low
8143-ETQTI,Bakersfield,93313,23,Two year,No,Mailed check,19.65,451.55,No,No,No,No,No,No,0.9877351816340765,0.012264818365923545,1.2,Very low
8144-DGHXP,Gridley,95948,54,Two year,DSL,Electronic check,80.6,4299.95,Yes,No,Yes,Yes,Yes,Yes,0.973062421714883,0.02693757828511695,2.7,Very low
8146-QQKZH,El Sobrante,94803,71,Two year,DSL,Bank transfer (automatic),81.85,5924.4,Yes,No,Yes,Yes,Yes,Yes,0.9858933129200412,0.014106687079958798,1.4,Very low
8148-BPLZQ,Jacumba,91934,34,Month-to-month,DSL,Electronic check,49.8,1734.2,No,Yes,No,No,No,No,0.7656028937305903,0.2343971062694097,23.4,Low
8148-NLEGT,Pinecrest,95364,42,Two year,No,Electronic check,22.95,1014.25,No,No,No,No,No,No,0.9915810696963421,0.008418930303657894,0.8,Very low
8148-WOCMK,Castaic,91384,8,Two year,No,Credit card (automatic),19.6,125.0,No,No,No,No,No,No,0.9875940911025233,0.012405908897476715,1.2,Very low
8149-AIQCG,Redondo Beach,90278,39,Month-to-month,Fiber optic,Credit card (automatic),73.15,2730.85,No,No,No,No,No,No,0.6138822758362157,0.38611772416378426,38.6,Medium
8150-QUDFX,Rohnert Park,94928,2,Month-to-month,No,Mailed check,19.85,51.6,No,No,No,No,No,No,0.7999229118288916,0.20007708817110834,20.0,Low
8152-UOBNY,Mineral,96063,50,One year,Fiber optic,Electronic check,106.8,5347.95,No,Yes,No,Yes,Yes,Yes,0.7353578268725129,0.264642173127487,26.5,Medium
8152-VETUR,Bishop,93514,72,Two year,Fiber optic,Credit card (automatic),97.7,6869.7,No,Yes,No,No,Yes,Yes,0.8963065759990807,0.10369342400091935,10.4,Low
8158-WPEZG,Los Angeles,90061,11,Month-to-month,DSL,Electronic check,35.65,425.1,No,Yes,No,Yes,No,No,0.5643678713700916,0.4356321286299084,43.6,Medium
8160-HOWOX,San Bernardino,92407,7,Month-to-month,DSL,Electronic check,66.85,458.1,No,No,No,No,Yes,Yes,0.40758429151202946,0.5924157084879705,59.2,High
8161-QYMTT,Santa Maria,93454,7,Month-to-month,Fiber optic,Electronic check,94.1,701.3,No,No,No,No,Yes,Yes,0.16884056472284092,0.8311594352771591,83.1,Very high
8164-OCKUJ,Magalia,95954,59,Two year,No,Mailed check,20.6,1286.0,No,No,No,No,No,No,0.9974141347684271,0.002585865231572947,0.3,Very low
8165-CBKXO,Los Angeles,90022,66,Two year,DSL,Credit card (automatic),56.75,3708.4,No,Yes,Yes,No,Yes,Yes,0.9865915744360858,0.01340842556391422,1.3,Very low
8165-ZJRNM,Pittsburg,94565,72,Two year,No,Bank transfer (automatic),23.75,1679.25,No,No,No,No,No,No,0.9978692702230936,0.0021307297769063934,0.2,Very low
8166-ORCHU,Oakland,94605,33,One year,Fiber optic,Electronic check,93.55,3055.5,Yes,Yes,No,Yes,No,Yes,0.7601590228103313,0.23984097718966865,24.0,Low
8167-GJLRN,La Crescenta,91214,3,Month-to-month,DSL,Electronic check,30.4,82.15,No,No,No,Yes,No,No,0.5592151707813283,0.4407848292186717,44.1,Medium
8169-SAEJD,Lancaster,93535,69,Two year,DSL,Credit card (automatic),56.55,3952.65,Yes,Yes,No,No,Yes,Yes,0.9696040099323372,0.03039599006766285,3.0,Very low
8173-RXAYP,Mcarthur,96056,24,Two year,No,Mailed check,19.7,452.55,No,No,No,No,No,No,0.9916550653955046,0.008344934604495318,0.8,Very low
8174-LNWMW,Tustin,92782,31,Two year,No,Credit card (automatic),20.9,689.35,No,No,No,No,No,No,0.978726541433337,0.021273458566662993,2.1,Very low
8174-TBVCF,Stanton,90680,70,Two year,DSL,Credit card (automatic),94.8,6859.05,Yes,Yes,Yes,Yes,Yes,Yes,0.9753157305654677,0.02468426943453224,2.5,Very low
8180-AKMJV,Litchfield,96117,1,Month-to-month,DSL,Credit card (automatic),44.55,44.55,No,No,No,No,No,No,0.5999514384615149,0.4000485615384851,40.0,Medium
8181-YHCMF,La Mesa,91941,68,Two year,DSL,Credit card (automatic),60.3,4109.0,No,Yes,Yes,Yes,Yes,Yes,0.9692748060601922,0.03072519393980781,3.1,Very low
8184-WMOFI,Fresno,93702,62,One year,DSL,Credit card (automatic),71.4,4487.3,Yes,No,Yes,Yes,No,Yes,0.976031246219293,0.023968753780706918,2.4,Very low
8189-DUKMV,Rancho Cordova,95742,4,One year,No,Bank transfer (automatic),20.5,79.05,No,No,No,No,No,No,0.8825988127825978,0.11740118721740221,11.7,Low
8189-HBVRW,Los Angeles,90005,53,Month-to-month,Fiber optic,Electronic check,90.8,4921.2,Yes,Yes,Yes,No,No,No,0.7981841745838842,0.20181582541611573,20.2,Low
8189-XRIKE,Newark,94560,32,Month-to-month,Fiber optic,Electronic check,90.95,2897.95,No,No,No,No,Yes,Yes,0.4842077376573435,0.5157922623426565,51.6,High
8190-ZTQFB,Bieber,96009,41,One year,DSL,Electronic check,51.35,2075.1,No,No,Yes,No,Yes,Yes,0.7354416710830903,0.26455832891690967,26.5,Medium
8191-XWSZG,Los Angeles,90018,52,One year,No,Mailed check,20.65,1022.95,No,No,No,No,No,No,0.9784673321575224,0.021532667842477662,2.2,Very low
8194-PEEBY,Irvine,92604,24,One year,No,Mailed check,19.9,533.5,No,No,No,No,No,No,0.9853840271886318,0.01461597281136813,1.5,Very low
8197-BFWVU,Lake Isabella,93240,72,Two year,DSL,Bank transfer (automatic),93.25,6688.95,Yes,Yes,Yes,Yes,Yes,Yes,0.9756478295266577,0.024352170473342254,2.4,Very low
8198-RKSZG,El Cerrito,94530,14,Month-to-month,DSL,Credit card (automatic),80.45,1137.05,No,Yes,No,Yes,Yes,Yes,0.8888152587609077,0.11118474123909229,11.1,Low
8200-KLNYW,San Geronimo,94963,21,One year,DSL,Mailed check,80.9,1714.95,Yes,No,Yes,Yes,Yes,Yes,0.8698356818282127,0.13016431817178734,13.0,Low
8200-LGKSR,Azusa,91702,71,Two year,DSL,Electronic check,83.2,6126.1,Yes,No,Yes,Yes,Yes,Yes,0.9712370738163285,0.028762926183671458,2.9,Very low
8201-AAXCB,Ontario,91764,25,Month-to-month,DSL,Electronic check,60.35,1404.65,No,No,No,No,Yes,No,0.8621437509516442,0.1378562490483558,13.8,Low
8203-XJZRC,Chula Vista,91914,1,Month-to-month,No,Mailed check,20.25,20.25,No,No,No,No,No,No,0.7944846682045015,0.20551533179549855,20.6,Low
8204-TIFGJ,June Lake,93529,23,Month-to-month,No,Bank transfer (automatic),20.3,470.6,No,No,No,No,No,No,0.8641087035100257,0.13589129648997436,13.6,Low
8204-YJCLA,San Ysidro,92173,72,Two year,DSL,Bank transfer (automatic),64.8,4732.35,Yes,Yes,Yes,Yes,Yes,Yes,0.9709561455691211,0.029043854430878858,2.9,Very low
8205-MQUGY,Sacramento,95834,12,Month-to-month,DSL,Electronic check,49.2,571.15,Yes,No,No,No,No,No,0.885074114426926,0.11492588557307408,11.5,Low
8205-VSLRB,Greenview,96037,70,Two year,DSL,Credit card (automatic),77.3,5498.2,Yes,No,Yes,Yes,No,Yes,0.9852374950634353,0.014762504936564669,1.5,Very low
8207-DMRVL,Yorba Linda,92886,72,Two year,Fiber optic,Bank transfer (automatic),114.55,8306.05,Yes,Yes,Yes,Yes,Yes,Yes,0.9917340368652596,0.008265963134740421,0.8,Very low
8207-VVMYB,Clayton,94517,70,Two year,No,Bank transfer (automatic),26.0,2006.95,No,No,No,No,No,No,0.9838096452296422,0.016190354770357806,1.6,Very low
8208-EUMTE,Villa Park,92861,16,Two year,DSL,Mailed check,54.85,916.15,Yes,Yes,Yes,Yes,Yes,No,0.92082372855449,0.07917627144550998,7.9,Very low
8212-CRQXP,Alviso,95002,22,Month-to-month,Fiber optic,Credit card (automatic),80.0,1706.45,No,No,No,No,Yes,No,0.4193595427960628,0.5806404572039372,58.1,High
8212-DJRCH,Newbury Park,91320,5,Month-to-month,Fiber optic,Mailed check,90.35,434.5,Yes,No,Yes,No,No,Yes,0.7247181018228587,0.2752818981771413,27.5,Medium
8213-TAZPM,Lemon Grove,91945,69,One year,Fiber optic,Bank transfer (automatic),108.75,7493.05,No,Yes,Yes,Yes,Yes,Yes,0.9680144066023774,0.03198559339762267,3.2,Very low
8215-NGSPE,Oxnard,93035,42,Two year,No,Mailed check,20.0,833.55,No,No,No,No,No,No,0.9954280500410688,0.004571949958931185,0.5,Very low
8216-AZUUZ,San Francisco,94118,42,Two year,Fiber optic,Electronic check,100.4,4303.65,No,No,Yes,Yes,Yes,Yes,0.9494058896949102,0.05059411030508974,5.1,Very low
8217-QYOHV,Burbank,91505,5,Month-to-month,DSL,Mailed check,55.75,266.95,Yes,No,No,Yes,No,No,0.7460248456376104,0.2539751543623896,25.4,Medium
8218-FFJDS,Georgetown,95634,72,Two year,DSL,Bank transfer (automatic),86.4,6058.95,Yes,Yes,No,Yes,Yes,Yes,0.9751852306169869,0.024814769383013035,2.5,Very low
8219-VYBVI,Rancho Santa Fe,92067,39,Two year,No,Mailed check,25.0,1004.35,No,No,No,No,No,No,0.9945631452410294,0.00543685475897063,0.5,Very low
8220-OCUFY,Perris,92571,21,One year,DSL,Electronic check,60.25,1258.35,Yes,No,Yes,Yes,No,No,0.8919802185601778,0.1080197814398222,10.8,Low
8221-EQDGL,Alleghany,95910,35,Month-to-month,DSL,Mailed check,61.0,2130.45,Yes,Yes,Yes,No,No,No,0.8754559744013047,0.12454402559869523,12.5,Low
8221-HVAYI,Gustine,95322,35,Two year,DSL,Credit card (automatic),69.15,2490.15,Yes,Yes,Yes,Yes,No,No,0.9544068937946127,0.04559310620538725,4.6,Very low
8224-DWCKX,Burlingame,94010,12,Month-to-month,Fiber optic,Credit card (automatic),73.3,828.05,No,No,No,No,No,No,0.3854247720470162,0.6145752279529838,61.5,High
8224-IVVPA,Caliente,93518,27,Month-to-month,DSL,Mailed check,56.7,1652.95,Yes,Yes,No,No,No,No,0.8325374948917547,0.16746250510824537,16.7,Low
8224-KDLKN,Sacramento,95825,72,Two year,No,Bank transfer (automatic),25.0,1738.9,No,No,No,No,No,No,0.9978384511629997,0.0021615488370002284,0.2,Very low
8224-UAXBZ,Sacramento,95827,58,One year,DSL,Electronic check,45.35,2540.1,Yes,Yes,No,No,Yes,No,0.8857728834277393,0.11422711657226074,11.4,Low
8226-BXGES,Gardena,90249,64,One year,Fiber optic,Bank transfer (automatic),89.45,5692.65,Yes,Yes,Yes,No,No,No,0.9277722151220684,0.0722277848779316,7.2,Very low
8229-BUJHX,Chula Vista,91911,71,Two year,No,Bank transfer (automatic),20.5,1500.95,No,No,No,No,No,No,0.998433572788873,0.001566427211126942,0.2,Very low
8229-MYEJZ,Upland,91786,10,Month-to-month,DSL,Electronic check,51.2,498.25,No,Yes,No,No,No,No,0.6783260529334436,0.32167394706655633,32.2,Medium
8231-BSWXX,Mojave,93501,71,One year,Fiber optic,Credit card (automatic),79.05,5552.5,No,Yes,No,No,No,No,0.9154115432061689,0.08458845679383113,8.5,Very low
8232-CTLKO,Ocotillo,92259,66,Two year,DSL,Electronic check,59.75,3996.8,Yes,No,No,No,Yes,No,0.992482288569777,0.007517711430222992,0.8,Very low
8232-UTFOZ,Glendora,91740,69,Two year,No,Credit card (automatic),19.95,1399.35,No,No,No,No,No,No,0.9938960997684136,0.006103900231586343,0.6,Very low
8234-GSZYK,Albion,95410,43,Two year,No,Bank transfer (automatic),26.45,1110.05,No,No,No,No,No,No,0.9786016328547078,0.02139836714529219,2.1,Very low
8237-ULIXL,San Francisco,94116,72,Two year,No,Credit card (automatic),24.85,1871.85,No,No,No,No,No,No,0.9898802067495293,0.01011979325047074,1.0,Very low
8241-JUIQO,Sunnyvale,94086,61,One year,No,Bank transfer (automatic),19.45,1336.35,No,No,No,No,No,No,0.9854825751568806,0.014517424843119332,1.5,Very low
8242-JSVBO,Mountain Ranch,95246,7,Month-to-month,DSL,Bank transfer (automatic),44.65,322.5,No,No,No,No,No,No,0.6316531401040189,0.3683468598959812,36.8,Medium
8242-PDSGJ,Chilcoot,96105,70,Two year,DSL,Credit card (automatic),39.15,2692.75,Yes,No,Yes,Yes,No,No,0.9814191131549259,0.01858088684507408,1.9,Very low
8242-SOQUO,Oakland,94619,5,Month-to-month,Fiber optic,Electronic check,84.7,392.5,No,Yes,No,No,Yes,No,0.278175049440032,0.721824950559968,72.2,Very high
8246-SHFGA,Mount Shasta,96067,17,Month-to-month,No,Credit card (automatic),21.1,385.55,No,No,No,No,No,No,0.885178365478194,0.11482163452180606,11.5,Low
8249-THVEC,Los Angeles,90041,51,One year,No,Mailed check,19.4,997.75,No,No,No,No,No,No,0.9939690035049786,0.006030996495021319,0.6,Very low
8250-ZNGGW,Rio Vista,94571,5,Month-to-month,DSL,Credit card (automatic),59.9,287.85,Yes,Yes,No,Yes,No,No,0.8435068510290928,0.15649314897090713,15.6,Low
8259-DZLIZ,Delhi,95315,64,One year,DSL,Bank transfer (automatic),53.85,3399.85,No,Yes,No,No,No,No,0.9867071594024708,0.013292840597529203,1.3,Very low
8259-NFJTV,Flournoy,96029,7,Month-to-month,DSL,Mailed check,34.65,246.6,Yes,No,No,Yes,No,No,0.914079355826032,0.08592064417396804,8.6,Very low
8261-GWDBQ,Corona,92880,60,Two year,Fiber optic,Bank transfer (automatic),116.05,6925.9,Yes,Yes,Yes,Yes,Yes,Yes,0.9169176787379655,0.0830823212620345,8.3,Very low
8262-COGGB,Visalia,93277,1,Month-to-month,No,Mailed check,20.45,20.45,No,No,No,No,No,No,0.7304233984971216,0.2695766015028785,27.0,Medium
8263-OKETD,Caruthers,93609,20,Month-to-month,DSL,Credit card (automatic),68.9,1370.35,No,Yes,No,Yes,No,Yes,0.7066411702756643,0.29335882972433563,29.3,Medium
8263-QMNTJ,San Francisco,94104,72,Two year,Fiber optic,Electronic check,115.55,8425.3,Yes,Yes,Yes,Yes,Yes,Yes,0.9199224965237137,0.08007750347628628,8.0,Very low
8265-HKSOW,Occidental,95465,72,Two year,Fiber optic,Credit card (automatic),107.45,7658.3,Yes,Yes,Yes,Yes,No,Yes,0.9942081574388381,0.005791842561161956,0.6,Very low
8266-VBFQL,Jamul,91935,4,Month-to-month,Fiber optic,Electronic check,90.4,356.65,No,No,Yes,Yes,No,Yes,0.33009896608897005,0.66990103391103,67.0,Very high
8267-KFGYD,Alhambra,91803,1,Month-to-month,No,Mailed check,21.05,21.05,No,No,No,No,No,No,0.9318989869020213,0.0681010130979787,6.8,Very low
8268-YDIXR,Merced,95348,56,One year,Fiber optic,Electronic check,93.15,5253.95,Yes,Yes,Yes,No,No,No,0.8259643023461236,0.1740356976538764,17.4,Low
8270-RKSAP,Anaheim,92801,9,Month-to-month,Fiber optic,Electronic check,70.5,597.9,No,No,No,No,No,No,0.34791871402259167,0.6520812859774083,65.2,Very high
8272-ONJLV,San Diego,92123,12,One year,Fiber optic,Electronic check,95.7,1184.0,No,No,Yes,No,Yes,Yes,0.5062821685883823,0.4937178314116177,49.4,High
8277-RVRSV,Danville,94506,33,One year,No,Credit card (automatic),24.15,800.3,No,No,No,No,No,No,0.986923857685026,0.013076142314973963,1.3,Very low
8285-ABVLB,Santa Barbara,93103,70,Two year,No,Credit card (automatic),19.85,1328.35,No,No,No,No,No,No,0.9922914261302674,0.007708573869732607,0.8,Very low
8286-AFUYI,Glendale,91203,1,Month-to-month,DSL,Electronic check,47.95,47.95,Yes,No,No,No,No,No,0.666042847253443,0.33395715274655696,33.4,Medium
8292-FRFZQ,Malibu,90263,39,One year,DSL,Bank transfer (automatic),41.15,1700.9,Yes,Yes,No,Yes,No,No,0.95454921849684,0.04545078150315993,4.5,Very low
8292-ITGYJ,Campo Seco,95226,45,Two year,No,Bank transfer (automatic),24.65,1138.8,No,No,No,No,No,No,0.9925012193403251,0.007498780659674939,0.7,Very low
8294-UIMBA,Northridge,91325,30,One year,Fiber optic,Bank transfer (automatic),94.4,2638.1,No,No,No,Yes,Yes,Yes,0.7265073286192073,0.2734926713807927,27.3,Medium
8295-FHIVV,Paicines,95043,7,Month-to-month,No,Mailed check,19.4,168.65,No,No,No,No,No,No,0.7682772856106339,0.23172271438936612,23.2,Low
8295-KMENE,Newhall,91321,59,Two year,DSL,Mailed check,76.45,4519.5,Yes,No,Yes,Yes,Yes,No,0.9928460761456732,0.007153923854326786,0.7,Very low
8309-IEYJD,Indian Wells,92210,1,Month-to-month,Fiber optic,Mailed check,70.6,70.6,No,No,No,No,No,No,0.34697557499707976,0.6530244250029202,65.3,Very high
8309-PPCED,Nipomo,93444,72,Two year,Fiber optic,Bank transfer (automatic),110.45,7982.5,No,Yes,Yes,Yes,Yes,Yes,0.9211607568589146,0.07883924314108541,7.9,Very low
8311-UEUAB,Rialto,92376,67,Two year,DSL,Electronic check,75.5,5229.45,Yes,No,No,No,Yes,Yes,0.9363828722416276,0.0636171277583723,6.4,Very low
8313-AFGBW,Los Angeles,90008,47,Two year,DSL,Electronic check,73.6,3522.65,No,Yes,Yes,No,Yes,Yes,0.9210809407883954,0.07891905921160461,7.9,Very low
8313-KTIHG,Thousand Palms,92276,4,Month-to-month,DSL,Electronic check,61.3,249.4,No,No,No,Yes,Yes,No,0.5280512082387812,0.4719487917612189,47.2,High
8313-NDOIA,Green Valley Lake,92341,24,Month-to-month,Fiber optic,Electronic check,104.15,2494.65,No,Yes,Yes,No,Yes,Yes,0.2929509283835108,0.7070490716164892,70.7,Very high
8314-DPQHL,Auberry,93602,9,One year,DSL,Mailed check,50.8,463.6,Yes,No,Yes,Yes,No,Yes,0.8275533125885328,0.17244668741146724,17.2,Low
8314-HTWVE,Cypress,90630,7,Two year,No,Mailed check,19.85,144.15,No,No,No,No,No,No,0.9853108457367545,0.014689154263245503,1.5,Very low
8316-BBQAY,Redwood City,94063,65,Two year,DSL,Credit card (automatic),59.95,3921.1,Yes,No,Yes,Yes,Yes,Yes,0.9800621830940955,0.019937816905904418,2.0,Very low
8317-BVKSO,Termo,96132,14,Month-to-month,No,Electronic check,20.05,299.3,No,No,No,No,No,No,0.7616130280389739,0.23838697196102615,23.8,Low
8318-LCNBW,San Luis Obispo,93405,35,One year,DSL,Credit card (automatic),53.15,1930.9,Yes,No,Yes,No,Yes,Yes,0.8437081747899713,0.15629182521002877,15.6,Low
8319-QBEHW,San Jose,95134,26,One year,DSL,Bank transfer (automatic),39.95,1023.75,No,Yes,No,No,Yes,No,0.9459594179634284,0.054040582036571555,5.4,Very low
8325-QRPZR,Benicia,94510,7,Month-to-month,Fiber optic,Electronic check,75.15,525.0,No,No,Yes,No,No,No,0.34033631264286623,0.6596636873571338,66.0,Very high
8327-WKMIE,Le Grand,95333,37,One year,No,Credit card (automatic),20.15,785.75,No,No,No,No,No,No,0.9692142581801161,0.03078574181988388,3.1,Very low
8328-SKJNO,Seeley,92273,23,One year,DSL,Bank transfer (automatic),40.65,947.4,Yes,Yes,No,Yes,No,No,0.9838800302459314,0.016119969754068545,1.6,Very low
8329-GWVPJ,Berkeley,94708,50,Month-to-month,Fiber optic,Bank transfer (automatic),69.75,3557.7,No,No,No,No,No,No,0.9222253971744484,0.07777460282555164,7.8,Very low
8329-UTMVM,Bakersfield,93313,27,One year,Fiber optic,Bank transfer (automatic),104.65,2964.0,No,Yes,No,Yes,Yes,Yes,0.64680608872582,0.35319391127417993,35.3,Medium
8331-ZXFOE,Santa Clara,95054,58,One year,DSL,Credit card (automatic),71.1,4299.2,Yes,Yes,Yes,Yes,No,No,0.9719600157410238,0.02803998425897629,2.8,Very low
8332-OSJDW,Los Angeles,90038,12,One year,No,Mailed check,26.4,314.95,No,No,No,No,No,No,0.8619424050396505,0.13805759496034953,13.8,Low
8336-TAVKX,Berry Creek,95916,72,Two year,DSL,Bank transfer (automatic),78.45,5682.25,Yes,Yes,Yes,Yes,No,Yes,0.9868007350332901,0.013199264966709878,1.3,Very low
8338-QIUNR,Bakersfield,93304,72,Two year,DSL,Credit card (automatic),66.5,4811.6,Yes,No,Yes,Yes,No,No,0.9849139338792863,0.015086066120713776,1.5,Very low
8344-WFMFH,Los Angeles,90008,9,Month-to-month,DSL,Electronic check,50.1,484.05,No,Yes,No,No,No,No,0.8767619828454122,0.12323801715458786,12.3,Low
8345-MVDYC,Gardena,90248,45,Two year,DSL,Bank transfer (automatic),81.65,3618.7,Yes,No,Yes,Yes,Yes,Yes,0.9747983744528026,0.025201625547197386,2.5,Very low
8347-GDTMP,Ripon,95366,64,Two year,No,Credit card (automatic),19.45,1225.65,No,No,No,No,No,No,0.9905836442946048,0.009416355705395209,0.9,Very low
8348-JLBUG,North San Juan,95960,64,One year,Fiber optic,Credit card (automatic),80.3,5017.7,Yes,No,Yes,No,No,No,0.9436957732171998,0.0563042267828002,5.6,Very low
8350-NYMVI,Chico,95973,39,Month-to-month,DSL,Bank transfer (automatic),41.1,1597.05,No,Yes,Yes,Yes,No,No,0.8766469439954822,0.12335305600451786,12.3,Low
8356-WUAOJ,Glendale,91205,1,Month-to-month,DSL,Electronic check,45.0,45.0,No,No,No,No,No,No,0.4249867264273115,0.5750132735726885,57.5,High
8361-LBRDI,Saint Helena,94574,58,Two year,No,Credit card (automatic),24.35,1423.85,No,No,No,No,No,No,0.9878137826162963,0.012186217383703695,1.2,Very low
8374-UULRV,Carmel By The Sea,93921,72,Two year,DSL,Credit card (automatic),86.05,6309.65,Yes,Yes,No,Yes,Yes,Yes,0.9872405791881421,0.012759420811857866,1.3,Very low
8375-KVTHK,Fort Bragg,95437,68,One year,Fiber optic,Electronic check,100.3,6754.35,No,Yes,No,Yes,Yes,Yes,0.8447360015078942,0.15526399849210587,15.5,Low
8378-LKJAF,Santa Ana,92704,38,Month-to-month,Fiber optic,Credit card (automatic),101.15,3956.7,No,No,Yes,No,Yes,Yes,0.7736797427633166,0.22632025723668342,22.6,Low
8380-MQINP,Los Angeles,90035,55,Two year,No,Mailed check,20.3,1079.05,No,No,No,No,No,No,0.9970427904417907,0.002957209558209367,0.3,Very low
8383-SGHJU,Lake Arrowhead,92352,33,One year,DSL,Electronic check,59.4,1952.8,Yes,No,No,Yes,No,No,0.924773231364556,0.07522676863544402,7.5,Very low
8384-FZBJK,San Mateo,94404,57,Month-to-month,Fiber optic,Electronic check,100.6,5611.7,No,Yes,No,No,Yes,Yes,0.8243537059687595,0.17564629403124055,17.6,Low
8387-UGUSU,Irvine,92614,15,Month-to-month,No,Mailed check,20.05,284.3,No,No,No,No,No,No,0.9598412308816038,0.04015876911839622,4.0,Very low
8388-DMKAE,Los Angeles,90016,8,Two year,No,Mailed check,20.25,174.65,No,No,No,No,No,No,0.9479984235325524,0.05200157646744763,5.2,Very low
8388-FYNPZ,Pleasant Hill,94523,4,Month-to-month,DSL,Electronic check,56.75,245.15,Yes,No,Yes,No,No,No,0.6922271909731811,0.3077728090268189,30.8,Medium
8390-FESFV,Sebastopol,95472,62,Two year,DSL,Bank transfer (automatic),84.5,5193.2,No,Yes,Yes,Yes,Yes,Yes,0.9740154150127027,0.02598458498729728,2.6,Very low
8393-JMVMB,Thousand Oaks,91360,1,Month-to-month,No,Mailed check,19.45,19.45,No,No,No,No,No,No,0.7944846682045015,0.20551533179549855,20.6,Low
8395-ETZKQ,Sacramento,95841,68,One year,No,Bank transfer (automatic),19.5,1193.55,No,No,No,No,No,No,0.9968377319656876,0.0031622680343124164,0.3,Very low
8398-TBIYD,Castro Valley,94552,72,Two year,Fiber optic,Bank transfer (automatic),84.7,6185.15,Yes,No,No,Yes,No,No,0.971801912461073,0.028198087538927104,2.8,Very low
8400-WZICQ,Long Beach,90813,55,Month-to-month,DSL,Electronic check,55.7,3131.8,Yes,Yes,No,No,No,No,0.9813831123005209,0.01861688769947915,1.9,Very low
8401-EMUWF,Paramount,90723,42,Month-to-month,DSL,Bank transfer (automatic),69.4,3058.3,Yes,Yes,No,No,Yes,No,0.9476813002690666,0.052318699730933386,5.2,Very low
8402-EIVQS,Frazier Park,93222,67,One year,Fiber optic,Credit card (automatic),100.9,6733.15,Yes,Yes,No,No,Yes,Yes,0.8926343833712528,0.10736561662874725,10.7,Low
8402-OOOHJ,Buena Park,90620,41,Two year,No,Mailed check,20.65,835.15,No,No,No,No,No,No,0.9822451976569126,0.017754802343087347,1.8,Very low
8404-FYDIB,Los Angeles,90012,26,Month-to-month,Fiber optic,Credit card (automatic),86.65,2208.75,Yes,Yes,No,No,No,No,0.6229706080818165,0.3770293919181836,37.7,Medium
8404-GFGCZ,Millville,96062,4,Month-to-month,DSL,Electronic check,65.6,250.1,No,No,Yes,No,Yes,No,0.38381445355313104,0.616185546446869,61.6,High
8404-VIOMB,Lakehead,96051,66,Two year,DSL,Bank transfer (automatic),62.5,4136.4,Yes,Yes,Yes,Yes,Yes,Yes,0.9740946215506361,0.025905378449363924,2.6,Very low
8404-VLQFB,California Hot Springs,93207,15,Month-to-month,No,Electronic check,25.25,394.85,No,No,No,No,No,No,0.9006180440490487,0.09938195595095137,9.9,Very low
8405-IGQFX,Bridgeport,93517,63,One year,Fiber optic,Credit card (automatic),90.05,5817.0,No,No,Yes,Yes,Yes,No,0.9187794870572213,0.08122051294277863,8.1,Very low
8406-LNMHF,Trona,93562,59,One year,Fiber optic,Credit card (automatic),82.95,4903.15,Yes,Yes,Yes,No,No,No,0.9170291838342741,0.0829708161657259,8.3,Very low
8409-WQJUX,Arcata,95521,25,One year,DSL,Electronic check,54.2,1423.15,No,No,Yes,Yes,Yes,Yes,0.7666426716281178,0.23335732837188222,23.3,Low
8410-BGQXN,Angels Camp,95222,4,Month-to-month,No,Mailed check,19.4,93.4,No,No,No,No,No,No,0.8104738073320972,0.18952619266790283,19.0,Low
8413-YNHNV,Oakland,94603,69,Two year,DSL,Mailed check,90.65,6322.1,Yes,Yes,Yes,Yes,Yes,Yes,0.983936543575463,0.016063456424537038,1.6,Very low
8414-OOEEL,Oakland,94606,66,Two year,DSL,Credit card (automatic),79.5,5196.1,No,Yes,Yes,Yes,Yes,Yes,0.9955189890326716,0.004481010967328474,0.4,Very low
8417-GSODA,Rancho Cucamonga,91737,28,One year,Fiber optic,Bank transfer (automatic),92.2,2568.15,No,No,No,No,Yes,Yes,0.8709921627005284,0.12900783729947166,12.9,Low
8421-WZOOW,Rio Vista,94571,57,Month-to-month,Fiber optic,Credit card (automatic),95.3,5567.45,No,Yes,Yes,Yes,Yes,No,0.9484097497490995,0.05159025025090048,5.2,Very low
8430-TWCBX,Novato,94947,49,One year,No,Credit card (automatic),20.7,1032.05,No,No,No,No,No,No,0.9729974022769895,0.027002597723010474,2.7,Very low
8433-WPJTV,French Camp,95231,65,One year,Fiber optic,Bank transfer (automatic),103.9,6767.1,No,No,Yes,Yes,Yes,Yes,0.9587591341282727,0.04124086587172725,4.1,Very low
8434-PNQZX,Marina Del Rey,90292,42,Two year,DSL,Credit card (automatic),78.45,3373.4,No,No,Yes,Yes,Yes,Yes,0.9270280703670044,0.07297192963299565,7.3,Very low
8434-VGEQQ,Guadalupe,93434,61,Two year,No,Credit card (automatic),20.55,1305.95,No,No,No,No,No,No,0.9894449118607614,0.01055508813923856,1.1,Very low
8439-LTUGF,Lake Forest,92630,10,Month-to-month,No,Credit card (automatic),20.0,198.6,No,No,No,No,No,No,0.8102339319108933,0.18976606808910665,19.0,Low
8441-SHIPE,Glendale,91204,67,Two year,No,Bank transfer (automatic),25.6,1790.35,No,No,No,No,No,No,0.9864690198244268,0.01353098017557323,1.4,Very low
8445-DNBAE,Sacramento,95814,1,Month-to-month,DSL,Electronic check,50.05,50.05,No,No,No,No,No,No,0.7762445555341548,0.2237554444658452,22.4,Low
8450-LUGUK,San Diego,92103,37,Two year,No,Bank transfer (automatic),24.1,861.85,No,No,No,No,No,No,0.9902082121332441,0.009791787866755917,1.0,Very low
8450-UYIBU,Fresno,93703,35,Month-to-month,DSL,Electronic check,39.85,1434.6,No,No,Yes,No,Yes,No,0.585371865168392,0.414628134831608,41.5,Medium
8454-AATJP,Oakland,94607,72,Two year,Fiber optic,Credit card (automatic),115.05,8405.0,Yes,Yes,Yes,Yes,Yes,Yes,0.9712147655860913,0.028785234413908716,2.9,Very low
8455-HIRAQ,Carmichael,95608,8,Month-to-month,DSL,Mailed check,44.45,369.3,No,No,No,No,No,No,0.6993360481392985,0.30066395186070155,30.1,Medium
8456-QDAVC,Winterhaven,92283,19,Month-to-month,Fiber optic,Bank transfer (automatic),78.7,1495.1,No,No,No,No,Yes,No,0.4474313211960569,0.5525686788039431,55.3,High
8457-XIGKN,Norco,92860,20,Month-to-month,No,Credit card (automatic),19.6,356.15,No,No,No,No,No,No,0.8566728975797524,0.14332710242024754,14.3,Low
8461-EFQYM,San Jose,95119,38,One year,No,Electronic check,24.25,914.4,No,No,No,No,No,No,0.9149512125904702,0.08504878740952977,8.5,Very low
8464-EETCQ,Salinas,93905,57,Two year,No,Credit card (automatic),18.8,1094.35,No,No,No,No,No,No,0.9908881849418598,0.00911181505814022,0.9,Very low
8465-SBRXP,Baldwin Park,91706,38,Two year,Fiber optic,Bank transfer (automatic),94.9,3616.25,No,No,Yes,Yes,Yes,No,0.955994792433445,0.044005207566555044,4.4,Very low
8466-PZBLH,Descanso,91916,67,Two year,Fiber optic,Bank transfer (automatic),104.6,6885.75,Yes,No,No,Yes,Yes,Yes,0.9889323907916485,0.011067609208351445,1.1,Very low
8467-WYNSR,Clayton,94517,22,Month-to-month,DSL,Mailed check,55.1,1253.15,Yes,No,No,Yes,No,No,0.8812997696954337,0.11870023030456632,11.9,Low
8468-EHYJA,Palo Verde,92266,57,Month-to-month,Fiber optic,Electronic check,99.65,5497.05,Yes,No,No,No,Yes,Yes,0.5468784393987852,0.4531215606012148,45.3,High
8468-FZTOE,San Diego,92126,72,Two year,DSL,Electronic check,74.35,5237.4,Yes,Yes,Yes,Yes,No,Yes,0.996208003788764,0.003791996211236012,0.4,Very low
8469-SNFFH,San Pedro,90731,70,One year,DSL,Bank transfer (automatic),79.4,5528.9,Yes,Yes,Yes,Yes,Yes,No,0.9749989835941658,0.025001016405834197,2.5,Very low
8474-UMLNT,Fresno,93710,13,Month-to-month,DSL,Bank transfer (automatic),67.8,842.25,Yes,Yes,No,Yes,No,Yes,0.8397196771359637,0.1602803228640363,16.0,Low
8480-PPONV,Guerneville,95446,62,Two year,Fiber optic,Bank transfer (automatic),115.55,7159.05,Yes,Yes,Yes,Yes,Yes,Yes,0.9884666596253308,0.011533340374669276,1.2,Very low
8486-AYEQH,Guatay,91931,31,Month-to-month,Fiber optic,Electronic check,76.05,2227.8,No,No,No,No,No,No,0.44630526728519504,0.553694732714805,55.4,High
8490-BXHEO,Lucerne Valley,92356,18,Month-to-month,Fiber optic,Credit card (automatic),80.55,1411.65,No,Yes,No,No,No,No,0.4606981112597881,0.5393018887402119,53.9,High
8495-LJDFO,Rancho Santa Margarita,92688,64,Month-to-month,Fiber optic,Bank transfer (automatic),108.95,7111.3,Yes,No,Yes,Yes,Yes,Yes,0.803851649006877,0.19614835099312297,19.6,Low
8495-PRWFH,Waterford,95386,42,Month-to-month,DSL,Electronic check,55.65,2421.75,No,No,Yes,No,No,No,0.7975067167005805,0.20249328329941954,20.2,Low
8496-DMZUK,Soulsbyville,95372,30,One year,Fiber optic,Bank transfer (automatic),90.4,2820.65,Yes,Yes,Yes,No,No,No,0.8445221593685222,0.15547784063147782,15.5,Low
8498-XXGWA,Malibu,90265,65,Month-to-month,DSL,Mailed check,55.15,3673.15,Yes,No,Yes,No,No,No,0.9249126900319615,0.07508730996803842,7.5,Very low
8499-BRXTD,Kernville,93238,18,One year,No,Mailed check,20.1,401.85,No,No,No,No,No,No,0.9345194390215775,0.06548056097842246,6.5,Very low
8510-BBWMU,Stonyford,95979,41,One year,No,Mailed check,19.75,806.95,No,No,No,No,No,No,0.9565191224371474,0.04348087756285255,4.3,Very low
8510-TMWYB,Sacramento,95814,54,Two year,DSL,Bank transfer (automatic),59.8,3246.45,No,Yes,Yes,No,No,No,0.9896139188850706,0.010386081114929483,1.0,Very low
8512-WIWYV,Kirkwood,95646,32,One year,No,Credit card (automatic),20.35,707.5,No,No,No,No,No,No,0.9637794605361337,0.03622053946386626,3.6,Very low
8513-OLYGY,Fortuna,95540,72,Two year,Fiber optic,Credit card (automatic),115.8,8332.15,Yes,Yes,Yes,Yes,Yes,Yes,0.9616258603050051,0.03837413969499497,3.8,Very low
8514-VZHEB,Travis Afb,94535,59,Two year,No,Mailed check,19.5,1147.85,No,No,No,No,No,No,0.9973767498957264,0.002623250104273606,0.3,Very low
8532-UEFWH,Huntington Beach,92649,52,Two year,No,Mailed check,25.75,1345.85,No,No,No,No,No,No,0.9953367355313957,0.004663264468604316,0.5,Very low
8535-SFUTN,Moreno Valley,92555,61,Month-to-month,Fiber optic,Electronic check,106.45,6300.15,Yes,No,Yes,No,Yes,Yes,0.6480724999784746,0.35192750002152534,35.2,Medium
8540-ZQGEA,Playa Del Rey,90293,54,Two year,No,Credit card (automatic),20.05,1102.4,No,No,No,No,No,No,0.9868675603227306,0.013132439677269386,1.3,Very low
8541-QVFKM,Long Beach,90807,8,Month-to-month,Fiber optic,Electronic check,73.5,632.2,No,No,No,No,No,No,0.2710462787500201,0.7289537212499799,72.9,Very high
8543-MSDMF,Coachella,92236,3,Month-to-month,DSL,Electronic check,77.4,206.15,Yes,No,Yes,No,Yes,Yes,0.4663002508635796,0.5336997491364204,53.4,High
8544-GOQSH,Pacoima,91331,14,Month-to-month,Fiber optic,Credit card (automatic),80.05,1112.3,No,Yes,No,Yes,No,No,0.6038735258745156,0.3961264741254844,39.6,Medium
8544-JNBOX,Weimar,95736,72,Two year,No,Mailed check,20.8,1521.2,No,No,No,No,No,No,0.9908627745087477,0.009137225491252315,0.9,Very low
8547-NSBBO,San Pedro,90731,35,Month-to-month,Fiber optic,Mailed check,96.75,3403.4,Yes,Yes,Yes,Yes,No,No,0.7325703579884846,0.2674296420115155,26.7,Medium
8548-AWOFC,Huntington Beach,92647,66,Month-to-month,DSL,Electronic check,63.85,4264.6,No,No,No,Yes,No,Yes,0.8757455144648731,0.1242544855351268,12.4,Low
8550-XSXUQ,Cottonwood,96022,48,One year,DSL,Credit card (automatic),70.55,3420.5,No,Yes,Yes,No,No,Yes,0.8745317323323873,0.12546826766761263,12.5,Low
8552-OBVRU,Ivanhoe,93235,48,Month-to-month,Fiber optic,Electronic check,104.5,5068.05,Yes,No,Yes,Yes,Yes,Yes,0.8983878179191389,0.10161218208086109,10.2,Low
8559-WNQZS,Atwater,95301,1,Two year,No,Mailed check,20.45,20.45,No,No,No,No,No,No,0.9342085851526194,0.06579141484738056,6.6,Very low
8561-NMTBD,Lawndale,90260,67,One year,Fiber optic,Credit card (automatic),112.35,7388.45,No,Yes,Yes,Yes,Yes,Yes,0.9675816669855499,0.03241833301445005,3.2,Very low
8562-GHPPI,San Leandro,94577,1,Month-to-month,No,Credit card (automatic),19.8,19.8,No,No,No,No,No,No,0.8203274167658391,0.17967258323416094,18.0,Low
8563-OYMQY,Covina,91722,17,Month-to-month,Fiber optic,Credit card (automatic),90.95,1612.2,No,Yes,Yes,No,No,Yes,0.4814727839973415,0.5185272160026585,51.9,High
8564-LDKFL,Big Bar,96010,40,One year,Fiber optic,Bank transfer (automatic),106.0,4178.65,No,Yes,Yes,No,Yes,Yes,0.6142187279251062,0.38578127207489377,38.6,Medium
8565-HBFNN,Los Altos,94024,69,One year,Fiber optic,Credit card (automatic),107.2,7317.1,Yes,Yes,Yes,Yes,No,Yes,0.9233331049825413,0.07666689501745876,7.7,Very low
8565-WUXZU,Vina,96092,72,Two year,Fiber optic,Credit card (automatic),84.8,6141.65,Yes,Yes,No,Yes,No,No,0.9764076538673884,0.023592346132611648,2.4,Very low
8566-YPRGL,Long Beach,90806,1,Month-to-month,No,Mailed check,19.5,19.5,No,No,No,No,No,No,0.7332477165499767,0.26675228345002333,26.7,Medium
8570-KLJYJ,Arroyo Grande,93420,36,One year,DSL,Mailed check,54.45,1893.5,Yes,No,No,No,No,No,0.9273731998517583,0.07262680014824174,7.3,Very low
8571-ZCMCX,Fresno,93706,47,Two year,DSL,Credit card (automatic),60.0,2768.65,Yes,Yes,Yes,No,Yes,Yes,0.9827446448144838,0.01725535518551621,1.7,Very low
8573-CGOCC,Stockton,95215,16,Month-to-month,No,Credit card (automatic),19.75,294.9,No,No,No,No,No,No,0.8817147663677153,0.11828523363228476,11.8,Low
8573-JGCZW,Idyllwild,92549,17,One year,No,Bank transfer (automatic),19.65,351.55,No,No,No,No,No,No,0.9143424387844015,0.0856575612155985,8.6,Very low
8577-QSOCG,Berkeley,94703,38,Two year,No,Mailed check,20.2,746.05,No,No,No,No,No,No,0.9925589427332566,0.007441057266743417,0.7,Very low
8582-KRHPJ,Moraga,94556,50,Month-to-month,DSL,Mailed check,35.0,1782.4,Yes,Yes,No,No,No,No,0.8672118424701056,0.1327881575298944,13.3,Low
8584-KMVXD,Calistoga,94515,8,Month-to-month,Fiber optic,Electronic check,75.6,535.55,No,Yes,No,No,No,No,0.453923103224697,0.546076896775303,54.6,High
8587-XYZSF,Bellflower,90706,67,Two year,DSL,Bank transfer (automatic),50.55,3260.1,No,No,No,Yes,No,No,0.9895392559758033,0.01046074402419667,1.0,Very low
8590-OHDIW,Garden Grove,92843,38,One year,No,Mailed check,20.3,749.35,No,No,No,No,No,No,0.9908233186120543,0.009176681387945735,0.9,Very low
8590-YFFQO,Morgan Hill,95037,70,Two year,DSL,Credit card (automatic),64.95,4523.25,Yes,Yes,Yes,Yes,No,No,0.9927248725924136,0.007275127407586417,0.7,Very low
8591-NXRCV,Malibu,90265,41,Month-to-month,DSL,Bank transfer (automatic),74.65,3090.65,Yes,No,Yes,Yes,No,Yes,0.8597066532643058,0.14029334673569419,14.0,Low
8591-TKMZH,Claremont,91711,59,Two year,Fiber optic,Mailed check,111.1,6555.2,Yes,Yes,No,Yes,Yes,Yes,0.9797013063798485,0.02029869362015143,2.0,Very low
8592-PLTMQ,Fontana,92335,64,One year,No,Mailed check,24.7,1642.75,No,No,No,No,No,No,0.9797316676132524,0.02026833238674761,2.0,Very low
8595-SIZNC,Los Angeles,90026,22,One year,No,Bank transfer (automatic),25.6,548.8,No,No,No,No,No,No,0.9054185997202603,0.09458140027973971,9.5,Very low
8597-CTXVJ,Jenner,95450,70,One year,DSL,Bank transfer (automatic),64.95,4551.5,Yes,Yes,No,Yes,No,No,0.9970913193800679,0.002908680619932055,0.3,Very low
8597-CWYHH,Torrance,90502,43,One year,Fiber optic,Mailed check,94.35,3921.3,No,No,No,No,Yes,Yes,0.7269763621515536,0.2730236378484464,27.3,Medium
8605-ITULD,Crescent Mills,95934,1,Month-to-month,No,Mailed check,19.55,19.55,No,No,No,No,No,No,0.7968245159733536,0.20317548402664645,20.3,Low
8606-CIQUL,Temecula,92591,72,Two year,Fiber optic,Credit card (automatic),115.75,8399.15,Yes,Yes,Yes,Yes,Yes,Yes,0.9886072891941509,0.011392710805849141,1.1,Very low
8606-OEGQZ,Escalon,95320,18,Two year,No,Credit card (automatic),25.3,454.65,No,No,No,No,No,No,0.9907061582720834,0.009293841727916597,0.9,Very low
8608-OZTLB,Applegate,95703,38,One year,DSL,Electronic check,74.05,2802.3,Yes,Yes,Yes,Yes,Yes,No,0.984890899720494,0.015109100279505969,1.5,Very low
8610-ZIKJJ,Tujunga,91042,2,One year,No,Mailed check,20.3,31.9,No,No,No,No,No,No,0.9698467608227065,0.030153239177293494,3.0,Very low
8612-GXIDD,San Bernardino,92404,12,Two year,No,Bank transfer (automatic),25.4,313.0,No,No,No,No,No,No,0.9772680670130096,0.022731932986990395,2.3,Very low
8617-ENBDS,Helendale,92342,3,Month-to-month,Fiber optic,Credit card (automatic),73.6,232.5,No,No,Yes,No,No,No,0.404632501556758,0.595367498443242,59.5,High
8619-IJNDK,Santa Ana,92703,71,Two year,DSL,Credit card (automatic),64.05,4492.9,Yes,Yes,Yes,Yes,No,No,0.9930636783543633,0.0069363216456366965,0.7,Very low
8620-RJPZN,Los Altos,94022,1,Month-to-month,No,Electronic check,20.7,20.7,No,No,No,No,No,No,0.7491382214998432,0.25086177850015673,25.1,Medium
8622-ZLFKO,Fresno,93710,6,Month-to-month,Fiber optic,Electronic check,90.75,512.25,No,Yes,No,No,No,Yes,0.18264200868665526,0.8173579913133447,81.7,Very high
8623-ULFNQ,Cerritos,90703,26,Month-to-month,DSL,Electronic check,66.05,1652.4,No,No,No,Yes,No,Yes,0.6288356966271595,0.37116430337284045,37.1,Medium
8626-PTQGE,Escondido,92026,69,Two year,DSL,Bank transfer (automatic),60.05,4176.7,Yes,Yes,No,Yes,Yes,Yes,0.975738240343177,0.024261759656822934,2.4,Very low
8626-XHBIE,Riverdale,93656,56,Two year,No,Mailed check,24.8,1424.2,No,No,No,No,No,No,0.9956167609716431,0.00438323902835692,0.4,Very low
8627-ZYGSZ,Compton,90220,47,One year,Fiber optic,Electronic check,78.9,3650.35,No,Yes,No,No,No,No,0.7040435814816294,0.2959564185183706,29.6,Medium
8628-MFKAX,San Pablo,94806,72,Two year,Fiber optic,Credit card (automatic),116.75,8277.05,Yes,Yes,Yes,Yes,Yes,Yes,0.9457437895966787,0.05425621040332134,5.4,Very low
8630-FJLIB,San Jose,95130,18,Month-to-month,Fiber optic,Electronic check,69.8,1221.65,No,No,No,No,No,No,0.4228577901475481,0.5771422098524519,57.7,High
8630-QSGXK,Pinon Hills,92372,51,Two year,DSL,Bank transfer (automatic),75.2,3901.25,No,No,No,Yes,Yes,Yes,0.9223373083771856,0.07766269162281438,7.8,Very low
8631-WUXGY,Magalia,95954,46,Month-to-month,Fiber optic,Electronic check,99.8,4391.25,No,Yes,Yes,No,Yes,Yes,0.8606031353440504,0.1393968646559496,13.9,Low
8631-XVRZL,Kyburz,95720,9,One year,No,Mailed check,20.15,163.7,No,No,No,No,No,No,0.8808098466483968,0.11919015335160318,11.9,Low
8639-NHQEI,Seiad Valley,96086,72,Two year,Fiber optic,Bank transfer (automatic),95.9,6954.15,Yes,Yes,No,No,Yes,No,0.9873533801023109,0.012646619897689126,1.3,Very low
8644-XYTSV,Ballico,95303,42,Month-to-month,DSL,Bank transfer (automatic),40.15,1626.05,Yes,No,No,No,Yes,No,0.7360136230681248,0.2639863769318752,26.4,Medium
8645-KOMJQ,Orosi,93647,69,Two year,DSL,Bank transfer (automatic),81.95,5601.4,No,Yes,Yes,Yes,Yes,Yes,0.9920453850819909,0.007954614918009096,0.8,Very low
8645-KWHJO,San Gabriel,91776,14,Month-to-month,DSL,Electronic check,55.0,771.95,No,No,Yes,Yes,Yes,Yes,0.4293236240473062,0.5706763759526938,57.1,High
8646-JCOMS,Maywood,90270,66,One year,Fiber optic,Bank transfer (automatic),90.55,6130.95,No,Yes,Yes,Yes,No,No,0.9043133583738598,0.0956866416261402,9.6,Very low
8647-SDTWQ,Hood,95639,57,Month-to-month,Fiber optic,Electronic check,74.3,4018.35,No,No,No,No,No,No,0.8787915463861254,0.12120845361387453,12.1,Low
8648-PFRMP,Ferndale,95536,14,Month-to-month,DSL,Electronic check,46.35,672.7,No,No,No,No,Yes,Yes,0.34367247778251986,0.6563275222174801,65.6,Very high
8652-YHIYU,San Jose,95125,16,One year,Fiber optic,Credit card (automatic),79.5,1264.2,No,No,No,Yes,No,No,0.9163315860333833,0.0836684139666167,8.4,Very low
8654-DHAOW,Burson,95225,2,Month-to-month,DSL,Mailed check,54.15,101.65,No,Yes,No,No,No,No,0.6005227963449524,0.3994772036550476,39.9,Medium
8659-HDIYE,Los Angeles,90067,64,Month-to-month,DSL,Credit card (automatic),74.65,4869.35,No,Yes,Yes,Yes,No,Yes,0.9377301000633653,0.06226989993663467,6.2,Very low
8659-IOOPU,Moss Landing,95039,71,Two year,Fiber optic,Electronic check,100.45,7159.7,Yes,No,Yes,Yes,No,Yes,0.9898501567326063,0.010149843267393632,1.0,Very low
8660-BUETV,Riverside,92501,3,Month-to-month,DSL,Mailed check,44.75,148.05,No,No,No,No,No,No,0.6628320088556942,0.33716799114430585,33.7,Medium
8661-BOYNW,Tollhouse,93667,72,Two year,DSL,Credit card (automatic),84.4,6096.45,Yes,No,Yes,Yes,Yes,Yes,0.974335798573631,0.0256642014263691,2.6,Very low
8663-UPDGF,Whittier,90605,26,Month-to-month,DSL,Bank transfer (automatic),69.5,1800.05,Yes,Yes,No,No,Yes,No,0.7381574866710703,0.2618425133289297,26.2,Medium
8668-KNZTI,Sacramento,95834,52,One year,DSL,Electronic check,53.75,2790.65,Yes,No,Yes,No,No,No,0.9592808489582777,0.040719151041722336,4.1,Very low
8670-ERCJH,Portola Valley,94028,72,Two year,Fiber optic,Bank transfer (automatic),113.4,8164.1,Yes,Yes,Yes,Yes,Yes,Yes,0.9692579745184784,0.030742025481521575,3.1,Very low
8670-MEFCP,Tranquillity,93668,36,Two year,DSL,Credit card (automatic),92.9,3379.25,Yes,Yes,Yes,Yes,Yes,Yes,0.9845154969150691,0.015484503084930924,1.5,Very low
8671-KKKOS,Newman,95360,46,Month-to-month,DSL,Electronic check,45.55,2062.15,Yes,Yes,No,No,Yes,No,0.7800169192304572,0.21998308076954276,22.0,Low
8672-OAUPW,Corona,92883,51,One year,DSL,Credit card (automatic),47.85,2356.75,No,No,No,Yes,No,No,0.9706298393903159,0.02937016060968415,2.9,Very low
8676-OOQEJ,Amboy,92304,4,Month-to-month,DSL,Electronic check,30.5,118.4,No,No,No,Yes,No,No,0.567489847425787,0.432510152574213,43.3,Medium
8677-HDZEE,Mountain Center,92561,56,Month-to-month,Fiber optic,Bank transfer (automatic),105.45,5916.95,No,Yes,No,Yes,Yes,Yes,0.707384067244676,0.29261593275532405,29.3,Medium
8679-LZBMD,North Fork,93643,44,One year,Fiber optic,Bank transfer (automatic),90.65,3974.15,No,No,No,No,Yes,Yes,0.6931746662102646,0.3068253337897354,30.7,Medium
8680-CGLTP,Nicasio,94946,29,One year,DSL,Electronic check,58.75,1696.2,Yes,Yes,No,Yes,No,No,0.920837280398618,0.07916271960138198,7.9,Very low
8681-ICONS,Sacramento,95822,29,Month-to-month,No,Mailed check,20.65,654.85,No,No,No,No,No,No,0.9635642432013581,0.03643575679864188,3.6,Very low
8687-BAFGU,Clovis,93612,1,Month-to-month,Fiber optic,Electronic check,74.0,74.0,No,No,No,Yes,No,No,0.4485738429919477,0.5514261570080523,55.1,High
8690-UPCZI,Los Angeles,90004,29,One year,DSL,Bank transfer (automatic),69.05,1958.45,Yes,No,No,Yes,Yes,No,0.977626492809722,0.022373507190277947,2.2,Very low
8690-ZVLCL,Los Angeles,90038,68,Two year,DSL,Credit card (automatic),88.0,6161.9,Yes,Yes,Yes,Yes,Yes,Yes,0.9962572234020602,0.003742776597939782,0.4,Very low
8695-ARGXZ,Fresno,93722,34,Month-to-month,Fiber optic,Electronic check,75.55,2425.4,No,No,No,No,No,No,0.39314472859037775,0.6068552714096223,60.7,High
8695-WDYEA,Chico,95928,1,Month-to-month,DSL,Mailed check,51.25,51.25,Yes,No,No,No,No,No,0.7236989212987026,0.2763010787012974,27.6,Medium
8701-DGLVH,Elk Grove,95624,51,Two year,No,Mailed check,20.45,1042.65,No,No,No,No,No,No,0.9870699821527542,0.012930017847245798,1.3,Very low
8705-DWKTI,Gasquet,95543,52,Month-to-month,Fiber optic,Credit card (automatic),83.8,4331.4,No,No,Yes,No,No,Yes,0.7302767578367138,0.26972324216328625,27.0,Medium
8705-WZCYL,Encinitas,92024,1,Month-to-month,DSL,Electronic check,44.8,44.8,No,No,No,No,No,No,0.4915821640551803,0.5084178359448197,50.8,High
8706-HRADD,Sunnyvale,94087,21,Month-to-month,DSL,Mailed check,43.55,1011.5,Yes,No,No,Yes,Yes,No,0.6982216252735296,0.3017783747264704,30.2,Medium
8707-HOEDG,Palmdale,93552,70,Two year,Fiber optic,Electronic check,110.2,7689.8,No,Yes,Yes,Yes,Yes,Yes,0.9744005768126601,0.025599423187339886,2.6,Very low
8707-RMEZH,Tecate,91980,69,One year,Fiber optic,Credit card (automatic),87.3,6055.55,Yes,Yes,No,No,No,Yes,0.9439290888618648,0.05607091113813524,5.6,Very low
8709-KRDVL,Scott Bar,96085,33,Month-to-month,Fiber optic,Electronic check,100.0,3320.6,No,Yes,No,No,Yes,Yes,0.3548858634989792,0.6451141365010208,64.5,High
8710-YGLWG,North Hills,91343,1,Month-to-month,DSL,Mailed check,44.9,44.9,No,No,No,No,No,No,0.5594347865190121,0.4405652134809878,44.1,Medium
8711-LOBKY,Navarro,95463,59,Two year,No,Mailed check,19.85,1188.25,No,No,No,No,No,No,0.9973767498957264,0.002623250104273606,0.3,Very low
8713-IGZSO,Salinas,93906,2,Month-to-month,No,Mailed check,24.85,62.0,No,No,No,No,No,No,0.7396096175736744,0.2603903824263256,26.0,Medium
8714-CTZJW,Pilot Hill,95664,4,Month-to-month,Fiber optic,Credit card (automatic),82.85,319.6,No,No,Yes,No,No,Yes,0.3533648154975607,0.6466351845024393,64.7,High
8715-KKTFG,Roseville,95661,61,One year,Fiber optic,Bank transfer (automatic),103.3,6518.35,No,No,Yes,Yes,Yes,Yes,0.8044226524496403,0.19557734755035966,19.6,Low
8717-VCTXJ,Santa Cruz,95065,42,One year,No,Mailed check,19.55,839.4,No,No,No,No,No,No,0.9573126637990745,0.04268733620092552,4.3,Very low
8720-RQSBJ,Armona,93202,1,Month-to-month,DSL,Electronic check,44.0,44.0,No,No,No,No,No,No,0.5743812096837331,0.425618790316267,42.6,Medium
8722-PRFDV,Los Angeles,90042,71,Two year,DSL,Credit card (automatic),77.55,5574.35,Yes,No,Yes,No,Yes,Yes,0.9962575755376797,0.003742424462320363,0.4,Very low
8725-JEDFD,Calabasas,91302,27,Month-to-month,Fiber optic,Mailed check,69.05,1793.25,No,No,No,No,No,No,0.5621408338736174,0.4378591661263827,43.8,Medium
8727-JQFHV,Dunsmuir,96025,57,Two year,No,Mailed check,20.75,1123.15,No,No,No,No,No,No,0.9971946995083415,0.002805300491658524,0.3,Very low
8727-XDPUD,Sacramento,95829,37,Two year,DSL,Credit card (automatic),35.8,1316.9,No,No,No,No,Yes,No,0.9228291858478065,0.07717081415219354,7.7,Very low
8728-SKJLR,Olancha,93549,41,Month-to-month,Fiber optic,Electronic check,74.25,3089.1,No,No,No,Yes,No,No,0.6864871792631964,0.3135128207368037,31.4,Medium
8731-WBBMB,San Diego,92117,26,Month-to-month,DSL,Bank transfer (automatic),81.9,2078.55,No,Yes,Yes,Yes,Yes,Yes,0.7632681826109681,0.2367318173890319,23.7,Low
8734-DKSTZ,Winterhaven,92283,10,Month-to-month,Fiber optic,Electronic check,85.95,858.6,No,No,No,No,No,Yes,0.6233180417234712,0.37668195827652884,37.7,Medium
8734-FNWVH,West Covina,91792,31,Month-to-month,DSL,Bank transfer (automatic),59.7,1825.5,No,No,No,No,No,Yes,0.9191229915069222,0.0808770084930778,8.1,Very low
8735-DCXNF,Pilot Hill,95664,10,Month-to-month,DSL,Credit card (automatic),54.95,568.85,Yes,No,No,Yes,No,No,0.7529989512961597,0.24700104870384026,24.7,Low
8735-IJJEG,Guatay,91931,14,Month-to-month,DSL,Credit card (automatic),50.2,668.85,No,No,Yes,No,No,No,0.7150069520547946,0.28499304794520547,28.5,Medium
8735-NBLWT,Foresthill,95631,9,Month-to-month,No,Mailed check,20.4,184.1,No,No,No,No,No,No,0.9623393095902815,0.0376606904097185,3.8,Very low
8735-SDUFN,Salinas,93908,72,Two year,No,Bank transfer (automatic),24.3,1778.7,No,No,No,No,No,No,0.9890966249766495,0.010903375023350462,1.1,Very low
8738-JOKAR,Covina,91722,42,One year,DSL,Mailed check,67.7,2882.25,Yes,Yes,No,Yes,No,Yes,0.9484322636257703,0.05156773637422978,5.2,Very low
8739-QOTTN,Avalon,90704,2,Month-to-month,No,Mailed check,20.35,41.85,No,No,No,No,No,No,0.7534600534649226,0.2465399465350774,24.7,Low
8739-XNIKG,Bakersfield,93301,5,Month-to-month,Fiber optic,Electronic check,84.0,424.75,No,No,No,No,Yes,No,0.20090592045248123,0.7990940795475188,79.9,Very high
8741-LQOBK,Elmira,95625,46,Month-to-month,DSL,Bank transfer (automatic),35.05,1620.25,Yes,Yes,No,No,No,No,0.9719899061089022,0.0280100938910978,2.8,Very low
8745-PVESG,Rancho Santa Fe,92067,57,One year,DSL,Credit card (automatic),41.1,2258.25,Yes,No,Yes,Yes,No,No,0.9630375853203826,0.03696241467961737,3.7,Very low
8746-BFOAJ,Garden Grove,92845,21,One year,No,Bank transfer (automatic),20.5,429.55,No,No,No,No,No,No,0.9445815639577242,0.05541843604227578,5.5,Very low
8746-OQQRW,Hopland,95449,4,Month-to-month,No,Mailed check,25.25,101.9,No,No,No,No,No,No,0.7523564288328028,0.24764357116719715,24.8,Low
8747-UDCOI,Sun City,92587,65,Two year,No,Bank transfer (automatic),19.35,1319.95,No,No,No,No,No,No,0.9903975887001288,0.009602411299871163,1.0,Very low
8748-HFWBO,Camino,95709,19,One year,No,Mailed check,19.9,357.7,No,No,No,No,No,No,0.9825073531991279,0.017492646800872126,1.7,Very low
8749-CLJXC,Ahwahnee,93601,1,Month-to-month,No,Mailed check,20.05,20.05,No,No,No,No,No,No,0.7944846682045015,0.20551533179549855,20.6,Low
8749-TZYEC,Yorba Linda,92887,72,Two year,No,Credit card (automatic),24.8,1874.3,No,No,No,No,No,No,0.9897350218804737,0.010264978119526286,1.0,Very low
8750-QWZAJ,Orange,92867,70,Two year,No,Bank transfer (automatic),19.8,1378.75,No,No,No,No,No,No,0.9983800693247247,0.0016199306752753375,0.2,Very low
8751-EDEKA,Rancho Santa Fe,92091,28,Month-to-month,Fiber optic,Credit card (automatic),89.9,2433.5,No,Yes,Yes,No,No,Yes,0.5945080355938741,0.40549196440612595,40.5,Medium
8752-GHJFU,Applegate,95703,71,One year,Fiber optic,Electronic check,92.0,6585.2,Yes,Yes,Yes,Yes,No,No,0.9149311884766927,0.08506881152330727,8.5,Very low
8752-IMQOS,Fullerton,92832,5,One year,No,Mailed check,20.1,85.1,No,No,No,No,No,No,0.8741226353484066,0.12587736465159333,12.6,Low
8755-IWJHN,Honeydew,95545,69,Month-to-month,Fiber optic,Bank transfer (automatic),95.35,6382.0,No,Yes,Yes,No,No,Yes,0.7260792140703937,0.27392078592960634,27.4,Medium
8755-OGKNA,Laton,93242,57,Two year,No,Bank transfer (automatic),19.5,1167.6,No,No,No,No,No,No,0.9974936946802829,0.0025063053197171277,0.3,Very low
8756-RDDLT,San Leandro,94577,68,Month-to-month,DSL,Electronic check,44.95,3085.35,No,Yes,No,Yes,No,Yes,0.9072107683479299,0.09278923165207012,9.3,Very low
8757-TFHHJ,San Jose,95128,1,Month-to-month,DSL,Credit card (automatic),49.8,49.8,Yes,No,No,No,No,No,0.6812421209645902,0.3187578790354097,31.9,Medium
8760-ZRHKE,Berry Creek,95916,71,One year,DSL,Electronic check,69.2,4982.5,Yes,Yes,No,No,Yes,No,0.9898803812579721,0.010119618742027948,1.0,Very low
8763-KIAFH,Whittier,90603,27,One year,No,Mailed check,20.55,583.3,No,No,No,No,No,No,0.9118932183671803,0.0881067816328197,8.8,Very low
8766-PAFNE,Hayward,94545,71,Two year,DSL,Credit card (automatic),79.1,5564.85,No,Yes,Yes,Yes,Yes,Yes,0.9751346629007954,0.024865337099204576,2.5,Very low
8769-KKTPH,Los Angeles,90066,63,One year,Fiber optic,Credit card (automatic),99.65,6311.2,Yes,No,No,No,Yes,Yes,0.824723395087417,0.17527660491258304,17.5,Low
8774-GSBUN,Compton,90222,72,Two year,No,Mailed check,25.4,1797.1,No,No,No,No,No,No,0.9880699894203466,0.011930010579653347,1.2,Very low
8775-ERLNB,Indio,92203,1,Month-to-month,Fiber optic,Electronic check,74.3,74.3,No,No,No,No,No,No,0.2334705132879581,0.7665294867120419,76.7,Very high
8777-MBMTS,West Covina,91791,65,Two year,Fiber optic,Credit card (automatic),105.85,6725.5,No,Yes,Yes,Yes,Yes,Yes,0.9306059445397561,0.06939405546024394,6.9,Very low
8777-PVYGU,Burson,95225,52,One year,DSL,Mailed check,64.3,3410.6,Yes,No,Yes,No,Yes,No,0.925363979139852,0.07463602086014803,7.5,Very low
8778-LMWTJ,River Pines,95675,9,Month-to-month,Fiber optic,Electronic check,74.85,708.2,Yes,No,No,No,No,No,0.4390066647415446,0.5609933352584554,56.1,High
8779-YIQQA,Pico Rivera,90660,21,One year,No,Mailed check,19.8,350.1,No,No,No,No,No,No,0.9836268913562395,0.016373108643760518,1.6,Very low
8780-IHCRN,Healdsburg,95448,63,Two year,No,Credit card (automatic),24.65,1574.5,No,No,No,No,No,No,0.9972279815489392,0.0027720184510608274,0.3,Very low
8780-RSYYU,Dixon,95620,25,Month-to-month,No,Credit card (automatic),19.2,532.1,No,No,No,No,No,No,0.877666523563331,0.12233347643666907,12.2,Low
8780-YRMTT,Yountville,94599,66,Two year,DSL,Mailed check,47.4,3177.25,Yes,Yes,Yes,Yes,No,No,0.983454603775509,0.016545396224490992,1.7,Very low
8782-LKFPK,Beaumont,92223,44,Month-to-month,Fiber optic,Mailed check,90.4,4063.0,No,No,Yes,No,No,Yes,0.5579966546339832,0.4420033453660169,44.2,Medium
8782-NUUOL,Crescent Mills,95934,60,One year,DSL,Mailed check,79.0,4801.1,Yes,No,Yes,Yes,Yes,Yes,0.9701165370364072,0.02988346296359279,3.0,Very low
8785-CJSHH,West Sacramento,95691,60,Month-to-month,Fiber optic,Electronic check,99.8,5985.75,No,Yes,No,No,Yes,Yes,0.5068959612742361,0.49310403872576386,49.3,High
8788-DOXSU,Frazier Park,93225,59,One year,DSL,Bank transfer (automatic),61.35,3645.5,No,No,Yes,No,No,Yes,0.9413642948218705,0.0586357051781295,5.9,Very low
8791-GFXLZ,San Jose,95127,12,Month-to-month,DSL,Bank transfer (automatic),49.05,593.05,No,Yes,No,No,No,No,0.6931162168855718,0.30688378311442827,30.7,Medium
8792-AOROI,Glendora,91741,8,Two year,DSL,Mailed check,65.5,564.35,Yes,No,No,Yes,No,Yes,0.908885860456115,0.09111413954388504,9.1,Very low
8799-OXZMD,Los Angeles,90048,28,Month-to-month,DSL,Mailed check,29.75,790.7,No,No,Yes,No,No,No,0.6669253031791198,0.33307469682088026,33.3,Medium
8800-JOOCF,Tecopa,92389,12,Month-to-month,Fiber optic,Electronic check,84.05,966.55,No,No,No,No,Yes,No,0.6163999789221948,0.38360002107780516,38.4,Medium
8800-ZKRFW,Philo,95466,30,Month-to-month,Fiber optic,Electronic check,107.5,3242.5,No,Yes,Yes,Yes,Yes,Yes,0.7296075074320916,0.27039249256790837,27.0,Medium
8805-JNRAZ,Huntington Beach,92646,2,Month-to-month,DSL,Mailed check,49.2,103.7,No,Yes,No,No,No,No,0.6790732297216715,0.3209267702783285,32.1,Medium
8807-ARQET,Angels Camp,95222,41,Month-to-month,DSL,Electronic check,40.35,1677.85,No,Yes,No,No,No,Yes,0.6639380181867752,0.3360619818132248,33.6,Medium
8807-OPMBM,Newbury Park,91320,55,Two year,No,Credit card (automatic),25.65,1388.0,No,No,No,No,No,No,0.9949095071345181,0.005090492865481929,0.5,Very low
8809-XKHMD,Sacramento,95828,72,Two year,Fiber optic,Bank transfer (automatic),100.55,7325.1,Yes,Yes,No,Yes,No,Yes,0.9562093738997492,0.043790626100250786,4.4,Very low
8812-ZRHFP,San Francisco,94133,30,One year,Fiber optic,Electronic check,86.45,2538.05,No,No,Yes,No,No,Yes,0.9065182439494894,0.09348175605051055,9.3,Very low
8815-LMFLX,Martinez,94553,25,Month-to-month,No,Bank transfer (automatic),25.4,546.85,No,No,No,No,No,No,0.9477111953427374,0.052288804657262634,5.2,Very low
8818-DOPVL,El Cerrito,94530,46,Month-to-month,Fiber optic,Electronic check,104.45,4863.85,No,Yes,Yes,No,Yes,Yes,0.4593395547664265,0.5406604452335735,54.1,High
8819-IMISP,Redlands,92373,31,Month-to-month,Fiber optic,Electronic check,80.45,2429.1,No,Yes,No,No,No,No,0.4693419083778022,0.5306580916221978,53.1,High
8819-WFGGJ,Grimes,95950,68,Two year,DSL,Bank transfer (automatic),54.1,3794.5,Yes,No,Yes,No,Yes,Yes,0.9504614855487299,0.04953851445127012,5.0,Very low
8819-ZBYNA,Murrieta,92562,58,Two year,Fiber optic,Credit card (automatic),109.1,6393.65,Yes,Yes,No,Yes,Yes,Yes,0.9160604420011855,0.0839395579988145,8.4,Very low
8821-KVZKQ,Fort Bragg,95437,70,One year,DSL,Bank transfer (automatic),58.4,4113.15,No,Yes,Yes,Yes,Yes,Yes,0.9846716774544109,0.015328322545589084,1.5,Very low
8822-KNBHV,Los Angeles,90011,48,One year,DSL,Credit card (automatic),83.45,3887.85,Yes,Yes,Yes,No,Yes,Yes,0.9102989932715658,0.08970100672843415,9.0,Very low
8823-RLPWL,Rosamond,93560,72,Two year,Fiber optic,Credit card (automatic),110.65,8065.65,Yes,Yes,Yes,No,Yes,Yes,0.927220067155779,0.07277993284422103,7.3,Very low
8838-GPHZP,Orange,92866,63,Two year,No,Mailed check,20.6,1298.7,No,No,No,No,No,No,0.9878458311467437,0.012154168853256295,1.2,Very low
8845-LWKGE,El Dorado,95623,30,One year,DSL,Electronic check,64.5,1985.15,No,No,Yes,Yes,Yes,No,0.9565315023187987,0.04346849768120133,4.3,Very low
8847-GEOOQ,Fontana,92337,60,Month-to-month,DSL,Bank transfer (automatic),60.2,3582.4,No,Yes,Yes,Yes,Yes,Yes,0.811245742566775,0.188754257433225,18.9,Low
8849-AYPTR,Sacramento,95819,33,Month-to-month,Fiber optic,Electronic check,91.25,2964.05,No,No,No,No,Yes,Yes,0.42433165470576495,0.575668345294235,57.6,High
8849-PRIQJ,Simi Valley,93063,67,One year,Fiber optic,Electronic check,109.4,7281.6,Yes,No,Yes,Yes,Yes,Yes,0.9620548240180448,0.037945175981955286,3.8,Very low
8851-RAGOV,Simi Valley,93065,25,Month-to-month,DSL,Mailed check,71.05,1837.7,Yes,Yes,No,Yes,No,Yes,0.7896398798380658,0.2103601201619342,21.0,Low
8853-TZDGH,Palo Cedro,96073,72,Two year,Fiber optic,Bank transfer (automatic),111.6,8012.75,No,Yes,Yes,Yes,Yes,Yes,0.9394187396926096,0.06058126030739037,6.1,Very low
8857-CUPFQ,Wallace,95254,63,Two year,No,Mailed check,19.25,1237.65,No,No,No,No,No,No,0.9885223807510132,0.011477619248986845,1.1,Very low
8859-AXJZP,Helm,93627,39,Two year,No,Mailed check,23.8,903.8,No,No,No,No,No,No,0.9503196542634609,0.0496803457365391,5.0,Very low
8859-DZTGQ,Petaluma,94952,33,Two year,No,Mailed check,20.35,689.75,No,No,No,No,No,No,0.976561938868103,0.02343806113189692,2.3,Very low
8859-YSTWS,Port Hueneme,93041,48,One year,No,Bank transfer (automatic),19.95,1004.5,No,No,No,No,No,No,0.9773807704869653,0.022619229513034723,2.3,Very low
8865-TNMNX,Los Angeles,90043,10,One year,DSL,Mailed check,49.55,475.7,No,Yes,No,No,No,No,0.8108315521822285,0.18916844781777148,18.9,Low
8868-GAGIO,Sunnyvale,94089,45,Month-to-month,Fiber optic,Mailed check,84.55,3713.95,Yes,No,Yes,No,No,No,0.6498432450371704,0.3501567549628296,35.0,Medium
8869-LIHMK,King City,93930,64,Two year,Fiber optic,Bank transfer (automatic),115.1,7334.05,Yes,Yes,Yes,Yes,Yes,Yes,0.9448397959513726,0.05516020404862748,5.5,Very low
8871-JLMHM,Los Angeles,90061,68,Two year,Fiber optic,Credit card (automatic),90.2,6297.65,No,Yes,Yes,Yes,No,No,0.9640486564926086,0.03595134350739133,3.6,Very low
8873-GLDMH,Courtland,95615,6,Month-to-month,Fiber optic,Mailed check,73.85,401.3,No,No,No,No,No,No,0.31344620796751865,0.6865537920324813,68.7,Very high
8873-TMKGR,Sugarloaf,92386,29,One year,No,Mailed check,19.1,529.5,No,No,No,No,No,No,0.9538370131940882,0.04616298680591176,4.6,Very low
8874-EJNSR,Salinas,93908,39,Two year,No,Mailed check,25.2,987.95,No,No,No,No,No,No,0.9927971589840583,0.007202841015941714,0.7,Very low
8875-AKBYH,Mineral,96063,20,Month-to-month,Fiber optic,Electronic check,84.35,1745.2,No,No,No,No,Yes,No,0.2865054699023615,0.7134945300976385,71.3,Very high
8878-RYUKI,Long Beach,90803,52,Month-to-month,DSL,Electronic check,59.45,3043.7,No,No,Yes,No,No,Yes,0.8099237925217018,0.19007620747829826,19.0,Low
8879-XUAHX,Irvine,92614,71,Two year,Fiber optic,Electronic check,116.25,8564.75,Yes,Yes,Yes,Yes,Yes,Yes,0.91740916730052,0.08259083269948003,8.3,Very low
8879-ZKJOF,Gardena,90249,41,One year,DSL,Bank transfer (automatic),79.85,3320.75,Yes,No,Yes,Yes,Yes,Yes,0.9307687454792279,0.06923125452077201,6.9,Very low
8882-TLVRW,Big Creek,93605,69,Two year,DSL,Mailed check,39.1,2779.5,Yes,No,Yes,Yes,No,No,0.9968465050734878,0.003153494926512223,0.3,Very low
8883-ANODQ,Termo,96132,68,Two year,Fiber optic,Credit card (automatic),84.4,5746.75,No,Yes,Yes,No,No,No,0.9854793085328585,0.014520691467141533,1.5,Very low
8883-GRDWQ,Stinson Beach,94970,20,One year,DSL,Mailed check,54.0,1055.9,Yes,No,No,Yes,No,No,0.9339970043837735,0.06600299561622643,6.6,Very low
8884-FEEWR,El Dorado Hills,95762,35,One year,No,Bank transfer (automatic),20.6,754.0,No,No,No,No,No,No,0.9654024224591637,0.034597577540836276,3.5,Very low
8884-MRNSU,Caruthers,93609,17,One year,No,Bank transfer (automatic),19.9,329.75,No,No,No,No,No,No,0.9198416073000689,0.08015839269993104,8.0,Very low
8885-QSQBX,Forest Falls,92339,1,Month-to-month,DSL,Bank transfer (automatic),49.55,49.55,Yes,No,No,No,No,No,0.7457144838608912,0.25428551613910877,25.4,Medium
8887-IPQNC,Manhattan Beach,90266,7,Month-to-month,DSL,Mailed check,44.25,313.45,No,No,No,No,No,No,0.542905545235177,0.457094454764823,45.7,High
8894-JVDCV,Riverside,92505,62,One year,Fiber optic,Credit card (automatic),115.05,7133.45,Yes,Yes,Yes,Yes,Yes,Yes,0.9055168064433188,0.09448319355668118,9.4,Very low
8896-BQTTI,Cool,95614,1,Month-to-month,No,Mailed check,25.0,25.0,No,No,No,No,No,No,0.6581137425147265,0.3418862574852734,34.2,Medium
8896-RAZCR,Oro Grande,92368,44,Two year,No,Mailed check,19.9,868.1,No,No,No,No,No,No,0.9839221412184065,0.01607785878159347,1.6,Very low
8898-KASCD,Biggs,95917,39,One year,DSL,Mailed check,35.55,1309.15,No,No,Yes,Yes,No,No,0.9223756107402377,0.07762438925976237,7.8,Very low
8901-UPRHR,La Grange,95329,72,Two year,Fiber optic,Bank transfer (automatic),109.2,7711.45,No,Yes,Yes,Yes,Yes,Yes,0.9833357390260249,0.01666426097397506,1.7,Very low
8902-ZEOVF,Chilcoot,96105,47,One year,No,Mailed check,20.05,951.55,No,No,No,No,No,No,0.9931063389803195,0.006893661019680513,0.7,Very low
8903-WMRNW,Durham,95938,15,Month-to-month,Fiber optic,Electronic check,101.75,1669.4,Yes,No,Yes,No,Yes,Yes,0.37560841224178876,0.6243915877582112,62.4,High
8903-XEBGX,Lancaster,93534,2,Month-to-month,DSL,Electronic check,55.3,108.65,No,No,No,No,No,Yes,0.7946707339598663,0.20532926604013368,20.5,Low
8904-OPDCK,Citrus Heights,95621,54,Month-to-month,DSL,Bank transfer (automatic),24.95,1364.75,No,No,No,No,No,No,0.7906481185512997,0.20935188144870037,20.9,Low
8905-IAZPF,Capistrano Beach,92624,69,One year,Fiber optic,Credit card (automatic),95.65,6744.2,No,Yes,No,No,Yes,Yes,0.861879984902459,0.13812001509754104,13.8,Low
8908-NMQTX,Walnut Creek,94595,72,Two year,DSL,Bank transfer (automatic),65.6,4566.5,Yes,Yes,Yes,Yes,Yes,Yes,0.9784270063988421,0.02157299360115792,2.2,Very low
8908-SLFCJ,Oroville,95966,21,Two year,No,Credit card (automatic),20.85,435.25,No,No,No,No,No,No,0.9583932189222083,0.04160678107779166,4.2,Very low
8909-BOLNL,San Francisco,94123,3,One year,No,Mailed check,21.2,52.05,No,No,No,No,No,No,0.8960126629173573,0.1039873370826428,10.4,Low
8910-ICHIU,Essex,92332,46,One year,Fiber optic,Credit card (automatic),95.65,4664.2,Yes,Yes,Yes,No,Yes,No,0.8802030311619186,0.11979696883808141,12.0,Low
8910-LEDAG,Prather,93651,34,Month-to-month,Fiber optic,Credit card (automatic),71.55,2427.35,No,No,No,No,No,No,0.6654565961337815,0.3345434038662185,33.5,Medium
8915-NNTRC,Lake Isabella,93240,72,Two year,Fiber optic,Credit card (automatic),107.7,7919.8,Yes,Yes,No,Yes,Yes,Yes,0.9886374931562739,0.011362506843726089,1.1,Very low
8917-FAEMR,Vallejo,94590,37,Two year,No,Mailed check,19.85,784.25,No,No,No,No,No,No,0.97973975952175,0.020260240478250043,2.0,Very low
8917-SZTTJ,Los Angeles,90042,60,Two year,No,Credit card (automatic),19.65,1161.75,No,No,No,No,No,No,0.9978202371205335,0.00217976287946649,0.2,Very low
8920-NAVAY,Los Angeles,90045,62,One year,Fiber optic,Bank transfer (automatic),110.75,7053.35,No,Yes,Yes,Yes,Yes,Yes,0.8583565870829268,0.1416434129170732,14.2,Low
8922-NPKBJ,Manteca,95336,42,Two year,No,Mailed check,19.35,867.3,No,No,No,No,No,No,0.995362085075315,0.004637914924685032,0.5,Very low
8929-KSWIH,San Jose,95111,25,Two year,Fiber optic,Bank transfer (automatic),99.3,2513.5,No,No,Yes,Yes,Yes,Yes,0.8501632691779841,0.1498367308220159,15.0,Low
8930-XOTDP,North Hollywood,91606,18,Month-to-month,DSL,Mailed check,55.95,1082.8,No,No,No,No,Yes,No,0.902607621472296,0.09739237852770398,9.7,Very low
8932-CZHRQ,Bell,90201,68,One year,DSL,Credit card (automatic),76.75,5233.25,Yes,Yes,Yes,No,No,Yes,0.9739538803596007,0.026046119640399244,2.6,Very low
8942-DBMHZ,San Francisco,94122,12,Month-to-month,No,Mailed check,20.45,255.35,No,No,No,No,No,No,0.8484130770285332,0.15158692297146684,15.2,Low
8944-AILEF,Keyes,95328,15,Month-to-month,No,Credit card (automatic),19.45,340.85,No,No,No,No,No,No,0.7919429093205994,0.2080570906794006,20.8,Low
8946-BFWSG,Davis,95618,63,Two year,No,Mailed check,25.25,1573.05,No,No,No,No,No,No,0.9967743847787754,0.0032256152212245415,0.3,Very low
8947-YRTDV,Hoopa,95546,32,One year,Fiber optic,Mailed check,94.8,3131.55,Yes,Yes,Yes,No,No,Yes,0.9557696415342113,0.04423035846578868,4.4,Very low
8950-MTZNV,Carson,90746,1,Month-to-month,DSL,Mailed check,44.95,44.95,No,No,No,No,No,No,0.5594347865190121,0.4405652134809878,44.1,Medium
8952-WCVCD,South Gate,90280,41,One year,Fiber optic,Bank transfer (automatic),104.45,4162.05,Yes,Yes,Yes,No,Yes,Yes,0.7726961367022608,0.22730386329773922,22.7,Low
8957-THMOA,Big Bear City,92314,50,Two year,No,Credit card (automatic),20.15,970.85,No,No,No,No,No,No,0.9977338509755977,0.0022661490244022574,0.2,Very low
8958-JPTRR,Calabasas,91302,56,One year,No,Electronic check,24.3,1261.7,No,No,No,No,No,No,0.9549337080274863,0.045066291972513675,4.5,Very low
8961-QDZZJ,Lake Arrowhead,92352,57,One year,Fiber optic,Electronic check,95.0,5535.8,No,Yes,No,No,Yes,Yes,0.9322788052951521,0.06772119470484789,6.8,Very low
8963-JLGJT,Santa Barbara,93105,3,Month-to-month,DSL,Mailed check,55.9,157.55,Yes,No,Yes,No,No,No,0.9351673597608067,0.06483264023919336,6.5,Very low
8963-MQVYN,Lost Hills,93249,22,Month-to-month,No,Electronic check,20.55,469.85,No,No,No,No,No,No,0.9554049264927041,0.04459507350729585,4.5,Very low
8966-KZXXA,Long Beach,90807,36,Two year,No,Credit card (automatic),25.1,930.95,No,No,No,No,No,No,0.9931534140514089,0.006846585948591062,0.7,Very low
8966-OIQHG,Stanton,90680,22,One year,No,Bank transfer (automatic),20.75,452.35,No,No,No,No,No,No,0.9858284612399896,0.014171538760010472,1.4,Very low
8966-SNIZF,Vista,92083,70,Two year,No,Bank transfer (automatic),19.45,1303.5,No,No,No,No,No,No,0.9918720882455535,0.008127911754446507,0.8,Very low
8967-SZQAS,Hornitos,95325,14,Month-to-month,DSL,Electronic check,50.45,765.45,No,Yes,No,No,No,No,0.7069564741517542,0.29304352584824583,29.3,Medium
8969-PRHFK,Red Bluff,96080,18,One year,No,Mailed check,19.65,411.25,No,No,No,No,No,No,0.9345194390215775,0.06548056097842246,6.5,Very low
8970-ANWXO,Sacramento,95835,23,One year,DSL,Mailed check,73.75,1756.6,No,No,No,Yes,Yes,Yes,0.7621780033653346,0.23782199663466538,23.8,Low
8974-OVACP,Yermo,92398,1,Month-to-month,No,Mailed check,20.15,20.15,No,No,No,No,No,No,0.7968245159733536,0.20317548402664645,20.3,Low
8975-SKGRX,Redwood City,94063,71,Two year,Fiber optic,Bank transfer (automatic),116.1,8310.55,Yes,Yes,Yes,Yes,Yes,Yes,0.9415198085583635,0.05848019144163657,5.8,Very low
8979-CAMGB,Vacaville,95687,64,One year,Fiber optic,Electronic check,102.1,6688.1,No,No,Yes,Yes,Yes,Yes,0.8514500546440542,0.14854994535594584,14.9,Low
8980-WQFWL,Ontario,91761,35,Month-to-month,DSL,Electronic check,62.1,2096.1,No,No,Yes,No,No,Yes,0.7063333931845646,0.2936666068154355,29.4,Medium
8981-FJGLA,Hemet,92545,11,Month-to-month,Fiber optic,Mailed check,78.0,851.8,No,No,Yes,No,No,No,0.7327269962691405,0.26727300373085944,26.7,Medium
8982-NHAVY,Littlerock,93543,27,One year,Fiber optic,Bank transfer (automatic),100.5,2673.45,No,No,Yes,No,Yes,Yes,0.5507255722080953,0.44927442779190474,44.9,Medium
8984-EYLLL,San Diego,92107,64,Two year,Fiber optic,Electronic check,105.25,6823.4,No,Yes,No,Yes,Yes,Yes,0.8562234442953996,0.14377655570460032,14.4,Low
8984-HPEMB,Lytle Creek,92358,71,Two year,Fiber optic,Electronic check,118.65,8477.6,Yes,Yes,Yes,Yes,Yes,Yes,0.9373268121863214,0.06267318781367859,6.3,Very low
8985-OOPOS,Occidental,95465,1,One year,DSL,Credit card (automatic),74.1,74.1,No,No,Yes,Yes,Yes,Yes,0.7846808082217644,0.21531919177823555,21.5,Low
8990-YOZLV,Hickman,95323,69,Two year,DSL,Mailed check,66.9,4577.9,Yes,Yes,No,Yes,No,No,0.986760563867013,0.013239436132986896,1.3,Very low
8990-ZXLSU,Sun City,92586,9,Month-to-month,Fiber optic,Electronic check,69.05,651.5,No,No,No,No,No,No,0.4357551667653432,0.5642448332346568,56.4,High
8992-CEUEN,Arnold,95223,1,Month-to-month,No,Electronic check,18.85,18.85,No,No,No,No,No,No,0.7491382214998432,0.25086177850015673,25.1,Medium
8992-OBVDG,Desert Hot Springs,92240,21,Month-to-month,DSL,Mailed check,61.65,1393.6,No,No,Yes,No,No,Yes,0.7350195450812815,0.2649804549187185,26.5,Medium
8992-VONJD,Long Beach,90822,13,Month-to-month,DSL,Electronic check,56.0,764.55,Yes,Yes,No,No,No,No,0.9227051362889909,0.07729486371100915,7.7,Very low
8993-IZEUX,Adin,96006,7,Month-to-month,Fiber optic,Bank transfer (automatic),69.15,488.65,No,No,No,No,No,No,0.5077679178987916,0.4922320821012084,49.2,High
8996-ZROXE,Miranda,95553,57,One year,DSL,Electronic check,53.5,3035.8,No,No,Yes,Yes,No,No,0.94868876267754,0.051311237322460033,5.1,Very low
8999-EXMNO,Dos Rios,95429,19,Two year,No,Mailed check,20.15,387.7,No,No,No,No,No,No,0.9901415866437435,0.009858413356256484,1.0,Very low
8999-XXGNS,Healdsburg,95448,72,One year,Fiber optic,Credit card (automatic),105.75,7629.85,No,Yes,Yes,No,Yes,Yes,0.8302435670539523,0.1697564329460477,17.0,Low
8999-YPYBV,Garden Valley,95633,45,Two year,DSL,Mailed check,84.35,3858.05,Yes,Yes,Yes,Yes,Yes,Yes,0.9530723332911805,0.04692766670881951,4.7,Very low
9000-PLFUZ,Merced,95340,60,Two year,DSL,Credit card (automatic),49.45,2907.55,No,Yes,No,No,Yes,Yes,0.9205758101261814,0.07942418987381855,7.9,Very low
9003-CPATH,Carson,90745,42,Month-to-month,Fiber optic,Electronic check,79.9,3313.4,No,No,Yes,No,No,No,0.6259139938590491,0.3740860061409509,37.4,Medium
9013-AQORL,Ramona,92065,48,Month-to-month,DSL,Credit card (automatic),45.55,2108.35,No,Yes,Yes,No,No,Yes,0.9656125268744135,0.034387473125586536,3.4,Very low
9018-PCIOK,Newark,94560,55,Two year,DSL,Mailed check,64.75,3617.1,No,Yes,Yes,No,No,Yes,0.9619927308771504,0.03800726912284961,3.8,Very low
9026-LHEVG,Boulevard,91905,9,Month-to-month,DSL,Electronic check,40.75,359.4,No,Yes,No,No,No,Yes,0.4899583270922363,0.5100416729077637,51.0,High
9027-TMATR,Warner Springs,92086,43,Two year,DSL,Electronic check,78.8,3460.3,Yes,No,Yes,Yes,Yes,Yes,0.9294608809144344,0.07053911908556562,7.1,Very low
9027-YFHQJ,San Francisco,94112,7,Month-to-month,No,Bank transfer (automatic),25.05,152.95,No,No,No,No,No,No,0.722189141558323,0.2778108584416769,27.8,Medium
9028-LIHRP,Burbank,91506,71,Two year,Fiber optic,Credit card (automatic),100.2,7209.0,Yes,Yes,Yes,Yes,Yes,No,0.9955705799988352,0.004429420001164808,0.4,Very low
9029-FEGVJ,Yosemite National Park,95389,32,Month-to-month,Fiber optic,Mailed check,79.3,2570.0,No,No,Yes,No,No,No,0.5399735725382124,0.4600264274617875,46.0,High
9030-QGZNL,Corona,92883,8,Two year,No,Mailed check,20.85,161.65,No,No,No,No,No,No,0.9479984235325524,0.05200157646744763,5.2,Very low
9031-ZVQPT,San Francisco,94109,72,Two year,Fiber optic,Electronic check,108.2,7840.6,No,Yes,Yes,Yes,Yes,Yes,0.888219314939528,0.11178068506047201,11.2,Low
9036-CSKBW,Los Gatos,95033,51,One year,Fiber optic,Bank transfer (automatic),107.45,5680.9,Yes,Yes,Yes,No,Yes,Yes,0.8648972533541568,0.13510274664584315,13.5,Low
9039-ZVJDC,Pauma Valley,92061,3,Month-to-month,No,Mailed check,19.1,53.05,No,No,No,No,No,No,0.7434639233960457,0.2565360766039543,25.7,Medium
9040-KZVWO,Big Bear Lake,92315,26,One year,Fiber optic,Bank transfer (automatic),75.5,2018.1,No,Yes,No,No,No,No,0.8193092635091312,0.1806907364908688,18.1,Low
9046-DQMTP,Kyburz,95720,35,Month-to-month,No,Bank transfer (automatic),20.75,739.9,No,No,No,No,No,No,0.9305085901967929,0.0694914098032071,6.9,Very low
9046-JBFWA,Port Costa,94569,27,Month-to-month,No,Mailed check,19.15,537.35,No,No,No,No,No,No,0.9790872692700741,0.02091273072992592,2.1,Very low
9050-IKDZA,Clovis,93611,2,Month-to-month,Fiber optic,Mailed check,81.5,162.55,No,No,No,No,Yes,No,0.3696492499861561,0.6303507500138439,63.0,High
9052-DHNKM,Redondo Beach,90277,26,One year,DSL,Electronic check,61.55,1581.95,Yes,Yes,No,No,No,No,0.8840041354166762,0.1159958645833238,11.6,Low
9052-VKDUW,Pollock Pines,95726,65,Month-to-month,Fiber optic,Credit card (automatic),109.4,7227.45,Yes,Yes,Yes,No,Yes,Yes,0.7283483216957212,0.27165167830427883,27.2,Medium
9053-EJUNL,Mecca,92254,41,Month-to-month,Fiber optic,Electronic check,89.2,3645.75,No,Yes,No,No,Yes,No,0.4808111448107325,0.5191888551892675,51.9,High
9054-FOWNV,Brentwood,94513,22,Month-to-month,Fiber optic,Electronic check,88.75,1885.15,No,No,Yes,No,Yes,No,0.630075417107982,0.369924582892018,37.0,Medium
9055-MOJJJ,Douglas City,96024,64,One year,DSL,Mailed check,65.8,4068.0,Yes,No,No,Yes,Yes,No,0.9945803491772897,0.005419650822710384,0.5,Very low
9058-HRZSV,Baldwin Park,91706,65,Month-to-month,Fiber optic,Electronic check,94.4,6126.15,Yes,Yes,Yes,No,No,Yes,0.824825426709973,0.17517457329002695,17.5,Low
9058-MJLZC,Yuba City,95991,24,Month-to-month,Fiber optic,Electronic check,94.6,2283.15,Yes,No,No,No,Yes,Yes,0.4262626788464663,0.5737373211535337,57.4,High
9060-HJJRW,Culver City,90232,51,One year,DSL,Credit card (automatic),56.4,2928.5,No,Yes,Yes,No,Yes,Yes,0.8704516311299213,0.12954836887007873,13.0,Low
9065-ZCPQX,San Jacinto,92582,72,Two year,DSL,Bank transfer (automatic),78.85,5763.15,Yes,Yes,Yes,Yes,No,Yes,0.9868991811278881,0.013100818872111864,1.3,Very low
9066-QRSDU,Marina,93933,69,One year,No,Electronic check,26.3,1763.55,No,No,No,No,No,No,0.9583303947690724,0.041669605230927505,4.2,Very low
9067-SQTNS,Salinas,93905,44,One year,No,Bank transfer (automatic),20.6,926.0,No,No,No,No,No,No,0.9930905109230133,0.006909489076986759,0.7,Very low
9067-YGSCA,Salinas,93901,70,One year,No,Credit card (automatic),26.05,1856.4,No,No,No,No,No,No,0.9856854310061192,0.014314568993880785,1.4,Very low
9068-FHQHD,Petrolia,95558,40,Two year,No,Bank transfer (automatic),20.15,777.35,No,No,No,No,No,No,0.9955684447815847,0.004431555218415278,0.4,Very low
9068-VPWQQ,Tracy,95376,61,Two year,DSL,Credit card (automatic),75.35,4729.3,Yes,No,Yes,Yes,No,Yes,0.9801214647837385,0.01987853521626144,2.0,Very low
9069-LGEUL,San Diego,92117,23,Month-to-month,DSL,Bank transfer (automatic),59.95,1406.0,Yes,No,No,No,No,Yes,0.7103323137524189,0.28966768624758105,29.0,Medium
9070-BCKQP,Wilmington,90744,72,Two year,Fiber optic,Credit card (automatic),110.15,7881.2,Yes,No,Yes,Yes,Yes,Yes,0.9412001471228427,0.05879985287715725,5.9,Very low
9073-ZZIAY,Long Beach,90806,62,Two year,DSL,Electronic check,86.1,5215.25,Yes,Yes,Yes,Yes,Yes,Yes,0.975054854762154,0.02494514523784602,2.5,Very low
9074-KGVOX,Westport,95488,50,Month-to-month,DSL,Credit card (automatic),39.45,2021.35,Yes,No,No,No,Yes,No,0.951075811195348,0.048924188804652,4.9,Very low
9076-AXYIK,Nipton,92364,64,Two year,Fiber optic,Electronic check,102.1,6538.45,No,No,Yes,Yes,Yes,Yes,0.8838876504160392,0.11611234958396077,11.6,Low
9079-LWTFD,Pioneertown,92268,47,Month-to-month,Fiber optic,Mailed check,100.75,4669.2,Yes,Yes,No,Yes,Yes,No,0.8110863178134832,0.18891368218651686,18.9,Low
9081-WWXKP,Soledad,93960,47,Two year,No,Credit card (automatic),20.25,873.4,No,No,No,No,No,No,0.996676586341614,0.0033234136583860097,0.3,Very low
9084-OAYKL,Little River,95456,58,Two year,No,Mailed check,20.8,1212.25,No,No,No,No,No,No,0.9897549875252539,0.010245012474746087,1.0,Very low
9086-YJYXS,San Martin,95046,34,One year,DSL,Bank transfer (automatic),77.2,2753.8,No,No,Yes,No,Yes,Yes,0.9523264912588181,0.04767350874118189,4.8,Very low
9087-EYCPR,Manteca,95336,60,Two year,No,Mailed check,25.0,1505.05,No,No,No,No,No,No,0.9867505973028404,0.013249402697159594,1.3,Very low
9089-UOWJG,Lotus,95651,12,Month-to-month,DSL,Credit card (automatic),58.35,740.55,No,No,Yes,No,Yes,No,0.8630192316111606,0.13698076838883944,13.7,Low
9091-WTUUY,Ripon,95366,64,Two year,DSL,Mailed check,69.25,4447.75,Yes,No,Yes,Yes,Yes,No,0.9847007502371528,0.015299249762847293,1.5,Very low
9092-GDZKO,New Cuyama,93254,22,Month-to-month,No,Credit card (automatic),24.85,493.4,No,No,No,No,No,No,0.8195547462847352,0.18044525371526474,18.0,Low
9093-FPDLG,Hilmar,95324,11,Month-to-month,Fiber optic,Electronic check,94.2,999.9,No,Yes,Yes,Yes,No,Yes,0.4132238952071531,0.5867761047928469,58.7,High
9094-AZPHK,San Bernardino,92405,15,Month-to-month,Fiber optic,Electronic check,100.15,1415.0,No,Yes,No,No,Yes,Yes,0.23091648355044747,0.7690835164495525,76.9,Very high
9097-ZUBYC,North San Juan,95960,14,Month-to-month,DSL,Bank transfer (automatic),48.8,664.4,No,No,No,Yes,No,No,0.7654190562276555,0.23458094377234456,23.5,Low
9099-FTUHS,Grass Valley,95945,23,Month-to-month,DSL,Electronic check,54.4,1249.25,Yes,No,No,No,No,No,0.750808943788646,0.24919105621135393,24.9,Low
9101-NTIXF,Lompoc,93436,2,Month-to-month,No,Mailed check,19.4,50.6,No,No,No,No,No,No,0.7999229118288916,0.20007708817110834,20.0,Low
9102-OXKFY,Camptonville,95922,59,Two year,DSL,Credit card (automatic),54.15,3116.15,No,No,Yes,No,No,No,0.975297204245255,0.02470279575474495,2.5,Very low
9103-CXVOK,Grover Beach,93433,1,Month-to-month,No,Electronic check,19.75,19.75,No,No,No,No,No,No,0.9180421766845245,0.08195782331547549,8.2,Very low
9107-UKCKY,Carpinteria,93013,61,One year,DSL,Electronic check,79.8,4914.8,No,Yes,Yes,No,Yes,Yes,0.8407744618879514,0.15922553811204868,15.9,Low
9108-EJFJP,Jacumba,91934,1,Month-to-month,DSL,Mailed check,53.55,53.55,Yes,Yes,No,No,No,No,0.6096967456232569,0.39030325437674307,39.0,Medium
9108-EQPNQ,San Leandro,94577,10,Two year,No,Credit card (automatic),26.1,225.55,No,No,No,No,No,No,0.9839662751054885,0.01603372489451154,1.6,Very low
9110-HSGTV,San Diego,92102,69,Two year,DSL,Credit card (automatic),82.45,5555.3,Yes,No,Yes,Yes,Yes,Yes,0.9846423433431551,0.015357656656844854,1.5,Very low
9112-WSNPU,Monterey,93940,35,Month-to-month,Fiber optic,Electronic check,70.55,2419.0,No,No,No,No,No,No,0.6443382830429865,0.3556617169570136,35.6,Medium
9114-AAFQH,North Highlands,95660,48,One year,DSL,Electronic check,65.65,3094.65,No,Yes,Yes,No,No,Yes,0.8668457981189176,0.13315420188108243,13.3,Low
9114-DPSIA,Stockton,95205,72,Two year,DSL,Credit card (automatic),81.0,5750.0,Yes,Yes,Yes,Yes,No,Yes,0.9975143869123003,0.0024856130876996616,0.2,Very low
9114-VEPUF,Redwood City,94065,62,One year,Fiber optic,Electronic check,96.1,6001.45,Yes,Yes,No,No,No,Yes,0.8616574512038712,0.13834254879612887,13.8,Low
9115-YQHGA,Lemoore,93245,40,Month-to-month,DSL,Electronic check,51.1,2092.9,No,No,No,Yes,No,No,0.8339313989353059,0.1660686010646941,16.6,Low
9121-PHQSR,Stratford,93266,16,Month-to-month,Fiber optic,Credit card (automatic),85.05,1391.15,No,No,No,No,Yes,No,0.2879253397812215,0.7120746602187785,71.2,Very high
9122-UMROB,Los Angeles,90010,1,Month-to-month,No,Mailed check,20.3,20.3,No,No,No,No,No,No,0.7944846682045015,0.20551533179549855,20.6,Low
9127-FHJBZ,Vallecito,95251,72,Two year,Fiber optic,Electronic check,114.0,8093.15,Yes,Yes,Yes,Yes,Yes,Yes,0.9830560453723797,0.016943954627620283,1.7,Very low
9127-QRZMH,Santa Ana,92706,44,One year,DSL,Bank transfer (automatic),59.85,2603.95,Yes,Yes,No,Yes,No,No,0.9546299658688272,0.04537003413117284,4.5,Very low
9128-CPXKI,Nicolaus,95659,59,Two year,Fiber optic,Electronic check,95.8,5655.45,No,No,Yes,No,Yes,Yes,0.8991110129039741,0.1008889870960259,10.1,Low
9129-UXERG,Van Nuys,91405,18,Month-to-month,Fiber optic,Credit card (automatic),103.6,1806.35,No,Yes,No,Yes,Yes,Yes,0.4099492388257179,0.5900507611742821,59.0,High
9133-AYJZG,Mill Valley,94941,23,Month-to-month,Fiber optic,Credit card (automatic),98.7,2249.1,No,Yes,No,No,Yes,Yes,0.3753152238391051,0.6246847761608949,62.5,High
9134-WYRVP,Suisun City,94585,51,One year,Fiber optic,Mailed check,86.35,4267.15,Yes,No,No,No,Yes,No,0.9024766960923115,0.09752330390768844,9.8,Very low
9135-HSWOC,Fremont,94555,64,Two year,No,Bank transfer (automatic),19.7,1274.05,No,No,No,No,No,No,0.9971344364362335,0.002865563563766507,0.3,Very low
9135-MGVPY,Sanger,93657,69,Two year,DSL,Mailed check,84.7,5878.9,Yes,Yes,Yes,Yes,Yes,Yes,0.9785097899045871,0.02149021009541284,2.1,Very low
9137-NOQKA,South San Francisco,94080,2,Month-to-month,No,Electronic check,19.2,37.2,No,No,No,No,No,No,0.7486249523904898,0.2513750476095103,25.1,Medium
9137-UIYPG,Butte City,95920,35,Month-to-month,Fiber optic,Electronic check,106.9,3756.45,Yes,No,Yes,Yes,Yes,Yes,0.8537225885280475,0.14627741147195245,14.6,Low
9138-EFSMO,Orosi,93647,26,One year,Fiber optic,Bank transfer (automatic),78.95,2034.25,No,No,No,No,No,Yes,0.9223530142888555,0.07764698571114446,7.8,Very low
9139-TWBAS,Los Angeles,90014,26,One year,DSL,Bank transfer (automatic),47.85,1190.5,Yes,Yes,Yes,No,Yes,No,0.847826059795679,0.15217394020432096,15.2,Low
9140-CZQZZ,Lee Vining,93541,68,Two year,DSL,Bank transfer (automatic),79.6,5515.8,Yes,Yes,No,Yes,Yes,Yes,0.9797372897540144,0.020262710245985634,2.0,Very low
9142-KZXOP,Sylmar,91342,44,Month-to-month,Fiber optic,Credit card (automatic),68.85,2958.95,No,No,No,No,No,No,0.7906970445418198,0.20930295545818026,20.9,Low
9142-XMYJH,Fresno,93721,29,Month-to-month,No,Credit card (automatic),19.35,601.6,No,No,No,No,No,No,0.9213241418236846,0.07867585817631541,7.9,Very low
9143-CANJF,Topaz,96133,24,Month-to-month,DSL,Electronic check,55.15,1319.85,Yes,No,No,Yes,No,No,0.9589218263444567,0.04107817365554332,4.1,Very low
9146-JRIOX,Shaver Lake,93664,14,Month-to-month,No,Mailed check,25.55,372.45,No,No,No,No,No,No,0.9425901340670828,0.05740986593291725,5.7,Very low
9150-HEPMB,Corona,92882,56,One year,DSL,Mailed check,52.7,3019.7,Yes,No,Yes,No,No,No,0.9725241292578367,0.027475870742163244,2.7,Very low
9150-KPBJQ,Los Angeles,90062,6,Two year,No,Credit card (automatic),19.65,116.85,No,No,No,No,No,No,0.9520200356933238,0.04797996430667622,4.8,Very low
9152-AMKAK,Coalinga,93210,6,Two year,DSL,Mailed check,80.25,493.4,Yes,No,Yes,Yes,Yes,Yes,0.8670330514891277,0.1329669485108723,13.3,Low
9153-BTBVV,San Francisco,94121,71,Two year,No,Bank transfer (automatic),25.0,1753.0,No,No,No,No,No,No,0.988970135645198,0.011029864354802014,1.1,Very low
9154-QDGTH,Kettleman City,93239,43,One year,Fiber optic,Credit card (automatic),104.3,4451.85,No,No,Yes,Yes,Yes,Yes,0.9218043625959282,0.0781956374040717,7.8,Very low
9163-GHAYE,Stockton,95204,15,Month-to-month,DSL,Electronic check,48.85,736.8,No,Yes,No,No,No,No,0.7138767219906275,0.2861232780093725,28.6,Medium
9167-APMXZ,Long Beach,90810,22,Month-to-month,Fiber optic,Bank transfer (automatic),84.15,1821.95,No,No,No,No,Yes,No,0.3923090140385279,0.6076909859614721,60.8,High
9168-INPSZ,Port Hueneme,93041,44,Month-to-month,Fiber optic,Electronic check,104.15,4495.65,No,No,Yes,Yes,Yes,Yes,0.5175762918994059,0.4824237081005941,48.2,High
9169-BSVIN,Winchester,92596,12,Month-to-month,DSL,Bank transfer (automatic),74.75,827.05,No,No,Yes,No,Yes,Yes,0.5458259284942719,0.454174071505728,45.4,High
9170-ARBTB,Felton,95018,52,One year,No,Credit card (automatic),19.6,1012.4,No,No,No,No,No,No,0.9755260380822309,0.024473961917769075,2.4,Very low
9173-IVZVP,Sherman Oaks,91403,53,Two year,No,Mailed check,20.9,1146.05,No,No,No,No,No,No,0.9968376371567488,0.0031623628432511674,0.3,Very low
9174-IHETN,Goodyears Bar,95944,50,Two year,Fiber optic,Credit card (automatic),70.35,3533.6,No,No,No,No,No,No,0.988635810380846,0.011364189619153952,1.1,Very low
9178-JHUVJ,Newbury Park,91320,24,Two year,No,Bank transfer (automatic),24.1,587.4,No,No,No,No,No,No,0.9847027278274791,0.015297272172520837,1.5,Very low
9184-GALIL,Mccloud,96057,38,Month-to-month,No,Mailed check,20.45,781.25,No,No,No,No,No,No,0.9810651995018993,0.018934800498100694,1.9,Very low
9194-GFVOI,Tahoma,96142,42,Two year,DSL,Credit card (automatic),84.35,3571.6,Yes,No,Yes,Yes,Yes,Yes,0.9517943521917248,0.04820564780827514,4.8,Very low
9199-PWQVC,San Francisco,94124,63,One year,DSL,Credit card (automatic),79.7,4786.15,Yes,Yes,No,No,Yes,Yes,0.925500378351059,0.07449962164894096,7.4,Very low
9200-NLNPD,Orland,95963,56,One year,DSL,Bank transfer (automatic),54.05,2959.8,No,No,Yes,Yes,Yes,Yes,0.8755103788735089,0.12448962112649106,12.4,Low
9207-ZPANB,Paradise,95969,37,One year,DSL,Electronic check,67.45,2443.3,Yes,Yes,Yes,Yes,No,No,0.94023535555484,0.059764644445160005,6.0,Very low
9208-OLGAQ,Berkeley,94709,18,Month-to-month,Fiber optic,Electronic check,84.95,1443.65,No,No,Yes,No,No,Yes,0.35896696455109756,0.6410330354489024,64.1,High
9209-NWPGU,Niland,92257,44,One year,DSL,Electronic check,65.4,2774.55,Yes,No,No,Yes,Yes,No,0.9486392827109241,0.05136071728907588,5.1,Very low
9214-EKVXR,San Francisco,94110,1,Month-to-month,DSL,Mailed check,44.0,44.0,No,No,No,No,No,No,0.5629786979041909,0.4370213020958091,43.7,Medium
9220-CXRSC,Heber,92249,69,Two year,DSL,Credit card (automatic),61.4,4059.85,Yes,No,No,Yes,No,No,0.9976425743665981,0.0023574256334019613,0.2,Very low
9220-ZNKJI,Cobb,95426,55,Two year,Fiber optic,Credit card (automatic),88.8,4805.3,No,No,Yes,Yes,Yes,No,0.9412510996647828,0.05874890033521723,5.9,Very low
9224-VTYID,Walnut Grove,95690,47,Two year,DSL,Mailed check,90.5,4318.35,Yes,Yes,Yes,Yes,Yes,Yes,0.9873322974143025,0.012667702585697493,1.3,Very low
9225-BZLNZ,Los Angeles,90033,72,Two year,DSL,Electronic check,85.25,6083.1,Yes,Yes,Yes,No,Yes,Yes,0.9511750114882601,0.04882498851173993,4.9,Very low
9227-UAQFT,North Hollywood,91606,16,Two year,No,Mailed check,19.75,284.35,No,No,No,No,No,No,0.959215125286669,0.04078487471333103,4.1,Very low
9227-YBAXE,Palm Desert,92260,65,Two year,DSL,Bank transfer (automatic),82.5,5215.1,Yes,Yes,No,Yes,Yes,Yes,0.9936641287505694,0.006335871249430527,0.6,Very low
9229-RQABD,Salton City,92275,18,One year,No,Mailed check,23.75,424.5,No,No,No,No,No,No,0.9102267752262004,0.08977322477379958,9.0,Very low
9233-PSYHO,Ontario,91762,45,One year,Fiber optic,Bank transfer (automatic),100.15,4459.8,No,No,Yes,No,Yes,Yes,0.6903014547041215,0.30969854529587854,31.0,Medium
9236-NDUCW,Bella Vista,96008,21,Two year,DSL,Mailed check,35.1,770.4,Yes,No,No,Yes,No,No,0.9426799405896498,0.05732005941035021,5.7,Very low
9239-GZHZE,Carpinteria,93013,72,Two year,Fiber optic,Credit card (automatic),113.65,8124.2,Yes,Yes,Yes,Yes,Yes,Yes,0.9468605260942586,0.05313947390574136,5.3,Very low
9242-TKFSV,Browns Valley,95918,72,Two year,DSL,Credit card (automatic),65.1,4754.3,Yes,Yes,Yes,Yes,Yes,Yes,0.9730078335910981,0.026992166408901844,2.7,Very low
9244-ZVAPM,Garden Grove,92845,1,Month-to-month,DSL,Mailed check,45.6,45.6,No,No,No,No,No,No,0.6443442254446076,0.35565577455539243,35.6,Medium
9251-AWQGT,Palmdale,93591,48,Two year,No,Mailed check,20.0,935.9,No,No,No,No,No,No,0.9962605509139187,0.0037394490860812595,0.4,Very low
9251-WNSOD,Bakersfield,93311,67,One year,DSL,Mailed check,75.1,5064.45,Yes,Yes,Yes,No,No,Yes,0.9595808149483263,0.04041918505167379,4.0,Very low
9253-VIFJQ,Chualar,93925,65,One year,DSL,Credit card (automatic),67.05,4309.55,Yes,Yes,Yes,No,No,No,0.9707910761092466,0.02920892389075338,2.9,Very low
9256-JTBNZ,Potter Valley,95469,11,Month-to-month,No,Bank transfer (automatic),20.3,246.3,No,No,No,No,No,No,0.8583398958372721,0.14166010416272792,14.2,Low
9257-AZMTZ,Glendale,91205,52,Two year,No,Bank transfer (automatic),20.1,1078.75,No,No,No,No,No,No,0.997035973622409,0.0029640263775909184,0.3,Very low
9258-CNWAC,Long Beach,90813,71,Two year,Fiber optic,Credit card (automatic),113.65,8166.8,Yes,Yes,Yes,Yes,Yes,Yes,0.9920092991692145,0.007990700830785458,0.8,Very low
9261-WDCAF,Bonita,91902,3,Month-to-month,DSL,Mailed check,54.65,189.1,No,No,No,No,No,Yes,0.5975906890797016,0.40240931092029847,40.2,Medium
9272-LSVYH,Courtland,95615,10,Month-to-month,Fiber optic,Mailed check,70.15,735.5,No,No,No,No,No,No,0.5083451021666365,0.4916548978333635,49.2,High
9274-UARKJ,Modesto,95351,15,Month-to-month,Fiber optic,Bank transfer (automatic),83.2,1130.0,No,Yes,No,No,Yes,No,0.4442314230718728,0.5557685769281272,55.6,High
9277-JOOMO,Garberville,95542,3,Month-to-month,No,Mailed check,24.6,86.35,No,No,No,No,No,No,0.7487527808268999,0.25124721917310006,25.1,Medium
9278-VZKCD,Norco,92860,52,Month-to-month,Fiber optic,Electronic check,109.1,5647.95,Yes,Yes,Yes,No,Yes,Yes,0.5310595258931738,0.4689404741068262,46.9,High
9279-CJEOJ,Anaheim,92801,21,Month-to-month,Fiber optic,Bank transfer (automatic),95.4,2025.1,No,No,No,No,Yes,Yes,0.3187881856220317,0.6812118143779683,68.1,Very high
9281-CEDRU,Salton City,92275,68,Two year,DSL,Bank transfer (automatic),64.1,4326.25,No,Yes,No,Yes,Yes,No,0.9841935040233122,0.01580649597668784,1.6,Very low
9281-OFDMF,Meadow Valley,95956,39,Month-to-month,Fiber optic,Electronic check,90.7,3413.25,No,Yes,No,No,No,Yes,0.5532081139088905,0.4467918860911096,44.7,Medium
9281-PKKZE,Azusa,91702,46,Month-to-month,DSL,Electronic check,43.95,2007.85,No,No,No,No,Yes,Yes,0.5420060577826229,0.45799394221737705,45.8,High
9286-BHDQG,Thousand Oaks,91362,72,Two year,DSL,Credit card (automatic),45.25,3139.8,Yes,Yes,Yes,Yes,No,No,0.9889778153153201,0.011022184684679838,1.1,Very low
9289-LBQVU,Hemet,92545,64,One year,DSL,Mailed check,70.15,4480.7,No,Yes,No,Yes,No,Yes,0.9336436182119573,0.0663563817880427,6.6,Very low
9290-SHCMB,Brownsville,95919,13,Month-to-month,Fiber optic,Electronic check,96.85,1235.55,No,No,Yes,No,Yes,Yes,0.2614489730167986,0.7385510269832014,73.9,Very high
9294-TDIPC,San Diego,92110,5,Month-to-month,No,Mailed check,20.2,83.75,No,No,No,No,No,No,0.9571474346129194,0.042852565387080654,4.3,Very low
9297-EONCV,Fremont,94536,72,Two year,DSL,Bank transfer (automatic),91.35,6697.2,Yes,Yes,Yes,Yes,Yes,Yes,0.981540293510256,0.018459706489744022,1.8,Very low
9297-FVVDH,Hemet,92545,57,Two year,DSL,Electronic check,84.5,4845.4,Yes,No,Yes,Yes,Yes,Yes,0.9374688851344245,0.06253111486557551,6.3,Very low
9298-WGMRW,Echo Lake,95721,72,Two year,Fiber optic,Bank transfer (automatic),115.5,8312.75,Yes,Yes,Yes,Yes,Yes,Yes,0.9441089990854389,0.055891000914561104,5.6,Very low
9308-ANMVE,Los Olivos,93441,47,Month-to-month,DSL,Electronic check,55.3,2654.05,Yes,Yes,No,No,No,No,0.9736359611289507,0.026364038871049336,2.6,Very low
9309-BZGNT,Pine Valley,91962,69,One year,DSL,Credit card (automatic),29.8,2134.3,No,No,Yes,No,No,No,0.9334136740641763,0.06658632593582367,6.7,Very low
9313-CDOGY,Imperial Beach,91932,38,Month-to-month,No,Electronic check,19.6,717.3,No,No,No,No,No,No,0.9749302262534624,0.025069773746537665,2.5,Very low
9313-QOLTZ,Chester,96020,26,Month-to-month,No,Mailed check,20.9,518.3,No,No,No,No,No,No,0.899633822449209,0.10036617755079102,10.0,Low
9314-IJWSQ,Meridian,95957,14,Month-to-month,Fiber optic,Electronic check,84.8,1203.9,No,No,No,No,Yes,No,0.5642731294243083,0.4357268705756917,43.6,Medium
9314-QDMDW,Los Alamos,93440,11,One year,DSL,Electronic check,61.25,729.95,No,Yes,No,No,Yes,No,0.7013568100144149,0.29864318998558514,29.9,Medium
9323-HGFWY,Porter Ranch,91326,27,One year,Fiber optic,Credit card (automatic),101.9,2681.15,Yes,No,No,Yes,Yes,Yes,0.7339996750380157,0.26600032496198434,26.6,Medium
9327-QSDED,Quincy,95971,8,Month-to-month,DSL,Mailed check,43.55,335.4,No,No,No,No,No,No,0.6963013925820682,0.30369860741793175,30.4,Medium
9330-DHBFL,San Jose,95130,23,One year,DSL,Mailed check,66.25,1533.8,Yes,Yes,Yes,Yes,No,No,0.9067949993666516,0.09320500063334834,9.3,Very low
9330-VOFSZ,Princeton,95970,60,Two year,Fiber optic,Credit card (automatic),110.8,6640.7,No,Yes,Yes,Yes,Yes,Yes,0.8916727299884595,0.10832727001154054,10.8,Low
9332-GYWLO,Fall River Mills,96028,6,Month-to-month,DSL,Electronic check,54.85,355.1,No,No,No,No,Yes,No,0.8249602344949157,0.17503976550508424,17.5,Low
9334-GWGOW,Mc Kittrick,93251,7,Month-to-month,Fiber optic,Electronic check,74.85,485.25,No,No,No,No,No,No,0.2071187483513932,0.7928812516486068,79.3,Very high
9337-SRRNI,Rio Oso,95674,66,Two year,No,Credit card (automatic),25.3,1673.8,No,No,No,No,No,No,0.9973058457863578,0.0026941542136422053,0.3,Very low
9339-FIIJL,Avenal,93204,72,Two year,DSL,Bank transfer (automatic),85.95,6151.9,No,Yes,Yes,Yes,Yes,Yes,0.9749832833310373,0.025016716668962623,2.5,Very low
9342-VNIMQ,La Honda,94020,33,Month-to-month,DSL,Bank transfer (automatic),54.65,1665.2,No,Yes,No,No,No,No,0.7648196951692154,0.2351803048307846,23.5,Low
9347-AERRL,Desert Hot Springs,92240,23,One year,No,Credit card (automatic),19.3,486.2,No,No,No,No,No,No,0.936756315173475,0.063243684826525,6.3,Very low
9348-ROUAI,Honeydew,95545,59,Two year,DSL,Credit card (automatic),90.3,5194.05,Yes,Yes,Yes,Yes,Yes,Yes,0.9949405314573149,0.005059468542685169,0.5,Very low
9348-YVOMK,Anaheim,92802,4,Month-to-month,DSL,Credit card (automatic),44.8,176.2,No,No,No,No,No,No,0.6205280543918449,0.3794719456081551,37.9,Medium
9350-VLHMB,Volcano,95689,67,Month-to-month,Fiber optic,Bank transfer (automatic),89.55,6373.1,No,Yes,No,No,No,Yes,0.9261969466170058,0.07380305338299423,7.4,Very low
9350-ZXYJC,La Crescenta,91214,4,Two year,No,Credit card (automatic),25.3,116.95,No,No,No,No,No,No,0.902318029124257,0.09768197087574305,9.8,Very low
9351-HXDMR,Lytle Creek,92358,72,Two year,Fiber optic,Credit card (automatic),110.9,8240.85,Yes,No,Yes,Yes,Yes,Yes,0.9403986185638452,0.05960138143615474,6.0,Very low
9351-LZYGF,Bodega,94922,42,Month-to-month,DSL,Credit card (automatic),66.4,2727.8,Yes,Yes,No,Yes,No,No,0.8777047833012441,0.12229521669875591,12.2,Low
9355-NPPFS,Fremont,94538,26,Month-to-month,Fiber optic,Electronic check,78.8,2006.1,No,No,No,No,No,Yes,0.41823422811855027,0.5817657718814497,58.2,High
9356-AXGMP,Somerset,95684,38,One year,Fiber optic,Electronic check,110.7,4428.6,Yes,No,Yes,Yes,Yes,Yes,0.6510208119125117,0.3489791880874883,34.9,Medium
9357-UJRUN,Carlotta,95528,24,One year,DSL,Electronic check,58.35,1346.9,Yes,No,No,Yes,No,No,0.8254100968647555,0.17458990313524445,17.5,Low
9359-JANWS,North Hills,91343,65,Two year,DSL,Credit card (automatic),58.9,3857.1,Yes,No,Yes,Yes,No,No,0.9905754719103966,0.009424528089603356,0.9,Very low
9359-UGBTK,Lockeford,95237,67,One year,DSL,Bank transfer (automatic),72.35,4991.5,Yes,No,Yes,Yes,No,Yes,0.9773257488617886,0.022674251138211414,2.3,Very low
9360-OMDZZ,Herald,95638,24,Month-to-month,Fiber optic,Electronic check,94.1,2322.85,No,No,No,No,Yes,Yes,0.2646391920657266,0.7353608079342734,73.5,Very high
9361-YNQWJ,Oakland,94609,64,One year,No,Bank transfer (automatic),24.4,1601.2,No,No,No,No,No,No,0.9739521557161123,0.02604784428388768,2.6,Very low
9362-MWODR,San Mateo,94404,40,Month-to-month,DSL,Credit card (automatic),64.1,2460.35,Yes,No,No,Yes,Yes,No,0.9770307118486524,0.022969288151347585,2.3,Very low
9364-YKUVW,Valley Center,92082,15,Month-to-month,No,Mailed check,19.8,309.4,No,No,No,No,No,No,0.8127114870959553,0.1872885129040447,18.7,Low
9365-CSLBQ,Richgrove,93261,71,Two year,No,Mailed check,24.35,1654.6,No,No,No,No,No,No,0.998140468454435,0.0018595315455649617,0.2,Very low
9365-SRSZE,Los Angeles,90036,27,Month-to-month,Fiber optic,Electronic check,70.55,1943.9,No,No,No,No,No,No,0.41879609992749056,0.5812039000725094,58.1,High
9367-OIUXP,Laton,93242,4,Month-to-month,No,Mailed check,20.7,73.05,No,No,No,No,No,No,0.8104738073320972,0.18952619266790283,19.0,Low
9367-TCUYN,Los Angeles,90066,12,Month-to-month,No,Mailed check,20.1,223.6,No,No,No,No,No,No,0.8502546606655409,0.1497453393344591,15.0,Low
9371-BITHB,Gustine,95322,52,Two year,No,Mailed check,19.85,1070.5,No,No,No,No,No,No,0.9967298008706589,0.0032701991293410926,0.3,Very low
9372-TXXPS,Burson,95225,60,Two year,DSL,Bank transfer (automatic),59.85,3483.45,Yes,Yes,No,Yes,No,No,0.9892421347310826,0.01075786526891738,1.1,Very low
9373-WSLOY,Carlsbad,92008,33,Month-to-month,DSL,Electronic check,50.0,1750.85,No,Yes,Yes,Yes,Yes,No,0.6041624219536593,0.3958375780463407,39.6,Medium
9374-YOLBJ,Upper Lake,95485,1,Month-to-month,No,Electronic check,19.25,19.25,No,No,No,No,No,No,0.9191184996626589,0.08088150033734108,8.1,Very low
9375-MHRRS,San Jose,95125,6,Month-to-month,DSL,Mailed check,50.05,288.35,No,No,No,Yes,No,No,0.7498755664663046,0.25012443353369535,25.0,Medium
9385-EHGDO,Lakeside,92040,35,Two year,No,Mailed check,19.85,739.35,No,No,No,No,No,No,0.991775299735427,0.008224700264572955,0.8,Very low
9385-NXKDA,Hesperia,92345,72,Two year,DSL,Credit card (automatic),82.65,5919.35,Yes,Yes,Yes,No,Yes,Yes,0.9679658141742191,0.032034185825780936,3.2,Very low
9386-LDCZR,San Ardo,93450,43,One year,Fiber optic,Credit card (automatic),90.65,3882.3,Yes,Yes,Yes,Yes,No,No,0.9244865518144402,0.07551344818555981,7.6,Very low
9388-ZEYVT,Gardena,90247,43,One year,DSL,Electronic check,44.15,1931.3,No,No,Yes,Yes,No,Yes,0.8880497850310457,0.11195021496895426,11.2,Low
9389-ACWBI,Richvale,95974,5,Month-to-month,Fiber optic,Credit card (automatic),69.95,320.4,No,No,No,No,No,No,0.7970549592189957,0.20294504078100434,20.3,Low
9391-DXGGG,Sacramento,95832,44,One year,Fiber optic,Credit card (automatic),89.15,3990.75,No,Yes,Yes,No,No,Yes,0.8717111943559277,0.12828880564407233,12.8,Low
9391-LMANN,Pico Rivera,90660,53,One year,Fiber optic,Electronic check,95.95,5036.9,Yes,Yes,Yes,No,No,Yes,0.9779046656973114,0.0220953343026886,2.2,Very low
9391-TTOYH,Oakland,94611,23,Month-to-month,No,Mailed check,19.5,470.2,No,No,No,No,No,No,0.8521083648951306,0.14789163510486933,14.8,Low
9391-YZEJW,Mountain View,94043,62,One year,Fiber optic,Bank transfer (automatic),94.0,5757.2,No,No,No,No,Yes,Yes,0.7983618354833352,0.20163816451666486,20.2,Low
9392-XBGTD,Aptos,95003,27,Two year,No,Mailed check,20.6,581.85,No,No,No,No,No,No,0.9942185354951354,0.0057814645048645625,0.6,Very low
9396-ZSFLL,Carpinteria,93013,15,Month-to-month,DSL,Mailed check,48.85,631.4,No,No,No,No,No,No,0.6765021452105174,0.32349785478948256,32.3,Medium
9397-TZSHA,Watsonville,95076,69,Two year,No,Credit card (automatic),24.6,1678.05,No,No,No,No,No,No,0.9915510141972608,0.00844898580273927,0.8,Very low
9398-MMQTO,Borrego Springs,92004,3,Month-to-month,Fiber optic,Credit card (automatic),74.45,221.1,No,Yes,No,No,No,No,0.5142772863737954,0.4857227136262045,48.6,High
9402-CXWPL,Birds Landing,94512,70,One year,Fiber optic,Electronic check,98.9,6838.6,No,Yes,No,No,Yes,Yes,0.850263331369949,0.149736668630051,15.0,Low
9402-ORRAH,La Canada Flintridge,91011,15,Month-to-month,Fiber optic,Electronic check,91.5,1400.3,No,No,No,No,Yes,Yes,0.27082040033444477,0.7291795996655552,72.9,Very high
9402-ROUMJ,La Habra,90631,67,One year,Fiber optic,Bank transfer (automatic),100.25,6689.0,Yes,No,Yes,Yes,No,Yes,0.980052141972647,0.019947858027352997,2.0,Very low
9405-GPBBG,Carmel By The Sea,93921,64,Two year,Fiber optic,Credit card (automatic),110.5,7069.25,No,Yes,Yes,Yes,Yes,Yes,0.9259138502675965,0.07408614973240343,7.4,Very low
9408-HRXRK,Annapolis,95412,45,Month-to-month,Fiber optic,Electronic check,105.15,4730.9,Yes,Yes,No,No,Yes,Yes,0.8192192844573818,0.18078071554261826,18.1,Low
9411-TPQQV,Santa Barbara,93109,40,One year,DSL,Bank transfer (automatic),54.55,2236.2,Yes,No,No,Yes,Yes,Yes,0.8868656086396844,0.11313439136031561,11.3,Low
9415-TPKRV,Dos Rios,95429,8,Month-to-month,DSL,Electronic check,55.75,446.8,No,Yes,No,No,No,No,0.8420215396516191,0.15797846034838087,15.8,Low
9415-ZNBSX,Cool,95614,70,Two year,DSL,Bank transfer (automatic),89.0,6293.2,Yes,Yes,Yes,Yes,Yes,Yes,0.9947416308617055,0.005258369138294496,0.5,Very low
9418-RUKPH,Newark,94560,38,Two year,No,Mailed check,19.95,756.4,No,No,No,No,No,No,0.9925589427332566,0.007441057266743417,0.7,Very low
9419-IPPBE,Solana Beach,92075,51,One year,Fiber optic,Electronic check,90.15,4554.85,No,No,Yes,No,No,Yes,0.9072914188772402,0.09270858112275981,9.3,Very low
9424-CMPOG,Bakersfield,93307,9,Two year,No,Mailed check,19.6,197.4,No,No,No,No,No,No,0.9860569859355295,0.013943014064470466,1.4,Very low
9426-SXNHE,Orleans,95556,2,Month-to-month,No,Bank transfer (automatic),18.75,53.15,No,No,No,No,No,No,0.8173974318533832,0.18260256814661682,18.3,Low
9430-NKQLY,Arcadia,91006,72,Two year,No,Credit card (automatic),25.1,1790.8,No,No,No,No,No,No,0.9970785766091488,0.002921423390851229,0.3,Very low
9432-RUVSL,Kirkwood,95646,48,Two year,Fiber optic,Credit card (automatic),102.5,4904.25,Yes,No,Yes,Yes,Yes,Yes,0.9302535511069778,0.06974644889302223,7.0,Very low
9432-VOFYX,Delano,93215,17,Month-to-month,Fiber optic,Electronic check,70.8,1207.0,No,No,No,No,No,No,0.4111813905406251,0.5888186094593749,58.9,High
9435-JMLSX,Monte Rio,95462,71,Two year,DSL,Bank transfer (automatic),86.1,6045.9,Yes,Yes,Yes,Yes,Yes,Yes,0.981734768903019,0.018265231096980937,1.8,Very low
9441-QHEVC,San Diego,92139,1,Month-to-month,No,Mailed check,19.1,19.1,No,No,No,No,No,No,0.7944846682045015,0.20551533179549855,20.6,Low
9442-JTWDL,Heber,92249,11,One year,No,Credit card (automatic),20.05,237.7,No,No,No,No,No,No,0.9301630294280044,0.06983697057199555,7.0,Very low
9443-JUBUO,Hoopa,95546,72,Two year,DSL,Credit card (automatic),65.25,4478.85,Yes,Yes,Yes,Yes,Yes,Yes,0.9945371455362257,0.0054628544637742886,0.5,Very low
9445-ZUEQE,Buena Park,90621,27,Month-to-month,Fiber optic,Credit card (automatic),85.2,2151.6,No,Yes,No,Yes,No,No,0.862841147351029,0.13715885264897099,13.7,Low
9447-YPTBX,Alhambra,91801,50,One year,No,Bank transfer (automatic),19.85,943.1,No,No,No,No,No,No,0.9611825002281292,0.038817499771870816,3.9,Very low
9450-TRJUU,Bakersfield,93306,35,Month-to-month,Fiber optic,Electronic check,83.15,2848.45,No,No,No,No,Yes,No,0.4923894263249369,0.5076105736750631,50.8,High
9451-WLYRI,Ranchita,92066,53,One year,No,Credit card (automatic),19.05,990.45,No,No,No,No,No,No,0.9763164640316505,0.023683535968349503,2.4,Very low
9453-PATOS,Gualala,95445,72,Two year,DSL,Mailed check,85.1,6155.4,Yes,Yes,Yes,Yes,Yes,Yes,0.9864689483302557,0.013531051669744365,1.4,Very low
9467-ROOLM,Gridley,95948,25,Month-to-month,No,Mailed check,19.05,461.3,No,No,No,No,No,No,0.8978824290267368,0.10211757097326328,10.2,Low
9469-WEJBT,Carnelian Bay,96140,37,Month-to-month,Fiber optic,Electronic check,90.35,3419.3,No,No,Yes,Yes,No,Yes,0.5297938165832987,0.47020618341670123,47.0,High
9470-RTWDV,Tustin,92782,26,One year,DSL,Credit card (automatic),82.0,2083.1,No,No,Yes,Yes,Yes,Yes,0.9404133952983081,0.059586604701691866,6.0,Very low
9470-XCCEM,Torrance,90504,35,Month-to-month,Fiber optic,Bank transfer (automatic),89.65,3161.6,No,Yes,No,No,Yes,No,0.8067345937264963,0.19326540627350372,19.3,Low
9470-YFUYI,Redway,95560,71,One year,DSL,Bank transfer (automatic),71.0,5012.1,Yes,Yes,No,Yes,Yes,No,0.9744779855918564,0.025522014408143598,2.6,Very low
9473-CBZOP,Avila Beach,93424,28,One year,DSL,Mailed check,59.0,1654.45,Yes,No,Yes,No,No,No,0.9086446897253782,0.09135531027462189,9.1,Very low
9475-NNDGC,Etna,96027,71,One year,Fiber optic,Bank transfer (automatic),113.15,7953.25,No,Yes,Yes,Yes,Yes,Yes,0.8633489798878116,0.13665102011218838,13.7,Low
9477-LGWQI,Darwin,93522,70,Two year,DSL,Credit card (automatic),80.15,5600.15,Yes,Yes,Yes,No,Yes,Yes,0.9751223880554828,0.024877611944517212,2.5,Very low
9479-HYNYL,La Jolla,92037,71,Two year,DSL,Credit card (automatic),80.7,5705.05,No,Yes,Yes,Yes,Yes,Yes,0.9754812352895831,0.02451876471041693,2.5,Very low
9480-BQJEI,Sacramento,95837,62,One year,Fiber optic,Bank transfer (automatic),92.3,5731.45,Yes,Yes,No,No,No,Yes,0.8935881578029372,0.10641184219706283,10.6,Low
9481-IEBZY,Nuevo,92567,72,Month-to-month,Fiber optic,Credit card (automatic),112.9,8061.5,Yes,Yes,Yes,Yes,Yes,Yes,0.8238750998112356,0.17612490018876434,17.6,Low
9481-SFCQY,Bass Lake,93604,14,Month-to-month,DSL,Credit card (automatic),59.8,824.85,No,No,Yes,No,Yes,No,0.8994318449730401,0.10056815502695997,10.1,Low
9481-WHGWY,Pleasanton,94588,70,Two year,DSL,Credit card (automatic),75.35,5437.75,Yes,No,No,Yes,Yes,Yes,0.99717613641279,0.0028238635872100196,0.3,Very low
9483-GCPWE,Earp,92242,9,One year,No,Mailed check,20.1,190.25,No,No,No,No,No,No,0.9815665605274135,0.018433439472586445,1.8,Very low
9488-FVZCC,Rialto,92376,72,Two year,DSL,Bank transfer (automatic),79.5,5661.7,Yes,Yes,Yes,Yes,No,Yes,0.996317021863427,0.0036829781365730293,0.4,Very low
9488-FYQAU,Artesia,90701,63,Two year,Fiber optic,Bank transfer (automatic),109.25,6841.4,No,Yes,Yes,Yes,Yes,Yes,0.8961785868722679,0.10382141312773205,10.4,Low
9489-DEDVP,Los Angeles,90044,70,Two year,DSL,Credit card (automatic),69.2,4872.35,Yes,Yes,No,No,Yes,No,0.9730888396850998,0.026911160314900106,2.7,Very low
9489-JMTTN,Hickman,95323,72,Two year,DSL,Credit card (automatic),89.75,6595.9,Yes,Yes,Yes,Yes,Yes,Yes,0.996726889544401,0.0032731104555989658,0.3,Very low
9489-UTFKA,Travis Afb,94535,8,Month-to-month,DSL,Bank transfer (automatic),60.9,551.95,Yes,No,No,No,Yes,No,0.6685288299953773,0.3314711700046226,33.1,Medium
9494-BDNNC,Los Angeles,90025,66,One year,Fiber optic,Electronic check,95.3,6273.4,No,Yes,Yes,No,No,Yes,0.8340159750246847,0.16598402497531523,16.6,Low
9494-MRNYX,Meadow Valley,95956,10,Month-to-month,Fiber optic,Electronic check,75.05,786.3,No,No,No,No,No,No,0.35869525597687535,0.6413047440231247,64.1,High
9495-REDIY,Calexico,92231,25,One year,DSL,Credit card (automatic),40.65,970.55,Yes,No,No,No,Yes,No,0.9586564988626153,0.04134350113738471,4.1,Very low
9495-SKLKD,Marysville,95901,45,Month-to-month,Fiber optic,Bank transfer (automatic),95.95,4456.65,No,Yes,Yes,No,No,Yes,0.8592298843357331,0.14077011566426684,14.1,Low
9496-IVVRP,Lake Elsinore,92532,11,Month-to-month,DSL,Bank transfer (automatic),51.0,581.7,Yes,No,No,No,No,No,0.939839289911432,0.06016071008856805,6.0,Very low
9498-FIMXL,Oceanside,92054,8,One year,No,Mailed check,19.2,161.95,No,No,No,No,No,No,0.878774236760042,0.12122576323995804,12.1,Low
9499-XPZXM,Burnt Ranch,95527,72,Two year,DSL,Bank transfer (automatic),64.75,4804.75,Yes,Yes,No,Yes,No,No,0.9898803484470245,0.010119651552975468,1.0,Very low
9500-IWPXQ,West Sacramento,95691,61,One year,DSL,Electronic check,79.4,4820.55,Yes,Yes,Yes,Yes,No,Yes,0.9865116912131646,0.01348830878683534,1.3,Very low
9500-LTVBP,Rancho Palos Verdes,90275,35,Month-to-month,Fiber optic,Credit card (automatic),80.05,2835.9,No,No,No,Yes,No,No,0.7377634496207204,0.2622365503792797,26.2,Medium
9500-WBGRP,Danville,94526,69,Two year,No,Mailed check,19.1,1268.85,No,No,No,No,No,No,0.9899023195411923,0.010097680458807635,1.0,Very low
9501-UKKNL,Diamond Bar,91765,59,Month-to-month,DSL,Electronic check,51.7,3005.8,No,No,No,Yes,Yes,Yes,0.7702772764467851,0.22972272355321494,23.0,Low
9503-XJUME,Bolinas,94924,52,One year,No,Credit card (automatic),19.65,928.4,No,No,No,No,No,No,0.9962171527760855,0.0037828472239145126,0.4,Very low
9504-DSHWM,Litchfield,96117,20,Month-to-month,DSL,Bank transfer (automatic),59.2,1191.2,Yes,No,No,Yes,No,No,0.8447828787963205,0.15521712120367948,15.5,Low
9504-YAZWB,Mountain Center,92561,53,Two year,No,Mailed check,20.25,1048.45,No,No,No,No,No,No,0.9880719163211796,0.01192808367882039,1.2,Very low
9505-SQFSW,Tehachapi,93561,3,Month-to-month,DSL,Mailed check,40.3,92.5,No,Yes,No,No,No,Yes,0.7968856333883642,0.20311436661163582,20.3,Low
9506-UXUSK,San Jose,95116,13,Month-to-month,Fiber optic,Electronic check,70.15,931.75,No,No,No,No,No,No,0.3790359733928055,0.6209640266071945,62.1,High
9507-HSMMZ,Thousand Oaks,91362,54,Two year,No,Mailed check,20.0,1149.65,No,No,No,No,No,No,0.9882966537799805,0.011703346220019471,1.2,Very low
9508-ILZDG,Dillon Beach,94929,34,Month-to-month,Fiber optic,Electronic check,96.35,3190.25,No,Yes,No,Yes,Yes,No,0.5039061050712708,0.4960938949287293,49.6,High
9509-MPYOD,Newcastle,95658,35,One year,No,Mailed check,20.75,700.45,No,No,No,No,No,No,0.9624765390739107,0.03752346092608931,3.8,Very low
9512-PHSMG,Merced,95340,10,Month-to-month,No,Mailed check,20.55,252.75,No,No,No,No,No,No,0.7370840118636535,0.2629159881363466,26.3,Medium
9513-DXHDA,Auburn,95603,27,One year,DSL,Electronic check,81.7,2212.55,Yes,No,Yes,Yes,Yes,Yes,0.8906562357033065,0.1093437642966934,10.9,Low
9518-IMLHK,Sacramento,95820,31,Month-to-month,DSL,Bank transfer (automatic),72.45,2156.25,Yes,Yes,Yes,Yes,Yes,No,0.8683977800832293,0.13160221991677065,13.2,Low
9518-XXBXE,Patterson,95363,10,Month-to-month,Fiber optic,Electronic check,75.3,720.45,Yes,No,No,No,No,No,0.4562187850822885,0.5437812149177115,54.4,High
9522-BNTHX,Caliente,93518,34,Month-to-month,DSL,Electronic check,56.25,1765.95,No,Yes,Yes,No,Yes,Yes,0.5380086217051949,0.4619913782948051,46.2,High
9522-ZSINC,Santa Rosa,95409,13,One year,No,Electronic check,19.95,253.8,No,No,No,No,No,No,0.8655458299271774,0.13445417007282257,13.4,Low
9529-OFXHY,Elk Creek,95939,15,Month-to-month,Fiber optic,Bank transfer (automatic),87.75,1242.2,Yes,No,No,No,Yes,No,0.4209510304167947,0.5790489695832053,57.9,High
9530-GRMJG,Whittier,90601,70,Two year,DSL,Electronic check,84.1,5979.7,No,Yes,Yes,Yes,Yes,Yes,0.9888874318400511,0.011112568159948861,1.1,Very low
9531-NSBMR,Mendocino,95460,36,One year,No,Bank transfer (automatic),19.25,679.8,No,No,No,No,No,No,0.9535312005685226,0.046468799431477456,4.6,Very low
9534-NSXEM,Watsonville,95076,26,One year,No,Credit card (automatic),20.65,595.5,No,No,No,No,No,No,0.938427912376358,0.061572087623642004,6.2,Very low
9537-JALFH,Imperial,92251,69,Two year,No,Bank transfer (automatic),19.9,1356.7,No,No,No,No,No,No,0.9983004991377943,0.0016995008622056947,0.2,Very low
9537-VHDTA,Corona,92879,1,Month-to-month,DSL,Mailed check,51.2,51.2,Yes,No,No,No,No,No,0.9306512338708396,0.06934876612916038,6.9,Very low
9541-PWTWO,Willow Creek,95573,52,Two year,DSL,Bank transfer (automatic),80.95,4233.95,No,No,Yes,Yes,Yes,Yes,0.9440072317022864,0.05599276829771356,5.6,Very low
9541-ZPSEA,San Andreas,95249,68,Two year,Fiber optic,Credit card (automatic),80.35,5375.15,Yes,No,Yes,No,No,No,0.9943014845157254,0.005698515484274629,0.6,Very low
9544-PYPSJ,El Cajon,92020,62,Month-to-month,Fiber optic,Credit card (automatic),96.1,6019.35,No,Yes,Yes,No,No,Yes,0.9188324716218069,0.08116752837819304,8.1,Very low
9546-KDTRB,Pasadena,91106,19,Month-to-month,No,Bank transfer (automatic),24.7,465.85,No,No,No,No,No,No,0.8492606741719736,0.15073932582802638,15.1,Low
9547-ITEFG,San Diego,92105,9,Month-to-month,Fiber optic,Credit card (automatic),102.6,897.75,No,Yes,Yes,No,Yes,Yes,0.589252096144477,0.41074790385552296,41.1,Medium
9548-LERKT,Willows,95988,24,Two year,No,Mailed check,19.75,483.15,No,No,No,No,No,No,0.9586664500795259,0.041333549920474146,4.1,Very low
9548-LIGTA,Tustin,92780,61,Two year,DSL,Mailed check,81.05,4747.65,Yes,Yes,No,Yes,Yes,Yes,0.9715300865326054,0.028469913467394532,2.8,Very low
9548-ZMVTX,Visalia,93292,72,Two year,Fiber optic,Bank transfer (automatic),90.45,6565.85,No,Yes,Yes,Yes,No,No,0.993140307287645,0.006859692712354952,0.7,Very low
9552-TGUZV,Upland,91784,8,Month-to-month,Fiber optic,Mailed check,75.0,658.1,Yes,No,No,No,No,No,0.4246448347821775,0.5753551652178225,57.5,High
9553-DLCLU,Stockton,95204,13,Two year,DSL,Credit card (automatic),88.95,1161.75,Yes,Yes,Yes,Yes,Yes,Yes,0.9166435218363324,0.08335647816366769,8.3,Very low
9554-DFKIC,Villa Park,92861,30,Month-to-month,DSL,Bank transfer (automatic),54.45,1588.7,Yes,No,No,No,No,No,0.9356061626009857,0.06439383739901423,6.4,Very low
9555-SAHUZ,Kernville,93238,38,Month-to-month,DSL,Electronic check,54.5,2076.05,Yes,Yes,No,No,No,No,0.9674857094034228,0.03251429059657719,3.3,Very low
9558-IHEZX,Litchfield,96117,71,Two year,Fiber optic,Credit card (automatic),106.75,7283.25,Yes,Yes,Yes,No,Yes,Yes,0.9423595935488838,0.05764040645111622,5.8,Very low
9560-BBZXK,Whittier,90605,36,Two year,DSL,Bank transfer (automatic),31.05,1126.35,Yes,No,No,No,No,No,0.9555447351041748,0.04445526489582523,4.4,Very low
9565-AXSMR,Greenfield,93927,52,Two year,No,Mailed check,19.2,1054.75,No,No,No,No,No,No,0.9966825552199591,0.003317444780040932,0.3,Very low
9565-FLVCG,Lamont,93241,65,Two year,DSL,Mailed check,69.55,4459.15,Yes,Yes,No,No,No,Yes,0.9636534352822343,0.03634656471776569,3.6,Very low
9570-KYEUA,Casmalia,93429,64,Two year,Fiber optic,Credit card (automatic),99.25,6549.45,Yes,No,Yes,Yes,No,Yes,0.9682735613332382,0.031726438666761884,3.2,Very low
9571-EDEBV,San Diego,92119,71,One year,Fiber optic,Credit card (automatic),98.65,6962.85,No,No,Yes,No,Yes,Yes,0.8106264358095824,0.18937356419041765,18.9,Low
9572-WUKSB,South Pasadena,91030,3,Month-to-month,DSL,Electronic check,29.9,92.25,No,No,No,Yes,No,No,0.4011980243341565,0.5988019756658435,59.9,High
9574-BOSMD,Arvin,93203,68,Two year,No,Bank transfer (automatic),25.4,1620.2,No,No,No,No,No,No,0.9975278899544746,0.0024721100455253973,0.2,Very low
9575-IWCAZ,Valencia,91354,6,One year,No,Mailed check,25.1,171.0,No,No,No,No,No,No,0.8361258002435996,0.1638741997564004,16.4,Low
9576-SYUHJ,Long Beach,90815,37,Month-to-month,Fiber optic,Electronic check,91.15,3369.25,Yes,No,No,No,Yes,No,0.5125093390035566,0.48749066099644345,48.7,High
9577-WJVCQ,West Covina,91790,68,Month-to-month,DSL,Mailed check,54.45,3687.75,Yes,No,No,No,No,No,0.9473127309452699,0.05268726905473014,5.3,Very low
9578-FOMUK,Santa Clara,95054,15,Month-to-month,No,Electronic check,24.8,324.15,No,No,No,No,No,No,0.9222108080269475,0.07778919197305251,7.8,Very low
9581-GVBXT,Santa Maria,93455,59,One year,DSL,Mailed check,34.8,1980.3,Yes,No,Yes,No,No,No,0.9892005772986576,0.010799422701342386,1.1,Very low
9584-EXCDZ,San Francisco,94103,17,Month-to-month,Fiber optic,Bank transfer (automatic),70.5,1165.6,No,No,No,No,No,No,0.5943219555021872,0.40567804449781275,40.6,Medium
9585-KKMFD,San Miguel,93451,41,Two year,No,Mailed check,20.0,879.8,No,No,No,No,No,No,0.9931715169595706,0.006828483040429414,0.7,Very low
9586-JGQKH,Cathedral City,92234,64,Two year,Fiber optic,Bank transfer (automatic),105.4,6794.75,No,Yes,No,Yes,Yes,Yes,0.8975059273552239,0.10249407264477607,10.2,Low
9588-OZDMQ,Tollhouse,93667,2,Month-to-month,DSL,Electronic check,45.0,89.75,No,No,No,No,No,No,0.4332273491593335,0.5667726508406665,56.7,High
9588-YRFHY,Santee,92071,49,Two year,No,Credit card (automatic),19.9,1022.6,No,No,No,No,No,No,0.9831185090314563,0.016881490968543793,1.7,Very low
9589-ABEPT,El Segundo,90245,69,Two year,Fiber optic,Mailed check,92.45,6460.55,No,Yes,No,Yes,Yes,No,0.9235172679589516,0.07648273204104844,7.6,Very low
9591-YVTEB,National City,91950,55,Month-to-month,DSL,Electronic check,44.85,2479.05,Yes,Yes,No,No,Yes,No,0.8115025503829795,0.18849744961702056,18.8,Low
9592-ERDKV,Mc Farland,93250,37,One year,DSL,Mailed check,79.25,2911.8,Yes,No,Yes,No,Yes,Yes,0.8514469920230318,0.14855300797696827,14.9,Low
9593-CVZKR,Los Angeles,90025,56,Two year,No,Mailed check,24.45,1385.85,No,No,No,No,No,No,0.9942735341128369,0.00572646588716308,0.6,Very low
9602-WCXPI,Hemet,92544,50,One year,No,Credit card (automatic),20.15,989.05,No,No,No,No,No,No,0.9799003519859913,0.020099648014008663,2.0,Very low
9603-OAIHC,Palmdale,93551,1,Month-to-month,Fiber optic,Electronic check,70.05,70.05,No,No,No,No,No,No,0.2851016623970377,0.7148983376029623,71.5,Very high
9605-WGJVW,Stockton,95204,1,Month-to-month,Fiber optic,Electronic check,70.2,70.2,No,No,No,No,No,No,0.28804394049935356,0.7119560595006464,71.2,Very high
9609-BENEA,Chula Vista,91914,35,One year,DSL,Electronic check,69.0,2441.7,No,Yes,No,Yes,Yes,No,0.7976504987309117,0.2023495012690884,20.2,Low
9610-WCESF,Sacramento,95828,67,Two year,DSL,Electronic check,43.9,3097.2,Yes,No,No,Yes,Yes,No,0.9774708828726901,0.022529117127309907,2.3,Very low
9617-INGJY,Manhattan Beach,90266,1,Month-to-month,Fiber optic,Mailed check,70.6,70.6,No,No,No,No,No,No,0.34869646426253953,0.6513035357374605,65.1,Very high
9617-UDPEU,Loyalton,96118,22,One year,No,Mailed check,19.25,412.55,No,No,No,No,No,No,0.9206949912044493,0.07930500879555073,7.9,Very low
9618-LFJRU,Inglewood,90303,4,Month-to-month,No,Credit card (automatic),20.45,82.85,No,No,No,No,No,No,0.8347242412103572,0.16527575878964287,16.5,Low
9619-GSATL,Dos Rios,95429,43,One year,DSL,Electronic check,55.45,2444.25,No,Yes,No,Yes,No,No,0.9491125018651557,0.050887498134844326,5.1,Very low
9620-ENEJV,Vina,96092,6,Month-to-month,Fiber optic,Credit card (automatic),70.55,433.95,No,No,No,No,No,No,0.5162990921154953,0.48370090788450465,48.4,High
9620-QJREV,Weldon,93283,47,One year,No,Credit card (automatic),20.55,1013.05,No,No,No,No,No,No,0.9778133889629951,0.022186611037004925,2.2,Very low
9621-OUPYD,Lancaster,93536,25,One year,No,Bank transfer (automatic),20.2,507.9,No,No,No,No,No,No,0.9143781441473839,0.08562185585261609,8.6,Very low
9624-EGDEQ,Palo Alto,94304,37,Two year,No,Mailed check,19.8,813.3,No,No,No,No,No,No,0.97973975952175,0.020260240478250043,2.0,Very low
9625-QNLUX,San Jose,95138,68,Two year,Fiber optic,Credit card (automatic),103.25,7074.4,Yes,Yes,Yes,No,Yes,Yes,0.987347080383047,0.012652919616952998,1.3,Very low
9625-RZFUK,Alameda,94502,63,Two year,No,Mailed check,19.7,1275.85,No,No,No,No,No,No,0.9977062545603473,0.0022937454396526795,0.2,Very low
9626-VFRGG,Susanville,96130,41,Month-to-month,Fiber optic,Bank transfer (automatic),88.5,3645.05,No,Yes,No,No,Yes,No,0.8730512944311482,0.1269487055688518,12.7,Low
9626-WEQRM,Cedarville,96104,4,Month-to-month,DSL,Mailed check,29.15,110.05,Yes,No,No,No,No,No,0.5587976046405252,0.44120239535947475,44.1,Medium
9629-NHXFW,Downey,90241,1,Month-to-month,No,Mailed check,19.4,19.4,No,No,No,No,No,No,0.9127410175637345,0.08725898243626547,8.7,Very low
9631-RXVJM,San Francisco,94102,35,Two year,No,Mailed check,19.25,677.9,No,No,No,No,No,No,0.9780534869844175,0.021946513015582425,2.2,Very low
9631-XEYKE,Rialto,92377,3,Month-to-month,DSL,Bank transfer (automatic),50.4,137.25,No,No,No,No,No,No,0.6030730839121734,0.39692691608782654,39.7,Medium
9633-DENPU,Long Beach,90804,47,Month-to-month,DSL,Bank transfer (automatic),58.6,2723.4,No,Yes,No,No,Yes,No,0.8073761989626744,0.19262380103732557,19.3,Low
9633-XQABV,Los Banos,93635,3,Month-to-month,Fiber optic,Electronic check,70.25,229.7,No,No,No,No,No,No,0.3066885747267314,0.6933114252732686,69.3,Very high
9637-CDTKZ,Panorama City,91402,72,Two year,Fiber optic,Credit card (automatic),114.1,8086.4,Yes,Yes,Yes,Yes,Yes,Yes,0.9461317407304458,0.053868259269554186,5.4,Very low
9638-JIQYA,Ballico,95303,2,Month-to-month,DSL,Credit card (automatic),24.9,49.7,No,No,No,No,No,No,0.48450532880842145,0.5154946711915785,51.5,High
9639-BUJXT,Santee,92071,63,One year,No,Mailed check,20.5,1328.15,No,No,No,No,No,No,0.9848137211711085,0.015186278828891463,1.5,Very low
9640-ZSLDC,Lagunitas,94938,53,One year,DSL,Credit card (automatic),60.6,3297.0,No,No,Yes,No,No,Yes,0.9870515169808747,0.012948483019125273,1.3,Very low
9643-AVVWI,Los Angeles,90003,3,Month-to-month,Fiber optic,Electronic check,80.0,241.3,No,Yes,No,Yes,No,No,0.723813712248015,0.27618628775198495,27.6,Medium
9643-YBLUR,West Covina,91791,9,Month-to-month,DSL,Credit card (automatic),69.05,653.95,No,Yes,Yes,No,No,Yes,0.47388849842078984,0.5261115015792102,52.6,High
9644-KVCNC,Fountain Valley,92708,66,One year,Fiber optic,Bank transfer (automatic),92.15,6056.9,No,No,Yes,No,Yes,No,0.8576674635476178,0.14233253645238225,14.2,Low
9644-UMGQA,Penn Valley,95946,6,Month-to-month,DSL,Electronic check,49.15,295.65,Yes,No,No,No,No,No,0.8628950593302991,0.13710494066970086,13.7,Low
9646-NMHXE,San Geronimo,94963,47,Two year,No,Mailed check,19.65,973.1,No,No,No,No,No,No,0.9804986776517386,0.01950132234826144,2.0,Very low
9648-BCHKM,Palmdale,93550,18,Two year,No,Credit card (automatic),24.65,471.35,No,No,No,No,No,No,0.9825465893505934,0.017453410649406642,1.7,Very low
9650-VBUOG,Tranquillity,93668,38,Two year,No,Credit card (automatic),25.05,963.95,No,No,No,No,No,No,0.9935960400259066,0.006403959974093412,0.6,Very low
9659-QEQSY,Los Angeles,90018,45,Month-to-month,Fiber optic,Electronic check,115.65,5125.5,Yes,Yes,Yes,Yes,Yes,Yes,0.6293505956449627,0.37064940435503735,37.1,Medium
9659-ZTWSM,Los Angeles,90013,66,One year,Fiber optic,Bank transfer (automatic),107.35,7051.95,No,Yes,Yes,Yes,Yes,Yes,0.8393248486980698,0.16067515130193027,16.1,Low
9661-JALZV,Atascadero,93422,58,Two year,No,Credit card (automatic),24.7,1519.0,No,No,No,No,No,No,0.9827032290724428,0.01729677092755722,1.7,Very low
9667-TKTVZ,Los Osos,93402,2,Month-to-month,DSL,Mailed check,54.35,117.05,No,No,No,Yes,No,No,0.569670866782609,0.43032913321739097,43.0,Medium
9668-PUGNU,Big Sur,93920,71,Two year,No,Electronic check,24.5,1816.2,No,No,No,No,No,No,0.9771371243293666,0.02286287567063342,2.3,Very low
9670-BPNXF,Glennville,93226,45,One year,DSL,Credit card (automatic),62.55,2796.45,Yes,Yes,No,Yes,No,No,0.9686578750389279,0.03134212496107217,3.1,Very low
9674-EHPPG,Berkeley,94707,46,Two year,DSL,Credit card (automatic),40.4,1842.7,Yes,No,Yes,Yes,No,No,0.9711092498172671,0.028890750182732957,2.9,Very low
9675-ICXCT,El Cajon,92021,72,Two year,DSL,Electronic check,80.8,5728.55,Yes,No,Yes,Yes,Yes,Yes,0.9717935779875119,0.028206422012488182,2.8,Very low
9677-AVKED,La Verne,91750,53,One year,DSL,Electronic check,84.6,4449.75,No,Yes,Yes,Yes,Yes,Yes,0.9745998074893797,0.025400192510620336,2.5,Very low
9680-NIAUV,West Hills,91307,72,Two year,Fiber optic,Credit card (automatic),109.7,8129.3,Yes,Yes,Yes,No,Yes,Yes,0.9478539471823101,0.05214605281768996,5.2,Very low
9681-KYGYB,Kelseyville,95451,49,Month-to-month,Fiber optic,Electronic check,88.2,4159.45,Yes,Yes,Yes,No,No,No,0.6377480482565315,0.36225195174346847,36.2,Medium
9688-YGXVR,Salida,95368,44,Month-to-month,Fiber optic,Credit card (automatic),88.15,3973.2,No,Yes,Yes,No,Yes,No,0.695132939703599,0.304867060296401,30.5,Medium
9691-HKOVS,San Jose,95125,55,One year,DSL,Electronic check,90.15,4916.95,Yes,Yes,Yes,Yes,Yes,Yes,0.8984984864784205,0.10150151352157957,10.2,Low
9693-XMUOB,Palo Alto,94304,59,Month-to-month,DSL,Electronic check,50.25,2997.45,No,Yes,No,No,Yes,Yes,0.6629754457145104,0.3370245542854896,33.7,Medium
9695-IDRZR,Greenville,95947,34,Two year,Fiber optic,Credit card (automatic),116.15,3946.9,Yes,Yes,Yes,Yes,Yes,Yes,0.9708138460267636,0.029186153973236435,2.9,Very low
9696-RMYBA,Los Angeles,90003,5,Month-to-month,Fiber optic,Mailed check,80.1,398.55,No,No,No,No,Yes,No,0.3141866659942877,0.6858133340057123,68.6,Very high
9699-UBQFS,Los Angeles,90065,43,Month-to-month,Fiber optic,Electronic check,94.5,4156.8,Yes,Yes,No,No,Yes,No,0.5171089150605042,0.48289108493949584,48.3,High
9700-ISPUP,Valley Center,92082,10,Month-to-month,DSL,Electronic check,65.5,616.9,No,Yes,No,Yes,No,Yes,0.8577181214721656,0.14228187852783433,14.2,Low
9700-ZCLOT,Claremont,91711,2,Month-to-month,No,Mailed check,20.0,32.7,No,No,No,No,No,No,0.7999229118288916,0.20007708817110834,20.0,Low
9701-CDXHR,Apple Valley,92307,51,Month-to-month,Fiber optic,Mailed check,69.15,3649.6,No,No,No,No,No,No,0.758403321865571,0.24159667813442898,24.2,Low
9702-AIUJO,Santa Paula,93060,50,One year,DSL,Bank transfer (automatic),44.8,2230.85,No,No,No,No,No,No,0.9829843389091176,0.017015661090882362,1.7,Very low
9705-IOVQQ,Huntington Park,90255,61,One year,Fiber optic,Electronic check,99.0,5969.3,No,Yes,No,No,Yes,Yes,0.9390005554639848,0.060999444536015295,6.1,Very low
9705-ZJBCG,Frazier Park,93222,13,One year,DSL,Bank transfer (automatic),54.15,701.05,Yes,No,No,Yes,No,No,0.97987935135523,0.02012064864477008,2.0,Very low
9708-HPXWZ,El Sobrante,94803,5,Month-to-month,DSL,Credit card (automatic),45.4,214.75,No,No,Yes,Yes,Yes,No,0.6074759554938596,0.3925240445061405,39.3,Medium
9708-KFDBY,Oceanside,92054,1,Month-to-month,No,Credit card (automatic),20.55,20.55,No,No,No,No,No,No,0.8181964817842037,0.18180351821579635,18.2,Low
9710-NJERN,Palm Desert,92260,39,Two year,No,Mailed check,20.15,826.0,No,No,No,No,No,No,0.9810330056722759,0.018966994327724092,1.9,Very low
9711-FJTBX,Pittsburg,94565,56,One year,Fiber optic,Mailed check,85.85,4793.8,No,Yes,Yes,Yes,No,No,0.9772022841608002,0.022797715839199786,2.3,Very low
9714-EDSUC,Alviso,95002,4,Month-to-month,Fiber optic,Mailed check,94.9,360.55,Yes,Yes,No,Yes,No,Yes,0.5053355714494598,0.4946644285505402,49.5,High
9715-SBVSU,Loma Linda,92354,14,Two year,DSL,Bank transfer (automatic),61.4,815.55,Yes,Yes,No,No,No,Yes,0.9739655564153362,0.026034443584663832,2.6,Very low
9715-WZCLW,Fontana,92335,71,Two year,Fiber optic,Electronic check,97.2,6910.3,Yes,No,No,No,Yes,Yes,0.9724850912656174,0.027514908734382566,2.8,Very low
9717-IOAAF,Rocklin,95677,27,Two year,No,Credit card (automatic),25.85,788.55,No,No,No,No,No,No,0.99006817503236,0.009931824967640042,1.0,Very low
9717-QEBGU,Leggett,95585,2,Month-to-month,Fiber optic,Electronic check,70.3,144.0,No,No,No,No,No,No,0.2965716019610458,0.7034283980389542,70.3,Very high
9720-JJJOR,San Ysidro,92173,41,One year,DSL,Bank transfer (automatic),60.3,2511.3,Yes,Yes,Yes,No,No,No,0.9327276787855223,0.06727232121447767,6.7,Very low
9730-DRTMJ,Coarsegold,93614,32,One year,DSL,Credit card (automatic),72.8,2333.05,Yes,No,No,Yes,Yes,No,0.8761754349565392,0.12382456504346084,12.4,Low
9732-EQMWY,Concord,94518,49,Month-to-month,Fiber optic,Electronic check,99.4,5025.0,No,Yes,Yes,No,Yes,Yes,0.5924531451119402,0.40754685488805975,40.8,Medium
9732-OUYRN,Union City,94587,49,One year,No,Credit card (automatic),19.0,918.7,No,No,No,No,No,No,0.9729974022769895,0.027002597723010474,2.7,Very low
9738-QLWTP,Santa Ysabel,92070,39,One year,Fiber optic,Electronic check,81.9,3219.75,No,No,Yes,Yes,No,No,0.8612122140852158,0.13878778591478422,13.9,Low
9739-JLPQJ,Long Beach,90822,72,Two year,Fiber optic,Credit card (automatic),117.5,8670.1,Yes,Yes,Yes,Yes,Yes,Yes,0.9922715891639916,0.007728410836008399,0.8,Very low
9741-YLNTD,Greenfield,93927,6,Month-to-month,Fiber optic,Bank transfer (automatic),87.95,522.35,No,No,No,Yes,No,Yes,0.3474039052560428,0.6525960947439572,65.3,Very high
9742-XOKTS,Santa Clara,95050,67,One year,Fiber optic,Electronic check,89.55,6038.55,Yes,Yes,No,Yes,No,No,0.9854910898323144,0.014508910167685574,1.5,Very low
9743-DQKQW,Escalon,95320,3,Month-to-month,DSL,Electronic check,25.1,79.8,No,No,No,No,No,No,0.47564338883155133,0.5243566111684487,52.4,High
9746-MDMBK,Manton,96059,47,One year,Fiber optic,Bank transfer (automatic),113.45,5317.8,Yes,Yes,Yes,Yes,Yes,Yes,0.9536516963576651,0.046348303642334915,4.6,Very low
9746-UGFAC,Carlotta,95528,22,One year,No,Bank transfer (automatic),20.85,450.65,No,No,No,No,No,No,0.9481342862878205,0.051865713712179504,5.2,Very low
9746-YKGXB,Sacramento,95838,52,One year,DSL,Bank transfer (automatic),44.25,2276.1,Yes,No,Yes,No,No,Yes,0.9839272103676149,0.016072789632385114,1.6,Very low
9750-BOOHV,Torrance,90501,32,One year,DSL,Mailed check,30.15,927.65,Yes,No,No,No,No,No,0.9061771452738199,0.09382285472618009,9.4,Very low
9752-ZNQUT,Visalia,93291,1,Month-to-month,DSL,Electronic check,48.6,48.6,No,Yes,No,No,No,No,0.5219688817978962,0.4780311182021037,47.8,High
9753-OYLBX,San Diego,92122,1,Month-to-month,No,Mailed check,20.5,20.5,No,No,No,No,No,No,0.7968245159733536,0.20317548402664645,20.3,Low
9754-CLVZW,Marysville,95901,26,Month-to-month,DSL,Credit card (automatic),38.85,1025.15,Yes,Yes,No,Yes,No,No,0.963132603396934,0.036867396603066004,3.7,Very low
9755-JHNMN,Bakersfield,93304,49,Two year,DSL,Bank transfer (automatic),67.4,3306.85,Yes,Yes,Yes,Yes,No,No,0.9884973774430112,0.011502622556988754,1.2,Very low
9758-MFWGD,Hawthorne,90250,48,One year,DSL,Bank transfer (automatic),29.9,1388.75,No,Yes,No,No,No,No,0.9812512370226313,0.018748762977368688,1.9,Very low
9761-XUJWD,Fresno,93650,5,Month-to-month,DSL,Bank transfer (automatic),65.6,339.9,No,Yes,No,Yes,No,Yes,0.6566994122905638,0.34330058770943617,34.3,Medium
9762-YAQAA,Seal Beach,90740,39,One year,Fiber optic,Credit card (automatic),81.4,3213.75,No,Yes,No,No,No,No,0.8403065392644227,0.15969346073557739,16.0,Low
9763-GRSKD,Los Angeles,90012,13,Month-to-month,DSL,Mailed check,49.95,587.45,Yes,No,No,No,No,No,0.9127406079599196,0.08725939204008035,8.7,Very low
9764-REAFF,Stonyford,95979,59,Two year,No,Bank transfer (automatic),18.4,1057.85,No,No,No,No,No,No,0.9882751976830695,0.011724802316930537,1.2,Very low
9766-HGEDE,Paradise,95969,17,One year,No,Mailed check,19.35,307.0,No,No,No,No,No,No,0.9134082878434607,0.0865917121565393,8.7,Very low
9767-FFLEM,Westmorland,92281,38,Month-to-month,Fiber optic,Credit card (automatic),69.5,2625.25,No,No,No,No,No,No,0.6839303299101162,0.31606967008988385,31.6,Medium
9769-TSBZE,Tupman,93276,70,Two year,DSL,Electronic check,66.0,4891.5,Yes,Yes,No,Yes,No,No,0.9976410709897722,0.0023589290102278165,0.2,Very low
9770-KXGQU,Moreno Valley,92555,53,One year,Fiber optic,Mailed check,98.6,5311.85,Yes,Yes,Yes,No,Yes,No,0.8900603333150214,0.10993966668497855,11.0,Low
9770-LXDBK,Los Angeles,90006,3,Month-to-month,No,Mailed check,20.4,63.15,No,No,No,No,No,No,0.8074994828328951,0.19250051716710492,19.3,Low
9773-PEQBZ,Lake Elsinore,92530,10,Month-to-month,Fiber optic,Electronic check,79.85,797.25,No,Yes,No,No,No,No,0.3837133746145571,0.6162866253854429,61.6,High
9774-NRNAU,Cabazon,92230,27,Month-to-month,DSL,Bank transfer (automatic),84.8,2309.55,No,Yes,Yes,Yes,Yes,Yes,0.6155444155655602,0.38445558443443983,38.4,Medium
9776-OJUZI,Lost Hills,93249,65,Month-to-month,Fiber optic,Bank transfer (automatic),95.45,6223.3,No,Yes,Yes,No,Yes,No,0.7527652836760952,0.2472347163239048,24.7,Low
9777-IQHWP,Greenfield,93927,64,Two year,Fiber optic,Bank transfer (automatic),93.4,5822.3,Yes,No,Yes,No,No,Yes,0.9874561081218509,0.01254389187814909,1.3,Very low
9777-WJJPR,Sacramento,95842,31,Month-to-month,Fiber optic,Credit card (automatic),88.65,2683.2,No,No,Yes,No,Yes,No,0.49894580947685796,0.501054190523142,50.1,High
9778-OGKQZ,Fresno,93727,72,Two year,DSL,Credit card (automatic),92.0,6782.15,Yes,Yes,Yes,Yes,Yes,Yes,0.976557496463452,0.023442503536548007,2.3,Very low
9779-DPNEJ,Nipton,92364,22,Month-to-month,Fiber optic,Electronic check,80.15,1790.65,No,No,No,No,No,Yes,0.7096740364198393,0.2903259635801607,29.0,Medium
9780-FKVVF,Firebaugh,93622,6,Month-to-month,DSL,Bank transfer (automatic),59.15,336.7,Yes,No,No,No,No,Yes,0.6475250043496324,0.35247499565036755,35.2,Medium
9782-LGXMC,Walnut Creek,94598,49,Month-to-month,DSL,Bank transfer (automatic),61.75,3024.15,Yes,No,Yes,Yes,No,No,0.9876511526931566,0.012348847306843404,1.2,Very low
9786-IJYDL,Redway,95560,35,Two year,Fiber optic,Mailed check,113.2,3914.05,Yes,Yes,Yes,Yes,Yes,Yes,0.8540363848318836,0.14596361516811643,14.6,Low
9786-YWNHU,Fontana,92336,63,Two year,DSL,Mailed check,63.55,4014.2,Yes,Yes,Yes,Yes,No,No,0.9978971657969111,0.0021028342030888435,0.2,Very low
9788-HNGUT,Cabazon,92230,72,Two year,Fiber optic,Credit card (automatic),116.95,8594.4,Yes,Yes,Yes,Yes,Yes,Yes,0.9461317407304458,0.053868259269554186,5.4,Very low
9788-YTFGE,Fortuna,95540,7,Month-to-month,No,Mailed check,19.95,147.5,No,No,No,No,No,No,0.7682772856106339,0.23172271438936612,23.2,Low
9793-WECQC,Foresthill,95631,23,Month-to-month,Fiber optic,Mailed check,95.3,2192.9,No,Yes,No,No,Yes,Yes,0.5053493439973479,0.4946506560026521,49.5,High
9795-NREXC,Stockton,95212,64,Two year,DSL,Credit card (automatic),85.0,5484.4,Yes,No,Yes,Yes,Yes,Yes,0.9666746071966835,0.03332539280331647,3.3,Very low
9795-SHUHB,The Sea Ranch,95497,66,Two year,DSL,Credit card (automatic),58.2,3810.8,Yes,Yes,No,Yes,No,No,0.9881221583723374,0.011877841627662538,1.2,Very low
9795-VOWON,Los Angeles,90016,7,One year,DSL,Credit card (automatic),24.35,150.85,No,No,No,No,No,No,0.6985563114789848,0.3014436885210153,30.1,Medium
9796-BPKIW,Redwood City,94063,8,Month-to-month,Fiber optic,Credit card (automatic),69.95,562.7,No,No,No,No,No,No,0.43554279082869607,0.5644572091713039,56.4,High
9796-MVYXX,Weldon,93283,14,Two year,DSL,Mailed check,39.7,692.35,Yes,No,Yes,Yes,No,No,0.9283698340676438,0.07163016593235613,7.2,Very low
9798-DRYDS,Huntington Beach,92648,17,One year,DSL,Mailed check,61.95,1070.7,No,No,Yes,Yes,No,No,0.7782635297155057,0.22173647028449425,22.2,Low
9798-OPFEM,Adin,96006,46,Two year,No,Electronic check,21.1,937.1,No,No,No,No,No,No,0.9721706071331147,0.027829392866885332,2.8,Very low
9799-CAYJJ,West Hills,91307,2,Month-to-month,Fiber optic,Electronic check,69.3,153.8,No,No,No,No,No,No,0.23970170344084452,0.7602982965591555,76.0,Very high
9800-ONTFE,Brooks,95606,22,Month-to-month,Fiber optic,Bank transfer (automatic),75.8,1615.1,No,No,No,No,No,No,0.7665969502927105,0.23340304970728956,23.3,Low
9800-OUIGR,Oakland,94607,66,Two year,No,Credit card (automatic),20.0,1374.2,No,No,No,No,No,No,0.99821792734249,0.0017820726575099308,0.2,Very low
9801-NOSHQ,Shingletown,96088,23,One year,No,Mailed check,19.8,465.45,No,No,No,No,No,No,0.9884098010218868,0.011590198978113149,1.2,Very low
9802-CAQUT,Coarsegold,93614,72,Two year,Fiber optic,Credit card (automatic),109.55,7887.25,Yes,Yes,Yes,No,Yes,Yes,0.9892241400275744,0.01077585997242559,1.1,Very low
9803-FTJCG,Playa Del Rey,90293,71,One year,DSL,Credit card (automatic),66.85,4748.7,Yes,Yes,No,Yes,No,No,0.9750657372305093,0.02493426276949071,2.5,Very low
9805-FILKB,Newberry Springs,92365,46,One year,No,Bank transfer (automatic),20.2,845.6,No,No,No,No,No,No,0.955226987780423,0.044773012219576934,4.5,Very low
9812-GHVRI,Clements,95227,40,Month-to-month,Fiber optic,Bank transfer (automatic),83.85,3532.25,No,No,No,No,No,Yes,0.6335755627901234,0.36642443720987666,36.6,Medium
9814-AOUDH,Arbuckle,95912,53,Two year,No,Credit card (automatic),19.5,1050.5,No,No,No,No,No,No,0.989589460343432,0.010410539656567986,1.0,Very low
9817-APLHW,Los Angeles,90034,12,Month-to-month,No,Electronic check,25.0,316.2,No,No,No,No,No,No,0.7517174880043954,0.2482825119956046,24.8,Low
9818-XQCUV,Dunsmuir,96025,2,Month-to-month,No,Mailed check,20.35,45.3,No,No,No,No,No,No,0.8022162574269737,0.19778374257302633,19.8,Low
9819-FBNSV,El Cajon,92019,37,Month-to-month,Fiber optic,Bank transfer (automatic),72.25,2575.45,No,No,No,No,No,No,0.5938322776546336,0.4061677223453663,40.6,Medium
9821-BESNZ,Northridge,91325,66,One year,Fiber optic,Electronic check,104.25,6860.6,No,Yes,No,Yes,Yes,Yes,0.8274694743169645,0.1725305256830355,17.3,Low
9822-BIIGN,Los Altos,94024,53,Month-to-month,DSL,Electronic check,71.85,3827.9,Yes,No,No,Yes,No,Yes,0.9707873144266278,0.02921268557337218,2.9,Very low
9822-OAOVB,Santa Maria,93455,1,Month-to-month,DSL,Electronic check,55.45,55.45,No,No,No,No,No,Yes,0.4291314278645466,0.5708685721354534,57.1,High
9822-WMWVG,Grand Terrace,92313,41,Month-to-month,Fiber optic,Electronic check,106.5,4282.4,Yes,Yes,Yes,Yes,Yes,No,0.6594818841042701,0.3405181158957299,34.1,Medium
9823-EALYC,Bakersfield,93301,72,Two year,DSL,Bank transfer (automatic),80.85,5727.45,Yes,Yes,Yes,Yes,Yes,No,0.996172324357796,0.003827675642203934,0.4,Very low
9824-QCJPK,Sacramento,95830,36,One year,No,Mailed check,20.0,666.75,No,No,No,No,No,No,0.9516963784597011,0.0483036215402989,4.8,Very low
9825-YCXWZ,Loma Mar,94021,41,One year,Fiber optic,Bank transfer (automatic),101.1,4016.2,No,No,Yes,Yes,Yes,Yes,0.7932001033441798,0.2067998966558202,20.7,Low
9828-QHFBK,Montgomery Creek,96065,24,Month-to-month,DSL,Electronic check,51.15,1275.7,Yes,No,No,No,No,No,0.751877412372469,0.24812258762753103,24.8,Low
9830-ECLEN,Winton,95388,58,One year,DSL,Mailed check,50.0,2919.85,Yes,Yes,Yes,No,Yes,No,0.9866207091727088,0.013379290827291196,1.3,Very low
9833-TGFHX,San Diego,92109,42,One year,Fiber optic,Electronic check,97.1,4016.75,Yes,No,No,No,Yes,Yes,0.6810747954611337,0.3189252045388663,31.9,Medium
9837-FWLCH,Palm Springs,92262,12,Month-to-month,No,Electronic check,19.2,239.0,No,No,No,No,No,No,0.9191365430746771,0.08086345692532293,8.1,Very low
9838-BFCQT,San Jose,95139,72,Two year,No,Mailed check,26.1,1851.45,No,No,No,No,No,No,0.9976149730266611,0.0023850269733388125,0.2,Very low
9839-ETQOE,Vista,92083,43,Month-to-month,DSL,Electronic check,40.45,1912.85,Yes,Yes,Yes,No,No,No,0.952901079081087,0.04709892091891297,4.7,Very low
9840-EFJQB,Sylmar,91342,1,Month-to-month,Fiber optic,Electronic check,74.35,74.35,No,Yes,No,No,No,No,0.39644279884459577,0.6035572011554042,60.4,High
9842-EFSYY,Markleeville,96120,4,Month-to-month,DSL,Mailed check,57.2,223.75,Yes,Yes,Yes,No,Yes,Yes,0.8062361625548062,0.19376383744519374,19.4,Low
9844-FELAJ,Sacramento,95833,70,One year,Fiber optic,Electronic check,107.9,7475.85,No,Yes,Yes,Yes,Yes,Yes,0.9548028571019351,0.04519714289806488,4.5,Very low
9845-PEEKO,Brookdale,95007,59,Two year,Fiber optic,Credit card (automatic),79.2,4590.35,No,Yes,No,No,No,No,0.9267033727258036,0.07329662727419635,7.3,Very low
9845-QOMAD,Long Beach,90814,14,One year,No,Mailed check,19.75,309.35,No,No,No,No,No,No,0.979369315842041,0.02063068415795903,2.1,Very low
9847-HNVGP,Monterey Park,91755,17,One year,No,Mailed check,19.95,310.6,No,No,No,No,No,No,0.9324306013562015,0.0675693986437985,6.8,Very low
9848-JQJTX,Venice,90291,72,Two year,Fiber optic,Bank transfer (automatic),100.9,7459.05,No,Yes,Yes,No,Yes,Yes,0.9161694049246805,0.08383059507531959,8.4,Very low
9853-JFZDU,Gold Run,95717,35,Month-to-month,DSL,Electronic check,56.85,1861.1,No,Yes,No,Yes,No,No,0.8374680060854027,0.16253199391459724,16.3,Low
9860-LISIZ,Palm Springs,92264,34,Month-to-month,No,Mailed check,20.35,673.2,No,No,No,No,No,No,0.922490069382484,0.07750993061751596,7.8,Very low
9861-PDSZP,Delano,93215,72,Two year,Fiber optic,Credit card (automatic),108.05,7806.6,No,Yes,Yes,Yes,Yes,Yes,0.9423870787615456,0.057612921238454406,5.8,Very low
9862-KJTYK,Newport Beach,92663,19,Month-to-month,DSL,Credit card (automatic),25.35,566.1,No,No,No,No,No,No,0.8937218493775041,0.10627815062249585,10.6,Low
9866-OCCKE,San Diego,92114,72,Two year,Fiber optic,Mailed check,109.75,8075.35,Yes,No,Yes,Yes,Yes,Yes,0.9307995130905673,0.06920048690943269,6.9,Very low
9867-JCZSP,Los Angeles,90045,17,One year,No,Mailed check,20.75,418.25,No,No,No,No,No,No,0.9134082878434607,0.0865917121565393,8.7,Very low
9867-NNXLC,Pacific Grove,93950,22,Month-to-month,No,Mailed check,20.05,470.2,No,No,No,No,No,No,0.8478187096744435,0.1521812903255565,15.2,Low
9867-XOBQA,Pasadena,91105,21,Two year,DSL,Mailed check,53.15,1183.2,Yes,Yes,Yes,Yes,Yes,No,0.9860143871296619,0.013985612870338048,1.4,Very low
9871-ELEYA,Del Rey,93616,34,Two year,DSL,Credit card (automatic),67.65,2339.3,Yes,No,Yes,Yes,Yes,No,0.9735268119987048,0.02647318800129521,2.6,Very low
9873-MNDKV,San Gregorio,94074,11,Month-to-month,DSL,Mailed check,44.65,472.25,No,No,No,No,No,No,0.6432861314077387,0.35671386859226123,35.7,Medium
9880-TDQAC,El Cajon,92021,72,Two year,DSL,Electronic check,60.0,4264.0,No,Yes,Yes,Yes,Yes,Yes,0.9430032949073412,0.05699670509265874,5.7,Very low
9881-VCZEP,San Jose,95126,25,Month-to-month,DSL,Electronic check,54.1,1373.0,No,Yes,No,No,No,No,0.6515272520340509,0.34847274796594907,34.8,Medium
9885-AIBVB,Newcastle,95658,29,Month-to-month,Fiber optic,Electronic check,85.8,2440.25,No,Yes,Yes,No,No,No,0.38845165352122446,0.6115483464787755,61.2,High
9885-MFVSU,Poway,92064,35,Two year,DSL,Credit card (automatic),46.35,1662.05,Yes,No,No,Yes,Yes,No,0.9237326235791841,0.07626737642081599,7.6,Very low
9888-ZCUMM,Los Angeles,90018,64,Two year,DSL,Bank transfer (automatic),60.05,3845.45,Yes,No,Yes,Yes,Yes,Yes,0.9916290402309067,0.008370959769093245,0.8,Very low
9891-NQDBD,Lake Forest,92630,28,One year,No,Mailed check,25.55,672.2,No,No,No,No,No,No,0.9156100418754294,0.08438995812457059,8.4,Very low
9894-QMIMJ,North Hollywood,91602,23,One year,DSL,Bank transfer (automatic),55.8,1327.85,No,Yes,Yes,No,No,No,0.9095441846809998,0.09045581531900018,9.0,Very low
9895-VFOXH,Scotia,95565,1,Month-to-month,DSL,Mailed check,24.4,24.4,No,No,No,No,No,No,0.5304999848283876,0.4695000151716124,47.0,High
9896-UYMIE,Valley Ford,94972,66,One year,Fiber optic,Bank transfer (automatic),114.3,7383.7,Yes,Yes,Yes,Yes,Yes,Yes,0.9110770574949623,0.0889229425050378,8.9,Very low
9903-LYSAB,Studio City,91604,18,Month-to-month,Fiber optic,Electronic check,73.15,1305.95,No,No,No,No,No,No,0.278810766653381,0.721189233346619,72.1,Very high
9904-EHEVJ,Bethel Island,94511,32,Month-to-month,Fiber optic,Mailed check,91.35,2896.55,No,No,Yes,No,Yes,No,0.7565566248222126,0.2434433751777873,24.3,Low
9906-NHHVC,Macdoel,96058,65,Two year,DSL,Bank transfer (automatic),53.5,3517.9,No,Yes,Yes,No,Yes,Yes,0.9462083772568292,0.053791622743170876,5.4,Very low
9909-DFRJA,Goodyears Bar,95944,26,One year,Fiber optic,Bank transfer (automatic),95.85,2475.35,Yes,No,Yes,Yes,No,Yes,0.820645187696721,0.17935481230327896,17.9,Low
9909-IDLEK,Malibu,90265,20,Month-to-month,Fiber optic,Mailed check,96.8,1826.7,No,Yes,No,Yes,Yes,No,0.8200386840784527,0.1799613159215473,18.0,Low
9912-OMZDS,Playa Del Rey,90293,59,One year,Fiber optic,Electronic check,106.15,6256.2,No,Yes,Yes,No,Yes,Yes,0.9142707020383776,0.0857292979616224,8.6,Very low
9916-AYHTC,Altadena,91001,48,Two year,No,Credit card (automatic),19.85,916.0,No,No,No,No,No,No,0.98770599764859,0.012294002351409983,1.2,Very low
9917-KWRBE,Anaheim,92808,41,One year,DSL,Credit card (automatic),78.35,3211.2,Yes,Yes,Yes,No,Yes,No,0.8874420128921667,0.11255798710783324,11.3,Low
9919-FZDED,Yucca Valley,92284,72,Two year,DSL,Credit card (automatic),84.1,5981.65,Yes,Yes,Yes,No,Yes,Yes,0.9668186907158333,0.0331813092841667,3.3,Very low
9919-KNPOO,La Mirada,90638,21,Month-to-month,Fiber optic,Electronic check,94.3,1948.35,No,No,No,No,Yes,Yes,0.19915670451283995,0.80084329548716,80.1,Very high
9919-YLNNG,Malibu,90263,42,Month-to-month,Fiber optic,Bank transfer (automatic),103.8,4327.5,No,Yes,Yes,Yes,Yes,Yes,0.6841528776662794,0.3158471223337206,31.6,Medium
9921-EZKBY,Tecopa,92389,33,Month-to-month,Fiber optic,Bank transfer (automatic),95.3,3275.15,Yes,No,Yes,No,No,Yes,0.8754122528409332,0.1245877471590668,12.5,Low
9921-QFQUL,Garden Valley,95633,23,Month-to-month,Fiber optic,Mailed check,90.15,2044.95,No,No,Yes,No,No,Yes,0.4045227881718698,0.5954772118281302,59.5,High
9924-JPRMC,Lockeford,95237,72,Two year,Fiber optic,Electronic check,118.2,8547.15,Yes,Yes,Yes,Yes,Yes,Yes,0.9384480803704799,0.06155191962952007,6.2,Very low
9926-PJHDQ,Kingsburg,93631,72,Two year,DSL,Bank transfer (automatic),76.8,5468.45,No,No,Yes,No,Yes,Yes,0.9468070649189456,0.05319293508105443,5.3,Very low
9927-DSWDF,Palos Verdes Peninsula,90274,22,Month-to-month,Fiber optic,Electronic check,104.6,2180.55,Yes,Yes,No,Yes,Yes,Yes,0.44543268971303573,0.5545673102869643,55.5,High
9928-BZVLZ,Sunset Beach,90742,12,Two year,DSL,Mailed check,49.85,552.1,Yes,No,Yes,Yes,No,Yes,0.9046936237400734,0.09530637625992654,9.5,Very low
9929-PLVPA,Capitola,95010,4,Month-to-month,No,Credit card (automatic),20.4,94.5,No,No,No,No,No,No,0.96227388790204,0.03772611209795991,3.8,Very low
9931-DCEZH,Roseville,95747,28,One year,DSL,Credit card (automatic),54.4,1516.6,No,Yes,No,Yes,No,No,0.9836256648008013,0.016374335199198675,1.6,Very low
9931-KGHOA,Santa Barbara,93103,46,Month-to-month,DSL,Bank transfer (automatic),55.0,2473.95,Yes,No,No,No,No,No,0.8770452342683279,0.12295476573167208,12.3,Low
9932-WBWIK,Lake Isabella,93240,11,Month-to-month,No,Mailed check,20.35,215.25,No,No,No,No,No,No,0.8440358566274592,0.15596414337254083,15.6,Low
9933-QRGTX,Windsor,95492,60,Two year,Fiber optic,Electronic check,97.2,5611.75,Yes,No,No,Yes,Yes,Yes,0.9061387984360276,0.09386120156397243,9.4,Very low
9938-EKRGF,Lewiston,96052,15,Month-to-month,DSL,Mailed check,84.45,1287.85,Yes,Yes,Yes,Yes,Yes,Yes,0.7947344182684859,0.20526558173151416,20.5,Low
9938-PRCVK,Stevenson Ranch,91381,41,Two year,No,Bank transfer (automatic),19.7,804.25,No,No,No,No,No,No,0.9957144126463368,0.004285587353663216,0.4,Very low
9938-TKDGL,Llano,93544,68,Two year,Fiber optic,Electronic check,99.55,6668.0,Yes,No,No,Yes,Yes,Yes,0.9843507795415336,0.015649220458466388,1.6,Very low
9938-ZREHM,Oxnard,93033,37,One year,DSL,Mailed check,72.1,2658.4,No,Yes,No,Yes,No,Yes,0.8914442316181228,0.10855576838187722,10.9,Low
9943-VSZUV,Alamo,94507,67,Month-to-month,Fiber optic,Mailed check,75.7,5060.85,No,No,No,No,No,No,0.7740965042435626,0.2259034957564374,22.6,Low
9944-AEXBM,Casmalia,93429,32,Month-to-month,Fiber optic,Bank transfer (automatic),85.65,2664.3,No,No,No,No,No,Yes,0.4771852712368583,0.5228147287631417,52.3,High
9945-PSVIP,Dulzura,91917,25,Two year,No,Mailed check,18.7,383.65,No,No,No,No,No,No,0.9885240441816148,0.011475955818385274,1.1,Very low
9950-MTGYX,San Jose,95139,28,Two year,No,Credit card (automatic),20.3,487.95,No,No,No,No,No,No,0.9909373452635133,0.009062654736486668,0.9,Very low
9953-ZMKSM,Pinole,94564,63,Two year,No,Mailed check,25.25,1559.3,No,No,No,No,No,No,0.9878354748867,0.012164525113300004,1.2,Very low
9955-QOPOY,Sunnyvale,94089,69,One year,DSL,Credit card (automatic),60.8,4263.4,No,Yes,Yes,Yes,Yes,Yes,0.9274732179064072,0.07252678209359277,7.3,Very low
9957-YODKZ,Canby,96015,6,Month-to-month,Fiber optic,Electronic check,80.8,457.1,No,No,Yes,No,No,No,0.204772527625262,0.795227472374738,79.5,Very high
9958-MEKUC,Pacifica,94044,72,Two year,Fiber optic,Credit card (automatic),103.95,7517.7,Yes,Yes,Yes,Yes,No,Yes,0.9941246955152894,0.005875304484710646,0.6,Very low
9959-WOFKT,Los Angeles,90019,71,Two year,Fiber optic,Bank transfer (automatic),106.7,7382.25,Yes,No,Yes,No,Yes,Yes,0.951411703591302,0.048588296408697974,4.9,Very low
9962-BFPDU,Kenwood,95452,1,Month-to-month,No,Mailed check,20.05,20.05,No,No,No,No,No,No,0.937201842849762,0.06279815715023794,6.3,Very low
9964-WBQDJ,West Hollywood,90069,71,Two year,No,Credit card (automatic),24.4,1725.4,No,No,No,No,No,No,0.9851391087929521,0.014860891207047904,1.5,Very low
9967-ATRFS,Calipatria,92233,19,Month-to-month,No,Mailed check,19.9,367.55,No,No,No,No,No,No,0.87783401242412,0.12216598757588004,12.2,Low
9968-FFVVH,Potter Valley,95469,63,One year,DSL,Bank transfer (automatic),68.8,4111.35,Yes,Yes,Yes,Yes,No,No,0.9820402200176459,0.01795977998235414,1.8,Very low
9970-QBCDA,March Air Reserve Base,92518,6,Month-to-month,No,Credit card (automatic),19.7,129.55,No,No,No,No,No,No,0.8437982830320593,0.1562017169679407,15.6,Low
9971-ZWPBF,Orinda,94563,34,Month-to-month,Fiber optic,Electronic check,108.9,3625.2,No,Yes,Yes,Yes,Yes,Yes,0.7485363977504436,0.2514636022495564,25.1,Medium
9972-EWRJS,Meadow Valley,95956,67,Two year,No,Bank transfer (automatic),19.25,1372.9,No,No,No,No,No,No,0.997445728461222,0.0025542715387779436,0.3,Very low
9972-NKTFD,Forest Ranch,95942,28,Month-to-month,DSL,Bank transfer (automatic),54.65,1517.5,No,Yes,No,Yes,No,No,0.8867771365883721,0.11322286341162795,11.3,Low
9972-VAFJJ,San Diego,92116,53,One year,Fiber optic,Electronic check,94.0,4871.45,No,Yes,Yes,Yes,Yes,No,0.8126195990616569,0.18738040093834307,18.7,Low
9974-JFBHQ,Del Rey,93616,64,Month-to-month,Fiber optic,Credit card (automatic),99.15,6171.2,No,Yes,No,Yes,Yes,Yes,0.958993915280862,0.04100608471913807,4.1,Very low
9975-GPKZU,Alameda,94501,46,Two year,No,Credit card (automatic),19.75,856.5,No,No,No,No,No,No,0.9965136341123875,0.003486365887612518,0.3,Very low
9975-SKRNR,Sierraville,96126,1,Month-to-month,No,Mailed check,18.9,18.9,No,No,No,No,No,No,0.7944846682045015,0.20551533179549855,20.6,Low
9978-HYCIN,Bakersfield,93301,47,One year,Fiber optic,Bank transfer (automatic),84.95,4018.05,No,Yes,No,No,Yes,No,0.947186694565145,0.05281330543485499,5.3,Very low
9979-RGMZT,Los Angeles,90022,7,One year,Fiber optic,Mailed check,94.05,633.45,No,Yes,No,No,Yes,Yes,0.46913634276512606,0.5308636572348739,53.1,High
9987-LUTYD,La Mesa,91941,13,One year,DSL,Mailed check,55.15,742.9,Yes,No,No,Yes,No,No,0.920610062824551,0.07938993717544901,7.9,Very low
9992-UJOEL,Elk,95432,2,Month-to-month,DSL,Mailed check,50.3,92.75,No,Yes,No,No,No,No,0.5938063807951837,0.4061936192048163,40.6,Medium
9993-LHIEB,Solana Beach,92075,67,Two year,DSL,Mailed check,67.85,4627.65,Yes,No,Yes,Yes,No,Yes,0.986476927672071,0.013523072327929027,1.4,Very low
9995-HOTOH,Sierra City,96125,63,Two year,DSL,Electronic check,59.0,3707.6,Yes,Yes,Yes,No,Yes,Yes,0.9467210649598433,0.05327893504015672,5.3,Very low
